source,target,sign,source_db,confidence
AATF,TPT1,1,gold_standard,
AATF,TRP53,1,gold_standard,
AES,IHH,1,gold_standard,
AHR,GATA4,-1,gold_standard,
AHR,IL6,-1,gold_standard,
AHR,NQO1,1,gold_standard,
AHR,VAV3,1,gold_standard,
APBB1,LRP1,-1,gold_standard,
APC,MYC,-1,gold_standard,
APC,SPP1,1,gold_standard,
APC,TCF4,1,gold_standard,
APC,TRP53,-1,gold_standard,
APEX1,NFKB1,1,gold_standard,
APEX1,RELA,1,gold_standard,
ARL6IP5,PARP1,-1,gold_standard,
ARL6IP5,XRCC1,1,gold_standard,
ARNTL,BHLHE40,1,gold_standard,
ARNTL,NFE2L2,-1,gold_standard,
ARNTL,PER1,1,gold_standard,
ARNTL,PER2,1,gold_standard,
ARNTL,VWF,-1,gold_standard,
ATF1,HSPA5,1,gold_standard,
ATF2,CCND1,1,gold_standard,
ATF2,CEBPA,1,gold_standard,
ATF2,ENTPD1,1,gold_standard,
ATF2,FOS,1,gold_standard,
ATF2,GABRB3,1,gold_standard,
ATF2,INS2,1,gold_standard,
ATF2,RELA,1,gold_standard,
ATF2,RHOB,1,gold_standard,
ATF3,ATF3,-1,gold_standard,
ATF3,CCND1,1,gold_standard,
ATF3,IL6,-1,gold_standard,
ATF3,SORT1,-1,gold_standard,
ATF3,TNFRSF10B,1,gold_standard,
ATF4,CDKN1A,1,gold_standard,
ATF4,CDKN1B,1,gold_standard,
ATF4,DDR2,1,gold_standard,
ATF4,HSPA5,1,gold_standard,
ATF4,IL6,1,gold_standard,
ATF4,SPHK2,1,gold_standard,
ATF6,HSPA5,1,gold_standard,
ATF6,WBP1,1,gold_standard,
ATM,CDKN1A,-1,gold_standard,
ATM,TRP53,1,gold_standard,
BACH1,HMOX1,-1,gold_standard,
BACH1,TRP53,-1,gold_standard,
BACH2,PRDM1,-1,gold_standard,
BCL3,NFKB1,-1,gold_standard,
BCL3,TNF,-1,gold_standard,
BCL3,TNFAIP3,1,gold_standard,
BMI1,CDKN1A,-1,gold_standard,
BMI1,CDKN2A,1,gold_standard,
BMI1,CDKN2D,-1,gold_standard,
BMI1,E4F1,1,gold_standard,
BMI1,HMGA2,-1,gold_standard,
BMI1,NANOG,1,gold_standard,
BMI1,NFKB1,1,gold_standard,
BRCA1,AKT1,1,gold_standard,
BRCA1,CDKN1A,1,gold_standard,
BRCA1,HMGA2,-1,gold_standard,
BRCA1,MAD2L1,1,gold_standard,
BRCA1,MDM2,1,gold_standard,
BRCA1,RAD51,1,gold_standard,
BRCA1,SIRT1,1,gold_standard,
BRCA1,TPT1,1,gold_standard,
BRCA2,CDKN1A,-1,gold_standard,
BTG2,CREB1,1,gold_standard,
CBX6,CCNE1,-1,gold_standard,
CCND1,CDKN2A,1,gold_standard,
CEBPA,AMELX,1,gold_standard,
CEBPA,CFLAR,1,gold_standard,
CEBPA,CLU,1,gold_standard,
CEBPA,CRABP2,-1,gold_standard,
CEBPA,LPIN1,1,gold_standard,
CEBPA,NFKB1,1,gold_standard,
CEBPA,SLC2A4,1,gold_standard,
CEBPB,CEBPA,1,gold_standard,
CEBPB,CLU,1,gold_standard,
CEBPB,FOS,1,gold_standard,
CEBPB,FOXF1,1,gold_standard,
CEBPB,H2-K1,1,gold_standard,
CEBPB,MYC,-1,gold_standard,
CEBPB,RUNX2,-1,gold_standard,
CEBPG,CEBPA,-1,gold_standard,
CEBPG,CEBPB,-1,gold_standard,
CEBPZ,HSPA1B,1,gold_standard,
CHD4,ID2,-1,gold_standard,
CHD4,JUN,-1,gold_standard,
CHD4,NGFR,-1,gold_standard,
CHD7,JAG1,1,gold_standard,
CHD7,SOX4,1,gold_standard,
CHD8,STAT3,-1,gold_standard,
CHD8,TCF4,-1,gold_standard,
CITED2,CEBPA,1,gold_standard,
CITED2,LDHB,1,gold_standard,
CITED2,PDK2,1,gold_standard,
CITED2,PDK4,1,gold_standard,
CITED2,SMAD3,1,gold_standard,
CITED2,WNT4,1,gold_standard,
CLOCK,BHLHE40,1,gold_standard,
CLOCK,CRY1,1,gold_standard,
CLOCK,CRY2,1,gold_standard,
CLOCK,NAMPT,1,gold_standard,
CLOCK,PER1,1,gold_standard,
CLOCK,PER2,1,gold_standard,
CLOCK,SERPINE2,1,gold_standard,
CNOT7,TOB1,1,gold_standard,
CREB1,ENTPD1,1,gold_standard,
CREB1,ETV3,1,gold_standard,
CREB1,FOS,1,gold_standard,
CREB1,HSPA5,1,gold_standard,
CREB1,MIF,1,gold_standard,
CREB1,MITF,1,gold_standard,
CREB1,NOCT,1,gold_standard,
CREB1,SLC20A1,1,gold_standard,
CREB1,SLC2A3,1,gold_standard,
CREB3,HERPUD1,1,gold_standard,
CREB3L3,SMURF1,1,gold_standard,
CREB3L4,EDEM1,1,gold_standard,
CREBBP,BIRC5,1,gold_standard,
CREBBP,CREBBP,-1,gold_standard,
CREBBP,CRYAB,1,gold_standard,
CREBBP,FOS,1,gold_standard,
CREBBP,FTH1,-1,gold_standard,
CREBBP,HMOX1,1,gold_standard,
CREBBP,HINFP,1,gold_standard,
CREBBP,MT1,1,gold_standard,
CREBBP,NFKB1,1,gold_standard,
CREBBP,SETDB1,-1,gold_standard,
CREBBP,TNF,1,gold_standard,
CREBBP,TRP53,1,gold_standard,
CRTC1,CREB1,1,gold_standard,
CTCF,MGAT5B,1,gold_standard,
CTCF,PAX6,-1,gold_standard,
CTNNB1,AXIN2,1,gold_standard,
CTNNB1,BCL2L1,1,gold_standard,
CTNNB1,BIRC5,1,gold_standard,
CTNNB1,BMP4,1,gold_standard,
CTNNB1,CCND1,1,gold_standard,
CTNNB1,CCNE1,1,gold_standard,
CTNNB1,E2F1,-1,gold_standard,
CTNNB1,FGFBP1,1,gold_standard,
CTNNB1,VEGFD,1,gold_standard,
CTNNB1,FOXA2,-1,gold_standard,
CTNNB1,GJA1,1,gold_standard,
CTNNB1,GLUL,1,gold_standard,
CTNNB1,IHH,-1,gold_standard,
CTNNB1,MYCN,1,gold_standard,
CTNNB1,NANOG,1,gold_standard,
CTNNB1,NR0B1,1,gold_standard,
CTNNB1,PITX2,1,gold_standard,
CTNNB1,PML,1,gold_standard,
CTNNB1,PPARD,1,gold_standard,
CTNNB1,RUNX2,1,gold_standard,
CTNNB1,SLC2A1,1,gold_standard,
CTNNB1,TCF4,1,gold_standard,
CTNNB1,TWIST1,1,gold_standard,
CTNNB1,VEGFA,1,gold_standard,
CUX1,CCNA2,1,gold_standard,
CUX1,CDKN1A,-1,gold_standard,
CUX1,CDKN1B,-1,gold_standard,
CUX1,DCTN6,-1,gold_standard,
CUX1,FAM89B,-1,gold_standard,
CUX1,HIST2H4,1,gold_standard,
CUX1,NCAM1,-1,gold_standard,
CUX1,RUNX2,-1,gold_standard,
DAB2,AXIN1,-1,gold_standard,
DAXX,TRP53,-1,gold_standard,
DDIT3,BBC3,1,gold_standard,
DDIT3,NOS3,-1,gold_standard,
DDX54,MBP,1,gold_standard,
DMRT1,SOX2,-1,gold_standard,
DMTF1,CDKN2A,1,gold_standard,
DMTF1,EGR1,-1,gold_standard,
DMTF1,JUNB,-1,gold_standard,
DNAJC2,ID1,1,gold_standard,
DNMT3A,MDM2,1,gold_standard,
DNMT3A,NANOG,-1,gold_standard,
DNMT3A,POU5F1,-1,gold_standard,
DNMT3A,RB1,-1,gold_standard,
DNMT3B,NANOG,-1,gold_standard,
DNMT3B,POU5F1,-1,gold_standard,
DTX1,SMARCC1,-1,gold_standard,
E2F1,ATM,1,gold_standard,
E2F1,BID,1,gold_standard,
E2F1,BIN1,-1,gold_standard,
E2F1,BMI1,1,gold_standard,
E2F1,CCND1,-1,gold_standard,
E2F1,CDKN1A,1,gold_standard,
E2F1,CDKN2A,1,gold_standard,
E2F1,CDKN2C,1,gold_standard,
E2F1,DDB2,1,gold_standard,
E2F1,DNMT1,-1,gold_standard,
E2F1,EGR1,1,gold_standard,
E2F1,HINFP,-1,gold_standard,
E2F1,HMGA1,1,gold_standard,
E2F1,MCL1,-1,gold_standard,
E2F1,MYCN,1,gold_standard,
E2F1,MYH10,1,gold_standard,
E2F1,NOX4,1,gold_standard,
E2F1,NPAT,1,gold_standard,
E2F1,NRP1,-1,gold_standard,
E2F1,PCNA,1,gold_standard,
E2F1,PDK4,-1,gold_standard,
E2F1,POLA1,1,gold_standard,
E2F1,PURA,1,gold_standard,
E2F1,RB1,-1,gold_standard,
E2F1,SIVA1,1,gold_standard,
E2F1,TAPBP,1,gold_standard,
E2F1,TRP53,-1,gold_standard,
E2F1,VEGFA,-1,gold_standard,
E2F2,CDKN2A,1,gold_standard,
E2F2,CHEK1,-1,gold_standard,
E2F2,FGFR2,1,gold_standard,
E2F2,MCM5,-1,gold_standard,
E2F3,CDKN2A,1,gold_standard,
E2F3,IGF2,1,gold_standard,
E2F4,BRCA1,-1,gold_standard,
E2F4,E2F2,1,gold_standard,
E2F4,MAP1LC3B,1,gold_standard,
E2F4,MYBL2,1,gold_standard,
E2F4,RAD51,-1,gold_standard,
E2F4,RB1,-1,gold_standard,
E2F8,E2F1,-1,gold_standard,
E4F1,CCNA2,-1,gold_standard,
E4F1,IDS,1,gold_standard,
EBF1,ZFP423,-1,gold_standard,
EGR1,BNIP3,-1,gold_standard,
EGR1,CDK5R1,1,gold_standard,
EGR1,CDKN1C,1,gold_standard,
EGR1,CHRNA7,-1,gold_standard,
EGR1,CREBBP,1,gold_standard,
EGR1,GGPS1,1,gold_standard,
EGR1,ICAM1,1,gold_standard,
EGR1,ID3,1,gold_standard,
EGR1,JUND,1,gold_standard,
EGR1,MAP1LC3B,1,gold_standard,
EGR1,MAPK14,1,gold_standard,
EGR1,MAPK8,1,gold_standard,
EGR1,MET,-1,gold_standard,
EGR1,MMP14,1,gold_standard,
EGR1,NGFR,1,gold_standard,
EGR1,NR4A1,1,gold_standard,
EGR1,PTEN,1,gold_standard,
EGR1,PTGES,1,gold_standard,
EGR1,PTPRZ1,1,gold_standard,
EGR1,STIM1,1,gold_standard,
EGR1,THBS1,1,gold_standard,
EGR1,TK1,1,gold_standard,
EGR1,TNF,1,gold_standard,
EGR1,TRP53,1,gold_standard,
EHMT2,POU5F1,1,gold_standard,
EIF2AK2,STAT1,-1,gold_standard,
ELF1,EPHA7,1,gold_standard,
ELF1,FCER1G,-1,gold_standard,
ELF1,RHOX5,1,gold_standard,
ELF1,TOLLIP,-1,gold_standard,
ELF2,CD3D,1,gold_standard,
ELF3,TGFBR2,1,gold_standard,
ELF4,MSX2,1,gold_standard,
ELF4,TRP53,-1,gold_standard,
ELK1,FOS,1,gold_standard,
ELK1,HMOX1,1,gold_standard,
ELK1,IL6,1,gold_standard,
ELK3,PCYT1A,-1,gold_standard,
ELL3,TRP53,-1,gold_standard,
ELL3,ZEB1,1,gold_standard,
ELL3,ZEB2,1,gold_standard,
ELP2,POU5F1,1,gold_standard,
ELP3,POU5F1,1,gold_standard,
EMX2,PAX6,-1,gold_standard,
EOMES,SOX2,-1,gold_standard,
EP300,CCND1,-1,gold_standard,
EP300,CDKN1A,1,gold_standard,
EP300,CPT1B,1,gold_standard,
EP300,CRYAB,1,gold_standard,
EP300,DNMT1,1,gold_standard,
EP300,FOS,1,gold_standard,
EP300,HMOX1,1,gold_standard,
EP300,HINFP,1,gold_standard,
EP300,MT1,1,gold_standard,
EP300,NPR1,1,gold_standard,
EP300,SPP1,1,gold_standard,
EP300,STAT5A,1,gold_standard,
EPAS1,CDH5,1,gold_standard,
EPAS1,CITED2,1,gold_standard,
EPAS1,FLT1,1,gold_standard,
EPAS1,FXN,-1,gold_standard,
EPAS1,KDR,1,gold_standard,
EPAS1,POU5F1,1,gold_standard,
EPAS1,RUNX2,1,gold_standard,
ERF,UTRN,-1,gold_standard,
ESRRA,NRIP1,1,gold_standard,
ESRRA,SPP1,1,gold_standard,
ESRRB,NR0B1,1,gold_standard,
ESRRG,NR0B1,1,gold_standard,
ETS1,ANGPT2,1,gold_standard,
ETS1,ANPEP,1,gold_standard,
ETS1,BMP4,1,gold_standard,
ETS1,CD3D,1,gold_standard,
ETS1,CDKN2A,1,gold_standard,
ETS1,HMOX1,1,gold_standard,
ETS1,ITGA2B,1,gold_standard,
ETS1,KDR,1,gold_standard,
ETS1,NPR1,1,gold_standard,
ETS1,PCYT1A,1,gold_standard,
ETS1,PRDM1,-1,gold_standard,
ETS1,RNF11,1,gold_standard,
ETS1,RUNX2,1,gold_standard,
ETS1,SPP1,1,gold_standard,
ETS1,TGFBR2,1,gold_standard,
ETS1,VWF,1,gold_standard,
ETS1,ZEB1,1,gold_standard,
ETS2,BCL2L1,1,gold_standard,
ETS2,CDKN2A,1,gold_standard,
ETS2,HMOX1,1,gold_standard,
ETS2,HMOX2,1,gold_standard,
ETS2,KRT8,1,gold_standard,
ETS2,MDM2,1,gold_standard,
ETS2,NAB2,1,gold_standard,
ETS2,PCYT1A,1,gold_standard,
ETS2,STAB1,1,gold_standard,
ETV1,EBF1,-1,gold_standard,
ETV1,FGF10,1,gold_standard,
ETV1,NAB2,1,gold_standard,
ETV4,CCND2,1,gold_standard,
ETV4,ERBB2,-1,gold_standard,
ETV4,TERT,1,gold_standard,
ETV4,TWIST1,1,gold_standard,
ETV4,VIM,1,gold_standard,
ETV4,ZHX1,1,gold_standard,
ETV5,IL17F,1,gold_standard,
EWSR1,FGF10,1,gold_standard,
EWSR1,TERT,1,gold_standard,
EWSR1,UPP1,1,gold_standard,
EZH1,TOLLIP,-1,gold_standard,
EZH2,BAD,-1,gold_standard,
EZH2,IL17F,1,gold_standard,
EZH2,NANOG,-1,gold_standard,
FHL2,FOS,1,gold_standard,
FMR1,RAC1,-1,gold_standard,
FOS,FOS,-1,gold_standard,
FOS,GNRH1,-1,gold_standard,
FOS,KRT18,1,gold_standard,
FOS,NACC1,1,gold_standard,
FOS,NEFL,1,gold_standard,
FOS,NFE2L2,-1,gold_standard,
FOS,NR3C1,1,gold_standard,
FOS,PENK,1,gold_standard,
FOS,SRC,1,gold_standard,
FOS,SRR,1,gold_standard,
FOS,SRXN1,1,gold_standard,
FOS,TGFB1,1,gold_standard,
FOSL2,RELB,1,gold_standard,
FOSL2,TGFB1,1,gold_standard,
FOXA2,HADH,1,gold_standard,
FOXA2,IL33,-1,gold_standard,
FOXA2,LMX1A,1,gold_standard,
FOXA2,SOX17,1,gold_standard,
FOXA2,SOX2,-1,gold_standard,
FOXA2,TLE4,-1,gold_standard,
FOXA2,WNT7B,1,gold_standard,
FOXD3,GRB2,1,gold_standard,
FOXH1,MEF2C,1,gold_standard,
FOXJ3,MEF2C,1,gold_standard,
FOXM1,AXIN2,1,gold_standard,
FOXM1,LAMA4,1,gold_standard,
FOXM1,MYC,1,gold_standard,
FOXM1,POU5F1,1,gold_standard,
FOXM1,SNAI1,1,gold_standard,
FOXM1,SOCS3,1,gold_standard,
FOXO1,ADIPOR1,1,gold_standard,
FOXO1,AKT1,1,gold_standard,
FOXO1,ALPL,1,gold_standard,
FOXO1,BAX,-1,gold_standard,
FOXO1,CASP8,1,gold_standard,
FOXO1,CCND1,-1,gold_standard,
FOXO1,CCND2,-1,gold_standard,
FOXO1,CCNG2,1,gold_standard,
FOXO1,CDKN1A,1,gold_standard,
FOXO1,CDKN1B,1,gold_standard,
FOXO1,EGR1,-1,gold_standard,
FOXO1,INS2,-1,gold_standard,
FOXO1,LPL,1,gold_standard,
FOXO1,NOS3,-1,gold_standard,
FOXO1,PDK4,1,gold_standard,
FOXO1,PIK3R1,1,gold_standard,
FOXO1,SREBF1,-1,gold_standard,
FOXO1,TRIB3,-1,gold_standard,
FOXO3,CCND1,-1,gold_standard,
FOXO3,CCND2,-1,gold_standard,
FOXO3,CCNG2,1,gold_standard,
FOXO3,CDKN1B,1,gold_standard,
FOXO3,GADD45A,1,gold_standard,
FOXO3,SIRT1,1,gold_standard,
FOXO3,SOCS3,1,gold_standard,
FOXO4,CCND1,-1,gold_standard,
FOXO4,CCND2,-1,gold_standard,
FOXO4,GADD45A,1,gold_standard,
FOXO4,RBL2,1,gold_standard,
FOXP1,FGF3,1,gold_standard,
FOXQ1,CDH1,-1,gold_standard,
FUS,MDM2,-1,gold_standard,
GABPA,SKP2,1,gold_standard,
GATA1,CDC6,1,gold_standard,
GATA1,FCER1G,1,gold_standard,
GATA1,SIGMAR1,1,gold_standard,
GATA1,TFDP2,1,gold_standard,
GATA1,ZFP26,-1,gold_standard,
GATA2,ANGPT2,1,gold_standard,
GATA2,CEBPA,-1,gold_standard,
GATA2,RC3H1,1,gold_standard,
GATA2,SMAD6,1,gold_standard,
GATA3,CDKN2C,-1,gold_standard,
GATA3,DLC1,1,gold_standard,
GATA3,FGF10,1,gold_standard,
GATA3,RUNX3,-1,gold_standard,
GATA4,ADORA1,1,gold_standard,
GATA4,CCND2,1,gold_standard,
GATA4,DMRT1,1,gold_standard,
GATA4,HSPA5,1,gold_standard,
GATA4,ID2,1,gold_standard,
GATA4,IFI204,1,gold_standard,
GATA4,NPPA,1,gold_standard,
GATA4,NPPB,1,gold_standard,
GATA6,TNNC1,1,gold_standard,
GATA6,TTF1,1,gold_standard,
GATA6,WNT7B,1,gold_standard,
GBX2,OTX2,-1,gold_standard,
GBX2,ROBO1,1,gold_standard,
GCFC2,EGFR,-1,gold_standard,
GLI1,CDH1,-1,gold_standard,
GLI1,FOXM1,1,gold_standard,
GLI1,PVR,1,gold_standard,
GLI1,RUNX2,1,gold_standard,
GLI1,RUNX3,1,gold_standard,
GLI2,BMP2,1,gold_standard,
GLI2,GLI1,1,gold_standard,
GLI2,HES1,1,gold_standard,
GLI2,IFITM5,1,gold_standard,
GLI2,PTCH1,1,gold_standard,
GLI3,GLI1,1,gold_standard,
GLI3,PITRM1,-1,gold_standard,
GLI3,PVR,1,gold_standard,
GLIS2,INS2,1,gold_standard,
GRIN1,COX4I1,1,gold_standard,
GTF2A2,BGLAP,1,gold_standard,
GTF2H1,KEAP1,1,gold_standard,
GTF2I,CCND1,1,gold_standard,
GTF2I,CSRP2,-1,gold_standard,
GTF2I,DLK1,-1,gold_standard,
GTF2I,FOLR1,-1,gold_standard,
GTF2I,FOS,1,gold_standard,
GTF2I,TGFB2,1,gold_standard,
GTF2I,TGFBR2,-1,gold_standard,
GTF2IRD1,CSRP2,-1,gold_standard,
GTF2IRD1,DLK1,-1,gold_standard,
GTF2IRD1,FOLR1,-1,gold_standard,
GTF2IRD1,TGFB2,1,gold_standard,
GTF2IRD1,TGFBR2,-1,gold_standard,
HDAC1,AKAP12,-1,gold_standard,
HDAC1,CD1D2,-1,gold_standard,
HDAC1,CDC25A,-1,gold_standard,
HDAC1,NFKBIA,-1,gold_standard,
HDAC1,PPP2CA,1,gold_standard,
HDAC1,SPP1,1,gold_standard,
HDAC2,CCNE1,-1,gold_standard,
HDAC2,CD1D2,-1,gold_standard,
HDAC2,NFKBIA,-1,gold_standard,
HDAC3,JUN,-1,gold_standard,
HDAC3,NFKBIA,-1,gold_standard,
HDAC4,RUNX2,-1,gold_standard,
HDGF,VEGFA,1,gold_standard,
HDGF,VEGFB,1,gold_standard,
HES1,CDKN1B,-1,gold_standard,
HES1,CDKN1C,-1,gold_standard,
HES1,CORO1A,-1,gold_standard,
HES1,MAP2,-1,gold_standard,
HES6,HES1,-1,gold_standard,
HEXIM1,CCND1,-1,gold_standard,
HEY2,GATA4,-1,gold_standard,
HEY2,GATA6,-1,gold_standard,
HEY2,NPPA,-1,gold_standard,
HIF1A,BACE1,1,gold_standard,
HIF1A,BSG,1,gold_standard,
HIF1A,CITED2,1,gold_standard,
HIF1A,CREBBP,1,gold_standard,
HIF1A,HEY2,1,gold_standard,
HIF1A,MDK,1,gold_standard,
HIF1A,MT1,1,gold_standard,
HIF1A,PFKFB3,1,gold_standard,
HIF1A,SNAI1,1,gold_standard,
HIF1A,VEGFA,1,gold_standard,
HMGA1,BRCA1,-1,gold_standard,
HMGA2,CDH1,-1,gold_standard,
HMGA2,MIA,-1,gold_standard,
HMGA2,NFKB1,1,gold_standard,
HMGA2,TWIST1,1,gold_standard,
HMGB2,RUNX2,-1,gold_standard,
HNF1A,CYP27A1,1,gold_standard,
HNF1A,KITL,1,gold_standard,
HNF1A,PRDM1,-1,gold_standard,
HNF1B,SOCS3,-1,gold_standard,
HNF4A,CEBPA,1,gold_standard,
HNF4A,CEBPB,1,gold_standard,
HNF4A,FOXA1,-1,gold_standard,
HNF4A,FOXA2,-1,gold_standard,
HNF4A,GSTP1,1,gold_standard,
HNF4A,GSTP2,1,gold_standard,
HNF4A,HMGA2,1,gold_standard,
HNF4A,PKLR,1,gold_standard,
HNF4A,PPARA,1,gold_standard,
HNF4A,SLC10A1,-1,gold_standard,
HNRNPD,CRY1,1,gold_standard,
HOXD13,BMP4,1,gold_standard,
HSF1,HSPA1B,1,gold_standard,
HSPB1,CDKN1A,1,gold_standard,
HTATIP2,IGF1,-1,gold_standard,
ID1,ALPL,-1,gold_standard,
ID1,CDKN1A,-1,gold_standard,
ID1,CDKN2A,-1,gold_standard,
ID1,REL,1,gold_standard,
ID1,RUNX2,-1,gold_standard,
ID1,THBS1,-1,gold_standard,
ID1,TNF,1,gold_standard,
ID2,ALPL,-1,gold_standard,
ID2,CCNA2,-1,gold_standard,
ID2,TCF3,-1,gold_standard,
ID2,RUNX2,-1,gold_standard,
ID2,TPT1,-1,gold_standard,
ID3,ALPL,-1,gold_standard,
ID3,NOTCH1,-1,gold_standard,
ID3,RUNX2,-1,gold_standard,
ID3,SMARCC1,-1,gold_standard,
IKBKB,CXCR4,1,gold_standard,
IKBKB,NFKB1,1,gold_standard,
IKBKB,NFKBIA,-1,gold_standard,
IKBKB,RPS6KB1,1,gold_standard,
IKBKB,TNF,1,gold_standard,
IKZF2,RC3H1,-1,gold_standard,
ILF2,ACRV1,1,gold_standard,
ILF3,ACRV1,1,gold_standard,
ILF3,CCNE1,1,gold_standard,
ING4,TRP53,1,gold_standard,
IRF1,CFB,1,gold_standard,
IRF1,HIST2H4,1,gold_standard,
IRF1,MAPK14,1,gold_standard,
IRF1,MYD88,1,gold_standard,
IRF1,SOCS1,1,gold_standard,
IRF1,TNF,1,gold_standard,
IRF2,HIST2H4,1,gold_standard,
IRF3,HIST2H4,1,gold_standard,
IRF3,PURA,-1,gold_standard,
IRF3,PVR,1,gold_standard,
IRF3,SOCS2,1,gold_standard,
IRF4,CDKN2B,1,gold_standard,
IRF4,NFATC2,1,gold_standard,
IRF4,PRDM1,1,gold_standard,
IRF4,RUNX3,-1,gold_standard,
IRF4,ZBTB20,1,gold_standard,
IRF5,PRDM1,1,gold_standard,
IRF7,HIST2H4,1,gold_standard,
IRF9,IRF7,1,gold_standard,
IRF9,MAST1,-1,gold_standard,
ISL1,FGF10,1,gold_standard,
ISL1,MEF2C,-1,gold_standard,
ISL1,PBX1,1,gold_standard,
ISL1,POU4F2,1,gold_standard,
JARID2,CCND1,-1,gold_standard,
JARID2,NOTCH1,-1,gold_standard,
JDP2,ATF3,-1,gold_standard,
JDP2,TRP53,-1,gold_standard,
JUN,ANGPT2,1,gold_standard,
JUN,B4GALNT1,1,gold_standard,
JUN,BCL3,1,gold_standard,
JUN,CAT,1,gold_standard,
JUN,CCND1,1,gold_standard,
JUN,CCND2,1,gold_standard,
JUN,CDKN2A,1,gold_standard,
JUN,CTSK,1,gold_standard,
JUN,FOS,-1,gold_standard,
JUN,GCLC,1,gold_standard,
JUN,SLC2A1,1,gold_standard,
JUN,GNRH1,1,gold_standard,
JUN,HMOX1,1,gold_standard,
JUN,ICAM1,1,gold_standard,
JUN,IL6,1,gold_standard,
JUN,ITGA5,1,gold_standard,
JUN,JUN,1,gold_standard,
JUN,KRT18,1,gold_standard,
JUN,MET,1,gold_standard,
JUN,NACC1,1,gold_standard,
JUN,NEFL,1,gold_standard,
JUN,NFE2L2,-1,gold_standard,
JUN,NFKB1,1,gold_standard,
JUN,NR3C1,1,gold_standard,
JUN,ODC1,1,gold_standard,
JUN,PENK,1,gold_standard,
JUN,PTPN4,1,gold_standard,
JUN,RAB18,1,gold_standard,
JUN,RELB,1,gold_standard,
JUN,SPP1,1,gold_standard,
JUN,SRXN1,1,gold_standard,
JUN,TBP,1,gold_standard,
JUN,TGFB1,1,gold_standard,
JUN,TGM1,1,gold_standard,
JUN,TRP53,-1,gold_standard,
JUNB,CCND1,-1,gold_standard,
JUNB,CTSK,1,gold_standard,
JUNB,MYL9,1,gold_standard,
KAT5,NPPA,1,gold_standard,
KAT5,PAX6,1,gold_standard,
KAT5,TPT1,-1,gold_standard,
KAT5,TRP53,1,gold_standard,
KCNIP3,GRIN1,-1,gold_standard,
KCNIP3,TNFAIP3,-1,gold_standard,
KEAP1,NFE2L2,-1,gold_standard,
KHDRBS1,ECE1,-1,gold_standard,
KLF10,ARNTL,-1,gold_standard,
KLF10,MYCN,-1,gold_standard,
KLF15,ACSS1,1,gold_standard,
KLF2,RELN,1,gold_standard,
KLF2,THBD,1,gold_standard,
KLF4,CCND2,1,gold_standard,
KLF4,CDH1,1,gold_standard,
KLF4,CDKN2B,1,gold_standard,
KLF4,CEBPB,1,gold_standard,
KLF4,LEFTY1,1,gold_standard,
KLF4,RLIM,1,gold_standard,
KLF4,TSIX,1,gold_standard,
KLF5,EGR1,1,gold_standard,
KLF5,PDGFA,1,gold_standard,
KLF5,RUNX2,1,gold_standard,
KLF5,TCL1,1,gold_standard,
KLF5,VEGFA,1,gold_standard,
KLF6,CDKN1A,1,gold_standard,
KLF6,PTTG1,-1,gold_standard,
KLF7,NTRK1,1,gold_standard,
KLF8,MMP14,1,gold_standard,
KLF9,TXNRD2,-1,gold_standard,
KPNA2,KLF2,1,gold_standard,
KPNA2,KLF4,1,gold_standard,
LDB1,RUNX1,1,gold_standard,
LDB1,TCF3,-1,gold_standard,
LHX2,ROBO2,1,gold_standard,
LMO2,RUNX1,1,gold_standard,
MAFG,NQO1,1,gold_standard,
MAFK,HMOX1,1,gold_standard,
MAFK,NQO1,1,gold_standard,
MAP3K7,NFKB1,1,gold_standard,
MAX,CAD,1,gold_standard,
MAX,CCNB1,-1,gold_standard,
MAZ,SP4,-1,gold_standard,
MBD3,CDK2,-1,gold_standard,
MCM6,CD40,1,gold_standard,
MDM2,TRP53,-1,gold_standard,
MDM4,TRP53,-1,gold_standard,
MECP2,DLK1,-1,gold_standard,
MECP2,IGFBP3,-1,gold_standard,
MECP2,IRAK1,-1,gold_standard,
MECP2,PER1,1,gold_standard,
MECP2,PER2,1,gold_standard,
MECP2,PRODH,-1,gold_standard,
MED1,FAM89B,1,gold_standard,
MED23,CD52,1,gold_standard,
MED23,EGR1,1,gold_standard,
MEF2A,NRF1,1,gold_standard,
MEF2A,SLC2A4,1,gold_standard,
MEF2C,BGLAP,1,gold_standard,
MEF2C,DES,1,gold_standard,
MEF2C,FRZB,1,gold_standard,
MEF2C,RUNX2,1,gold_standard,
MEF2C,SFRP2,1,gold_standard,
MEF2C,SOCS2,1,gold_standard,
MEIS1,PAX6,1,gold_standard,
MEIS1,PTCH1,1,gold_standard,
MEIS2,CDH1,1,gold_standard,
MEIS2,CDKN2B,1,gold_standard,
MEIS2,PAX6,1,gold_standard,
MEN1,AXIN2,1,gold_standard,
MEN1,GLI1,-1,gold_standard,
MEN1,JUND,-1,gold_standard,
MITF,ACP5,1,gold_standard,
MITF,CD40,1,gold_standard,
MITF,CDKN1A,1,gold_standard,
MITF,CLCN7,1,gold_standard,
MITF,DKK3,-1,gold_standard,
MITF,FOS,1,gold_standard,
MITF,IRF4,-1,gold_standard,
MITF,ITGA4,1,gold_standard,
MITF,NGFR,1,gold_standard,
MITF,OSTM1,1,gold_standard,
MITF,PAX6,1,gold_standard,
MITF,PIK3R1,1,gold_standard,
MITF,SDC1,-1,gold_standard,
MITF,TRPM1,1,gold_standard,
MLXIPL,ACACA,1,gold_standard,
MLXIPL,GPAM,1,gold_standard,
MLXIPL,INS1,1,gold_standard,
MLXIPL,INS2,1,gold_standard,
MLXIPL,SCD1,1,gold_standard,
MNT,CCND2,-1,gold_standard,
MNT,CDK4,-1,gold_standard,
MSX2,ALPL,-1,gold_standard,
MSX2,BGLAP,1,gold_standard,
MSX2,DKK1,-1,gold_standard,
MSX2,IHH,1,gold_standard,
MSX2,RUNX2,-1,gold_standard,
MSX2,SRF,-1,gold_standard,
MTA1,CDKN1A,1,gold_standard,
MTA1,CLOCK,1,gold_standard,
MTA1,PTEN,-1,gold_standard,
MTA1,RNF144A,-1,gold_standard,
MTA1,TIMP2,-1,gold_standard,
MTF1,EP300,1,gold_standard,
MTF1,MT1,1,gold_standard,
MTF1,SELENOW,-1,gold_standard,
MTF1,SLC39A10,-1,gold_standard,
MTF2,CDKN2A,1,gold_standard,
MXI1,IGFBP3,-1,gold_standard,
MXI1,MYC,-1,gold_standard,
MYBBP1A,PER2,-1,gold_standard,
MYBL2,ADRA2B,1,gold_standard,
MYBL2,ERBB2,-1,gold_standard,
MYC,BCAT1,-1,gold_standard,
MYC,CAD,1,gold_standard,
MYC,CCND2,1,gold_standard,
MYC,CDH1,1,gold_standard,
MYC,CDKN1A,-1,gold_standard,
MYC,CDKN2B,-1,gold_standard,
MYC,EIF4E,1,gold_standard,
MYC,HDAC2,1,gold_standard,
MYC,HNRNPA1,1,gold_standard,
MYC,HNRNPA2B1,1,gold_standard,
MYC,MXI1,-1,gold_standard,
MYC,MYC,-1,gold_standard,
MYC,NDRG1,-1,gold_standard,
MYC,NFIA,-1,gold_standard,
MYC,NRGN,1,gold_standard,
MYC,ODC1,1,gold_standard,
MYC,PTMA,1,gold_standard,
MYC,RHOA,1,gold_standard,
MYC,SLC11A1,-1,gold_standard,
MYC,TERT,1,gold_standard,
MYC,TRP53,1,gold_standard,
MYC,ZBTB17,-1,gold_standard,
MYC,ZFP36,-1,gold_standard,
MYCN,HDAC2,1,gold_standard,
MYCN,IGFBP2,1,gold_standard,
MYCN,NDRG1,-1,gold_standard,
MYCN,NRGN,1,gold_standard,
MYCN,PTDSS1,1,gold_standard,
NAB1,EGR1,-1,gold_standard,
NANOG,DKK1,-1,gold_standard,
NANOG,ERAS,1,gold_standard,
NANOG,ESRRB,1,gold_standard,
NANOG,GATA6,-1,gold_standard,
NANOG,IDH1,1,gold_standard,
NANOG,LIN28A,1,gold_standard,
NANOG,MIR295,1,gold_standard,
NANOG,NFKB1,-1,gold_standard,
NANOG,SNAI1,1,gold_standard,
NANOG,XIST,-1,gold_standard,
NANOG,ZFP42,1,gold_standard,
NANOG,ZFP57,1,gold_standard,
NCOA1,CDKN1A,1,gold_standard,
NCOA1,ITGA5,1,gold_standard,
NCOA1,MEF2C,1,gold_standard,
NCOA1,NFKBIA,1,gold_standard,
NCOA1,TWIST1,1,gold_standard,
NCOA2,ESRRA,1,gold_standard,
NCOA2,NFKBIA,1,gold_standard,
NCOA3,KLF4,1,gold_standard,
NCOA3,NANOG,1,gold_standard,
NCOA3,NFKBIA,1,gold_standard,
NCOA3,NR0B1,1,gold_standard,
NCOA3,TBX3,1,gold_standard,
NCOA6,FOS,1,gold_standard,
NCOR1,HES1,-1,gold_standard,
NCOR1,MYBL2,-1,gold_standard,
NCOR1,NFKBIA,-1,gold_standard,
NCOR2,MYBL2,-1,gold_standard,
NCOR2,NFKBIA,-1,gold_standard,
NDN,MYC,-1,gold_standard,
NF1,MT1,1,gold_standard,
NFAT5,AKR1B3,1,gold_standard,
NFAT5,BAX,1,gold_standard,
NFAT5,VEGFC,1,gold_standard,
NFATC1,PAG1,-1,gold_standard,
NFATC2,ACP5,1,gold_standard,
NFATC2,BACE1,1,gold_standard,
NFATC2,CCNA2,-1,gold_standard,
NFE2L2,BGLAP3,-1,gold_standard,
NFE2L2,CALCOCO2,1,gold_standard,
NFE2L2,CEBPB,1,gold_standard,
NFE2L2,COX17,1,gold_standard,
NFE2L2,FOS,-1,gold_standard,
NFE2L2,GCLC,1,gold_standard,
NFE2L2,HMOX1,1,gold_standard,
NFE2L2,KEAP1,1,gold_standard,
NFE2L2,MDM2,1,gold_standard,
NFE2L2,MT1,1,gold_standard,
NFE2L2,NFATC1,-1,gold_standard,
NFE2L2,NFKB1,-1,gold_standard,
NFE2L2,NQO1,1,gold_standard,
NFE2L2,PRDX1,1,gold_standard,
NFE2L2,RUNX2,-1,gold_standard,
NFE2L2,SCARB1,1,gold_standard,
NFE2L2,SLC40A1,1,gold_standard,
NFE2L2,SLC7A11,1,gold_standard,
NFE2L2,SQSTM1,1,gold_standard,
NFE2L2,SRXN1,1,gold_standard,
NFE2L2,TGFB1,-1,gold_standard,
NFE2L2,TXNIP,-1,gold_standard,
NFE2L2,TXNRD1,1,gold_standard,
NFIA,FAM89B,1,gold_standard,
NFIA,GFAP,-1,gold_standard,
NFIA,SLC2A4,-1,gold_standard,
NFIC,KLF4,1,gold_standard,
NFIC,MT1,-1,gold_standard,
NFIC,PDGFA,-1,gold_standard,
NFIC,PDGFRA,-1,gold_standard,
NFIL3,ABCB4,-1,gold_standard,
NFIL3,EOMES,1,gold_standard,
NFIL3,ID2,1,gold_standard,
NFKB1,ADORA1,1,gold_standard,
NFKB1,BANP,1,gold_standard,
NFKB1,BCL2L1,1,gold_standard,
NFKB1,BIN1,1,gold_standard,
NFKB1,BIRC3,1,gold_standard,
NFKB1,XIAP,1,gold_standard,
NFKB1,BMP2,1,gold_standard,
NFKB1,CCND1,1,gold_standard,
NFKB1,CD40,1,gold_standard,
NFKB1,CDK4,1,gold_standard,
NFKB1,CEBPB,1,gold_standard,
NFKB1,CFB,1,gold_standard,
NFKB1,CFLAR,1,gold_standard,
NFKB1,CSF1,1,gold_standard,
NFKB1,DCST1,1,gold_standard,
NFKB1,DUSP1,1,gold_standard,
NFKB1,EPAS1,1,gold_standard,
NFKB1,FBP1,-1,gold_standard,
NFKB1,FOS,1,gold_standard,
NFKB1,FTH1,1,gold_standard,
NFKB1,GADD45B,1,gold_standard,
NFKB1,GCLM,-1,gold_standard,
NFKB1,HES1,-1,gold_standard,
NFKB1,IKBKB,1,gold_standard,
NFKB1,IL6,1,gold_standard,
NFKB1,KCNIP2,1,gold_standard,
NFKB1,LTC4S,-1,gold_standard,
NFKB1,MAPK14,1,gold_standard,
NFKB1,MMP14,1,gold_standard,
NFKB1,MYC,1,gold_standard,
NFKB1,NFKB1,1,gold_standard,
NFKB1,NFKBIA,1,gold_standard,
NFKB1,NFKBIZ,1,gold_standard,
NFKB1,NQO1,-1,gold_standard,
NFKB1,PDK4,-1,gold_standard,
NFKB1,PER1,-1,gold_standard,
NFKB1,PER2,-1,gold_standard,
NFKB1,PMAIP1,1,gold_standard,
NFKB1,PPARA,-1,gold_standard,
NFKB1,PTEN,-1,gold_standard,
NFKB1,PTPN4,1,gold_standard,
NFKB1,REL,1,gold_standard,
NFKB1,RELB,1,gold_standard,
NFKB1,RIPK2,1,gold_standard,
NFKB1,SLC2A1,1,gold_standard,
NFKB1,SLC2A4,-1,gold_standard,
NFKB1,SOD2,1,gold_standard,
NFKB1,SRC,1,gold_standard,
NFKB1,STK39,1,gold_standard,
NFKB1,TAPBP,1,gold_standard,
NFKB1,TEC,1,gold_standard,
NFKB1,TGFB1,1,gold_standard,
NFKB1,TLR2,1,gold_standard,
NFKB1,TNF,1,gold_standard,
NFKB1,TNFAIP3,1,gold_standard,
NFKB1,TNFRSF25,1,gold_standard,
NFKB1,UPP1,1,gold_standard,
NFKB1,WT1,1,gold_standard,
NFKB1,TRP53,-1,gold_standard,
NFKB1,CDH1,-1,gold_standard,
NFKB2,CCND1,1,gold_standard,
NFKB2,HIF1A,-1,gold_standard,
NFKB2,MYC,1,gold_standard,
NFKB2,RELB,-1,gold_standard,
NFKB2,SND1,1,gold_standard,
NFKBIA,NFKB1,-1,gold_standard,
NFKBIZ,NFKB1,-1,gold_standard,
NFYA,ARNTL,1,gold_standard,
NFYA,CCND2,1,gold_standard,
NFYA,CDK1,1,gold_standard,
NFYA,E2F1,1,gold_standard,
NFYA,HSPA1B,1,gold_standard,
NFYA,HSPA5,1,gold_standard,
NFYA,HSPB1,1,gold_standard,
NFYA,MAPK1,1,gold_standard,
NFYA,TRP53,1,gold_standard,
NFYB,CCND2,1,gold_standard,
NFYC,CCND2,1,gold_standard,
NOTCH1,CASP3,1,gold_standard,
NOTCH1,CCND1,1,gold_standard,
NOTCH1,CCNE1,1,gold_standard,
NOTCH1,CDKN1A,1,gold_standard,
NOTCH1,CTNNB1,-1,gold_standard,
NOTCH1,EFNB2,1,gold_standard,
NOTCH1,GATA2,1,gold_standard,
NOTCH1,NFKB1,1,gold_standard,
NOTCH1,RBPJ,1,gold_standard,
NOTCH1,RUNX2,-1,gold_standard,
NOTCH1,SMARCC1,1,gold_standard,
NOTCH1,TCF3,-1,gold_standard,
NOTCH2,HES1,1,gold_standard,
NOTCH2,NOTCH3,1,gold_standard,
NOTCH2,TCF3,-1,gold_standard,
NOTCH3,PTCRA,1,gold_standard,
NOTCH4,DLK1,-1,gold_standard,
NOTCH4,HES1,1,gold_standard,
NR0B1,ESRRG,-1,gold_standard,
NR0B1,HNF4A,-1,gold_standard,
NR0B1,POU5F1,1,gold_standard,
NR0B1,RLF,-1,gold_standard,
NR0B1,SF1,-1,gold_standard,
NR0B1,SREBF1,-1,gold_standard,
NR0B1,STAR,-1,gold_standard,
NR1D1,ARNTL,-1,gold_standard,
NR1D2,GJA1,1,gold_standard,
NR1H2,CSRP1,-1,gold_standard,
NR1H3,BHLHE40,1,gold_standard,
NR1H3,F3,-1,gold_standard,
NR1H3,MLXIPL,1,gold_standard,
NR2C1,GATA1,-1,gold_standard,
NR2C2,IKBKB,1,gold_standard,
NR2C2,JUNB,1,gold_standard,
NR2C2,NFKB1,1,gold_standard,
NR2F2,ATP1A1,-1,gold_standard,
NR2F2,FLT1,-1,gold_standard,
NR2F2,MTTP,-1,gold_standard,
NR2F2,POU5F1,-1,gold_standard,
NR2F2,SLC2A4,1,gold_standard,
NR2F2,VEGFA,-1,gold_standard,
NR3C1,BRCA1,1,gold_standard,
NR3C1,CCND3,-1,gold_standard,
NR3C1,CDK4,-1,gold_standard,
NR3C1,CDK6,-1,gold_standard,
NR3C1,FAM89B,1,gold_standard,
NR3C1,HES1,-1,gold_standard,
NR3C1,NFKBIA,1,gold_standard,
NR3C1,PDHX,-1,gold_standard,
NR3C1,RUNX2,-1,gold_standard,
NR3C1,SLC10A1,1,gold_standard,
NR3C2,MLLT3,-1,gold_standard,
NR4A1,PRMT1,-1,gold_standard,
NR4A2,SPP1,1,gold_standard,
NR5A2,CCND1,1,gold_standard,
NR5A2,CCNE1,1,gold_standard,
NR5A2,KRAS,1,gold_standard,
NR5A2,NANOG,1,gold_standard,
NR5A2,POU5F1,1,gold_standard,
NR5A2,SCARB1,1,gold_standard,
NR5A2,TNF,1,gold_standard,
NRF1,ATP1A1,-1,gold_standard,
NRF1,ATP1B1,1,gold_standard,
NRF1,CD47,1,gold_standard,
NRF1,COX17,1,gold_standard,
NRF1,COX4I1,1,gold_standard,
NRF1,FCGR3,1,gold_standard,
NRF1,FMR1,1,gold_standard,
NRF1,GRIN1,1,gold_standard,
NRF1,HMOX1,1,gold_standard,
NRF1,IDE,1,gold_standard,
NRF1,MT1,1,gold_standard,
NRF1,SIRT6,1,gold_standard,
NRF1,TFAM,1,gold_standard,
NUPR1,CCNA2,-1,gold_standard,
NUPR1,HMOX1,-1,gold_standard,
NUPR1,TCF19,-1,gold_standard,
OTX2,GNRH1,1,gold_standard,
OVOL1,OVOL2,-1,gold_standard,
PARP1,E2F1,1,gold_standard,
PARP1,FN1,1,gold_standard,
PARP1,NFKB1,-1,gold_standard,
PAX6,BCL9,1,gold_standard,
PAX6,BCL9L,1,gold_standard,
PAX6,CDK6,-1,gold_standard,
PAX6,CRYAB,1,gold_standard,
PAX6,DKK3,1,gold_standard,
PAX6,MET,1,gold_standard,
PAX6,ODF2,1,gold_standard,
PAX6,SFRP2,1,gold_standard,
PAX6,SP8,1,gold_standard,
PAX6,TCF4,1,gold_standard,
PAX6,TRP53,1,gold_standard,
PAX6,WNT7B,1,gold_standard,
PAX8,NCAM1,1,gold_standard,
PAX8,RET,1,gold_standard,
PAX8,TRP53,-1,gold_standard,
PAX8,WT1,1,gold_standard,
PBX1,CDH1,1,gold_standard,
PBX1,CDKN2B,1,gold_standard,
PBX1,FGF10,1,gold_standard,
PBX1,PBX1,1,gold_standard,
PCGF2,IL17F,1,gold_standard,
PELP1,JUN,-1,gold_standard,
PELP1,NFKB1,-1,gold_standard,
PELP1,NR3C1,-1,gold_standard,
PELP1,NR4A1,-1,gold_standard,
PELP1,SRF,-1,gold_standard,
PER1,ARNTL,1,gold_standard,
PER1,CLOCK,1,gold_standard,
PER1,CRY2,-1,gold_standard,
PER2,UCP2,-1,gold_standard,
PHF12,LGALS4,-1,gold_standard,
PIAS2,NR3C1,1,gold_standard,
PIAS3,JAK2,-1,gold_standard,
PIAS3,MITF,-1,gold_standard,
PIAS3,STAT3,-1,gold_standard,
PITX1,BARX1,1,gold_standard,
PITX1,TERT,-1,gold_standard,
PITX2,BMP4,1,gold_standard,
PITX2,GATA4,1,gold_standard,
PITX2,ISL1,1,gold_standard,
PITX2,MEF2C,1,gold_standard,
PITX2,MGA,1,gold_standard,
PITX2,TBX15,1,gold_standard,
PITX2,TBX6,-1,gold_standard,
PITX2,TPT1,1,gold_standard,
PKNOX1,PBX2,1,gold_standard,
PKNOX1,PTPN6,1,gold_standard,
PKNOX1,SYP,1,gold_standard,
PLAG1,EGR1,1,gold_standard,
PLAG1,IGF2,1,gold_standard,
PLAGL2,IGF2,1,gold_standard,
POU2F1,FAM89B,1,gold_standard,
POU2F1,GADD45A,-1,gold_standard,
POU2F1,GNRH1,1,gold_standard,
POU2F1,MAD2L1,1,gold_standard,
POU4F1,BAX,-1,gold_standard,
POU4F1,BCL2L1,-1,gold_standard,
POU4F1,CDKN1A,1,gold_standard,
POU4F1,POU4F2,1,gold_standard,
POU4F1,RUNX3,1,gold_standard,
POU4F2,EOMES,1,gold_standard,
POU5F1,CDKN1A,-1,gold_standard,
POU5F1,FGF4,1,gold_standard,
POU5F1,GATA6,-1,gold_standard,
POU5F1,KIF2A,1,gold_standard,
POU5F1,KLF2,1,gold_standard,
POU5F1,LEFTY1,1,gold_standard,
POU5F1,NANOG,1,gold_standard,
POU5F1,POU5F1,1,gold_standard,
POU5F1,RIF1,1,gold_standard,
POU5F1,SOX2,1,gold_standard,
POU5F1,TET2,1,gold_standard,
POU5F1,TPT1,-1,gold_standard,
POU5F1,UTF1,1,gold_standard,
POU5F1,XIST,-1,gold_standard,
PPARA,ABCD4,1,gold_standard,
PPARA,ALDH3A2,1,gold_standard,
PPARA,ANGPTL4,1,gold_standard,
PPARA,CDKN2A,1,gold_standard,
PPARA,CEBPA,-1,gold_standard,
PPARA,CEBPB,-1,gold_standard,
PPARA,FBP2,1,gold_standard,
PPARA,GSK3B,1,gold_standard,
PPARA,LGALS4,1,gold_standard,
PPARA,IL6ST,-1,gold_standard,
PPARA,LPL,1,gold_standard,
PPARA,NFKBIA,1,gold_standard,
PPARA,PXMP4,1,gold_standard,
PPARA,SERPINE2,1,gold_standard,
PPARA,SLC25A20,1,gold_standard,
PPARA,SLC27A1,1,gold_standard,
PPARA,SPP1,-1,gold_standard,
PPARA,TRIB3,1,gold_standard,
PPARA,UCP2,1,gold_standard,
PPARD,ANGPTL4,-1,gold_standard,
PPARD,INSIG1,1,gold_standard,
PPARD,LPL,1,gold_standard,
PPARD,PDK4,1,gold_standard,
PPARD,SLC25A20,1,gold_standard,
PPARD,TGFB1,1,gold_standard,
PPARGC1B,ESRRA,1,gold_standard,
PPARGC1B,FOXA2,1,gold_standard,
PPARGC1B,MFN2,1,gold_standard,
PRDM1,ID3,-1,gold_standard,
PRDM1,MAP3K5,-1,gold_standard,
PRDM1,NLRP12,-1,gold_standard,
PRDM16,RBL1,-1,gold_standard,
PROX1,CCNE1,1,gold_standard,
PROX1,CRYGD,-1,gold_standard,
PROX1,ESRRA,-1,gold_standard,
PROX1,TWIST1,-1,gold_standard,
PTTG1,PTTG1IP,1,gold_standard,
PURA,E2F1,-1,gold_standard,
RAF1,MAPK1,1,gold_standard,
RARA,LAMB1,1,gold_standard,
RARA,POU5F1,1,gold_standard,
RARA,STAT1,-1,gold_standard,
RB1,CCND1,1,gold_standard,
RB1,CDKN1A,1,gold_standard,
RB1,DNMT1,-1,gold_standard,
RB1,SP1,1,gold_standard,
RBL1,HES1,-1,gold_standard,
RBL1,MYC,-1,gold_standard,
RBL2,BRCA1,-1,gold_standard,
RBL2,CCNA2,-1,gold_standard,
RBL2,PCNA,-1,gold_standard,
RBL2,RAD51,-1,gold_standard,
RBL2,SOX2,1,gold_standard,
RBMX,JUND,-1,gold_standard,
RBPJ,FOS,-1,gold_standard,
RBPJ,HES1,1,gold_standard,
RBPJ,NFATC1,-1,gold_standard,
RBPJ,PLCG2,-1,gold_standard,
RBPJ,PRDM1,-1,gold_standard,
RBPJ,RLIM,1,gold_standard,
REL,BIRC3,1,gold_standard,
REL,EZH2,1,gold_standard,
REL,MYC,1,gold_standard,
REL,RC3H1,1,gold_standard,
REL,SOD2,1,gold_standard,
REL,TNF,1,gold_standard,
REL,TNFAIP3,1,gold_standard,
REL,WT1,1,gold_standard,
RELA,AKT1,1,gold_standard,
RELA,CDKN2A,-1,gold_standard,
RELA,BCL2L1,1,gold_standard,
RELA,BIRC3,1,gold_standard,
RELA,XIAP,-1,gold_standard,
RELA,BMP2,1,gold_standard,
RELA,CCND1,1,gold_standard,
RELA,CD40,1,gold_standard,
RELA,CDK9,1,gold_standard,
RELA,CDKN1B,-1,gold_standard,
RELA,CFLAR,1,gold_standard,
RELA,CSF1,1,gold_standard,
RELA,DCST1,1,gold_standard,
RELA,EPAS1,1,gold_standard,
RELA,FN1,1,gold_standard,
RELA,FTH1,1,gold_standard,
RELA,GABRE,-1,gold_standard,
RELA,GLI1,1,gold_standard,
RELA,HES1,1,gold_standard,
RELA,IL6,1,gold_standard,
RELA,ITCH,1,gold_standard,
RELA,LTC4S,-1,gold_standard,
RELA,MET,1,gold_standard,
RELA,MMP14,1,gold_standard,
RELA,MYC,1,gold_standard,
RELA,NFKB1,1,gold_standard,
RELA,PDK4,-1,gold_standard,
RELA,PECAM1,1,gold_standard,
RELA,PGLYRP1,1,gold_standard,
RELA,PPARA,-1,gold_standard,
RELA,PTEN,-1,gold_standard,
RELA,RIPK2,1,gold_standard,
RELA,SERPINE2,1,gold_standard,
RELA,SOD2,1,gold_standard,
RELA,STK39,1,gold_standard,
RELA,TEC,1,gold_standard,
RELA,TNF,1,gold_standard,
RELA,TNFAIP3,1,gold_standard,
RELA,TWIST1,1,gold_standard,
RELA,UPP1,1,gold_standard,
RELA,WT1,1,gold_standard,
RELB,CCND1,1,gold_standard,
RELB,MYC,1,gold_standard,
REST,CELSR3,-1,gold_standard,
REST,KCNN4,-1,gold_standard,
REST,PENK,-1,gold_standard,
REST,SCN8A,1,gold_standard,
RFX1,MAP1A,-1,gold_standard,
RNF2,SOX2,1,gold_standard,
RNF2,ZFP42,1,gold_standard,
RORA,ARNTL,1,gold_standard,
RORA,LAMB1,1,gold_standard,
RORA,PPARA,1,gold_standard,
RPS6KA5,FOS,1,gold_standard,
RUNX1,AI467606,1,gold_standard,
RUNX1,CD40,-1,gold_standard,
RUNX1,CDKN2A,-1,gold_standard,
RUNX1,IGFBP3,-1,gold_standard,
RUNX1,SMAD6,1,gold_standard,
RUNX2,ALPL,1,gold_standard,
RUNX2,ASRGL1,1,gold_standard,
RUNX2,AXIN2,-1,gold_standard,
RUNX2,BAX,1,gold_standard,
RUNX2,BGLAP,1,gold_standard,
RUNX2,DDX5,-1,gold_standard,
RUNX2,DKK1,1,gold_standard,
RUNX2,FGF3,1,gold_standard,
RUNX2,HES1,-1,gold_standard,
RUNX2,IHH,1,gold_standard,
RUNX2,LGALS3,1,gold_standard,
RUNX2,NR2F2,-1,gold_standard,
RUNX2,PTTG1IP,1,gold_standard,
RUNX2,SMAD6,-1,gold_standard,
RUNX2,SMURF1,1,gold_standard,
RUNX2,SOX6,1,gold_standard,
RUNX2,SPP1,1,gold_standard,
RUNX2,TCF7,1,gold_standard,
RUNX3,CLDN7,1,gold_standard,
RUVBL2,CDKN2C,-1,gold_standard,
RXRA,AMELX,1,gold_standard,
RXRA,MTTP,1,gold_standard,
RXRA,SREBF1,1,gold_standard,
SALL4,POU5F1,1,gold_standard,
SALL4,PTEN,-1,gold_standard,
SATB1,NANOG,-1,gold_standard,
SATB1,NES,1,gold_standard,
SATB2,UPF3B,1,gold_standard,
SERTAD1,E2F1,1,gold_standard,
SF1,ABCG2,1,gold_standard,
SF1,CYP26B1,1,gold_standard,
SF1,INHA,1,gold_standard,
SF1,NR0B1,1,gold_standard,
SF1,POU5F1,-1,gold_standard,
SF1,VNN1,1,gold_standard,
SIN3A,REST,-1,gold_standard,
SIN3A,SP3,1,gold_standard,
SIN3B,BMI1,-1,gold_standard,
SIRT1,ABCB1A,1,gold_standard,
SIRT1,BCLAF1,-1,gold_standard,
SIRT1,IL6,-1,gold_standard,
SIRT1,PARP1,-1,gold_standard,
SIRT1,RELA,-1,gold_standard,
SIRT1,RICTOR,1,gold_standard,
SIRT1,SIRT6,1,gold_standard,
SIRT1,SREBF1,1,gold_standard,
SIRT1,TIMP1,1,gold_standard,
SIRT1,TRP53,1,gold_standard,
SIRT1,UCP2,-1,gold_standard,
SIX1,CCNA2,1,gold_standard,
SIX1,CCND1,1,gold_standard,
SIX1,DUSP6,1,gold_standard,
SIX1,MTOR,1,gold_standard,
SIX1,SALL1,-1,gold_standard,
SIX1,VEGFC,1,gold_standard,
SKI,SREBF1,-1,gold_standard,
SKIL,ADAM12,-1,gold_standard,
SKIL,ITCH,-1,gold_standard,
SKIL,TPT1,-1,gold_standard,
SKIL,TRP53,1,gold_standard,
SMAD1,BMP2,1,gold_standard,
SMAD1,CDKN1A,1,gold_standard,
SMAD1,HHEX,1,gold_standard,
SMAD1,ID3,1,gold_standard,
SMAD1,IFI204,1,gold_standard,
SMAD1,RUNX1,1,gold_standard,
SMAD1,RUNX2,1,gold_standard,
SMAD1,SMAD6,1,gold_standard,
SMAD1,SPP1,1,gold_standard,
SMAD1,TBX20,1,gold_standard,
SMAD2,BECN1,-1,gold_standard,
SMAD2,CDKN1A,1,gold_standard,
SMAD2,DAPK1,1,gold_standard,
SMAD2,HES1,1,gold_standard,
SMAD2,NANOG,1,gold_standard,
SMAD2,SKIL,1,gold_standard,
SMAD3,CDH1,-1,gold_standard,
SMAD3,CDKN2B,1,gold_standard,
SMAD3,CXADR,-1,gold_standard,
SMAD3,DAPK1,1,gold_standard,
SMAD3,FN1,1,gold_standard,
SMAD3,LGALS9,1,gold_standard,
SMAD3,MYC,-1,gold_standard,
SMAD3,NEDD9,-1,gold_standard,
SMAD3,OCLN,-1,gold_standard,
SMAD3,RIF1,-1,gold_standard,
SMAD3,RUNX2,-1,gold_standard,
SMAD3,SIRT1,1,gold_standard,
SMAD3,SMAD7,1,gold_standard,
SMAD3,TPT1,1,gold_standard,
SMAD3,VEGFA,1,gold_standard,
SMAD4,CDH1,-1,gold_standard,
SMAD4,CDKN1A,1,gold_standard,
SMAD4,CDKN2B,1,gold_standard,
SMAD4,CXADR,-1,gold_standard,
SMAD4,DAPK1,1,gold_standard,
SMAD4,HHEX,1,gold_standard,
SMAD4,ID3,1,gold_standard,
SMAD4,IFI204,1,gold_standard,
SMAD4,OCLN,-1,gold_standard,
SMAD4,SKIL,1,gold_standard,
SMAD4,TGFB1,-1,gold_standard,
SMAD4,TGFBR2,1,gold_standard,
SMAD4,VEGFA,1,gold_standard,
SMAD5,ID3,1,gold_standard,
SMAD5,IFI204,1,gold_standard,
SMAD6,ID1,-1,gold_standard,
SMAD6,RUNX1,-1,gold_standard,
SMAD7,MET,1,gold_standard,
SMAD7,NFKBIA,1,gold_standard,
SMAD7,SMAD3,-1,gold_standard,
SMAD7,TGFB1,1,gold_standard,
SMAD7,VEGFA,-1,gold_standard,
SMARCA2,CALM1,1,gold_standard,
SMARCA2,CDH1,1,gold_standard,
SMARCA4,CALM1,1,gold_standard,
SMARCA4,CDH1,1,gold_standard,
SMARCA4,HMOX1,1,gold_standard,
SMARCA4,NFKBIA,1,gold_standard,
SMARCA4,POU5F1,-1,gold_standard,
SMARCA5,DIDO1,-1,gold_standard,
SMARCC1,NANOG,-1,gold_standard,
SMARCD1,ARNTL,1,gold_standard,
SMARCE1,NANOG,-1,gold_standard,
SMURF1,SMAD6,-1,gold_standard,
SMURF2,MAVS,-1,gold_standard,
SMURF2,RUNX2,-1,gold_standard,
SNAI1,CDH1,1,gold_standard,
SNAI1,CTNNB1,-1,gold_standard,
SNAI1,CXADR,-1,gold_standard,
SNAI1,HNF4A,-1,gold_standard,
SNAI1,ID1,1,gold_standard,
SNAI1,ITGB4,-1,gold_standard,
SNAI1,LIN28A,1,gold_standard,
SNAI1,LLGL2,-1,gold_standard,
SNAI1,MIR295,1,gold_standard,
SNAI1,MMP2,1,gold_standard,
SNAI1,OCLN,-1,gold_standard,
SNAI1,PHGDH,-1,gold_standard,
SNAI1,RUNX2,-1,gold_standard,
SNAI1,THBD,-1,gold_standard,
SNAI1,TJP1,-1,gold_standard,
SNAI1,TRP53,-1,gold_standard,
SNAI1,MMP15,1,gold_standard,
SND1,E2F1,1,gold_standard,
SOX17,CCND1,-1,gold_standard,
SOX17,CTNNB1,-1,gold_standard,
SOX17,FOXA2,1,gold_standard,
SOX17,LAMA1,1,gold_standard,
SOX2,BIRC5,1,gold_standard,
SOX2,CCND1,-1,gold_standard,
SOX2,CDKN1B,1,gold_standard,
SOX2,EGFR,1,gold_standard,
SOX2,FGF4,1,gold_standard,
SOX2,LEFTY1,1,gold_standard,
SOX2,NANOG,-1,gold_standard,
SOX2,POU5F1,1,gold_standard,
SOX2,SOX2,1,gold_standard,
SOX2,UTF1,1,gold_standard,
SOX2,XIST,-1,gold_standard,
SOX2,ZSCAN10,1,gold_standard,
SOX4,CTNNB1,1,gold_standard,
SOX4,EZH2,-1,gold_standard,
SOX4,MECOM,1,gold_standard,
SOX4,TCF4,1,gold_standard,
SOX6,CCND1,-1,gold_standard,
SOX6,FGF3,-1,gold_standard,
SOX6,TRP53,1,gold_standard,
SOX7,FGF3,1,gold_standard,
SOX7,LAMA1,1,gold_standard,
SOX7,SOX4,1,gold_standard,
SP1,ABCC1,1,gold_standard,
SP1,ACACA,1,gold_standard,
SP1,ACSS1,1,gold_standard,
SP1,ADCYAP1R1,1,gold_standard,
SP1,AHR,1,gold_standard,
SP1,APP,1,gold_standard,
SP1,ARNTL,1,gold_standard,
SP1,BACE1,1,gold_standard,
SP1,BSG,1,gold_standard,
SP1,CADM1,1,gold_standard,
SP1,CCND1,1,gold_standard,
SP1,CCND2,1,gold_standard,
SP1,CCND3,1,gold_standard,
SP1,CD1D2,1,gold_standard,
SP1,CDH5,1,gold_standard,
SP1,CDKN1A,1,gold_standard,
SP1,CDKN1C,1,gold_standard,
SP1,CDKN2C,1,gold_standard,
SP1,CEBPA,-1,gold_standard,
SP1,CIRBP,1,gold_standard,
SP1,COL5A1,1,gold_standard,
SP1,COPS5,1,gold_standard,
SP1,COX17,1,gold_standard,
SP1,COX4I1,-1,gold_standard,
SP1,CSF1,1,gold_standard,
SP1,CSRP2,1,gold_standard,
SP1,DMD,1,gold_standard,
SP1,DNMT1,1,gold_standard,
SP1,ECM1,1,gold_standard,
SP1,EGR1,1,gold_standard,
SP1,FMR1,1,gold_standard,
SP1,GPC4,1,gold_standard,
SP1,GSTK1,-1,gold_standard,
SP1,HINFP,1,gold_standard,
SP1,HMGA2,1,gold_standard,
SP1,HSPA1B,1,gold_standard,
SP1,ICAM1,1,gold_standard,
SP1,IFITM5,1,gold_standard,
SP1,ITGA5,1,gold_standard,
SP1,ITGA6,1,gold_standard,
SP1,JAK3,1,gold_standard,
SP1,JUND,1,gold_standard,
SP1,KDM5A,1,gold_standard,
SP1,KLF16,1,gold_standard,
SP1,LAMA1,1,gold_standard,
SP1,LGALS1,1,gold_standard,
SP1,LIPE,1,gold_standard,
SP1,MET,1,gold_standard,
SP1,MFN2,1,gold_standard,
SP1,MGARP,1,gold_standard,
SP1,MIF,1,gold_standard,
SP1,MYC,-1,gold_standard,
SP1,NANOG,1,gold_standard,
SP1,NGFR,-1,gold_standard,
SP1,NOS3,1,gold_standard,
SP1,NPR1,1,gold_standard,
SP1,NRGN,1,gold_standard,
SP1,NRP1,1,gold_standard,
SP1,PARP1,1,gold_standard,
SP1,PCYT1A,1,gold_standard,
SP1,PEMT,-1,gold_standard,
SP1,PLD2,-1,gold_standard,
SP1,PRKRA,1,gold_standard,
SP1,PTDSS1,1,gold_standard,
SP1,PTGS1,1,gold_standard,
SP1,REST,1,gold_standard,
SP1,RHOX5,1,gold_standard,
SP1,RUNX2,1,gold_standard,
SP1,SETDB1,1,gold_standard,
SP1,SIRT1,1,gold_standard,
SP1,SLC2A1,1,gold_standard,
SP1,SLC2A3,-1,gold_standard,
SP1,SP4,-1,gold_standard,
SP1,SRC,1,gold_standard,
SP1,SREBF1,1,gold_standard,
SP1,TEC,1,gold_standard,
SP1,TERT,1,gold_standard,
SP1,TESC,1,gold_standard,
SP1,TGM1,1,gold_standard,
SP1,THRA,-1,gold_standard,
SP1,TPT1,1,gold_standard,
SP1,TXLNG,1,gold_standard,
SP1,VEGFA,1,gold_standard,
SP1,ZBTB14,1,gold_standard,
SP2,B4GALNT1,1,gold_standard,
SP2,PCYT1A,-1,gold_standard,
SP3,ACACA,1,gold_standard,
SP3,AHR,1,gold_standard,
SP3,ANGPT2,1,gold_standard,
SP3,BSG,1,gold_standard,
SP3,CDH5,1,gold_standard,
SP3,CDKN1A,1,gold_standard,
SP3,CEBPA,1,gold_standard,
SP3,CSF1,1,gold_standard,
SP3,DMD,1,gold_standard,
SP3,DNMT1,1,gold_standard,
SP3,GHR,1,gold_standard,
SP3,GPC4,1,gold_standard,
SP3,HMGA2,1,gold_standard,
SP3,IFITM5,1,gold_standard,
SP3,ITGA6,1,gold_standard,
SP3,LAMA1,1,gold_standard,
SP3,LIPE,1,gold_standard,
SP3,MET,-1,gold_standard,
SP3,NANOG,1,gold_standard,
SP3,NRGN,1,gold_standard,
SP3,PCYT1A,1,gold_standard,
SP3,PRKRA,1,gold_standard,
SP3,PTDSS1,1,gold_standard,
SP3,SETDB1,1,gold_standard,
SP3,SLC2A3,-1,gold_standard,
SP3,SP1,-1,gold_standard,
SP3,TERT,1,gold_standard,
SP3,TESC,1,gold_standard,
SP3,TXLNG,-1,gold_standard,
SP3,VEGFA,1,gold_standard,
SP3,ZFP143,1,gold_standard,
SP4,NRGN,1,gold_standard,
SREBF1,ABCA3,1,gold_standard,
SREBF1,ACACA,1,gold_standard,
SREBF1,ACSS2,1,gold_standard,
SREBF1,CDKN1A,1,gold_standard,
SREBF1,CLU,1,gold_standard,
SREBF1,FASN,1,gold_standard,
SREBF1,FBXW7,-1,gold_standard,
SREBF1,GPAM,1,gold_standard,
SREBF1,LIPE,1,gold_standard,
SREBF1,NPC1,1,gold_standard,
SREBF1,PLA2G6,1,gold_standard,
SREBF1,RETN,1,gold_standard,
SREBF1,SLC2A4,1,gold_standard,
SREBF2,ACSS2,1,gold_standard,
SREBF2,CDKN1A,1,gold_standard,
SREBF2,HNF4A,-1,gold_standard,
SREBF2,MVK,1,gold_standard,
SREBF2,NPC1,1,gold_standard,
SRF,EGR1,-1,gold_standard,
SRF,MMP14,1,gold_standard,
SRF,MMP2,1,gold_standard,
SRF,NPPA,1,gold_standard,
SRF,TGFB1I1,1,gold_standard,
SRRT,SOX2,1,gold_standard,
SSB,LAMB1,1,gold_standard,
STAT1,CFB,1,gold_standard,
STAT1,IL6,-1,gold_standard,
STAT1,IRF1,1,gold_standard,
STAT1,IRF7,1,gold_standard,
STAT1,MDM2,-1,gold_standard,
STAT1,MT1,1,gold_standard,
STAT1,RC3H1,1,gold_standard,
STAT1,SOCS1,1,gold_standard,
STAT1,SOCS3,1,gold_standard,
STAT1,TRP53,1,gold_standard,
STAT1,UPP1,1,gold_standard,
STAT2,IRF7,1,gold_standard,
STAT3,AKT1,1,gold_standard,
STAT3,BCL2L1,-1,gold_standard,
STAT3,CDKN2D,1,gold_standard,
STAT3,S1PR1,1,gold_standard,
STAT3,EGR1,1,gold_standard,
STAT3,ENTPD1,1,gold_standard,
STAT3,FOS,1,gold_standard,
STAT3,GFAP,1,gold_standard,
STAT3,HIF1A,1,gold_standard,
STAT3,IL6,1,gold_standard,
STAT3,JAK3,1,gold_standard,
STAT3,KLF4,1,gold_standard,
STAT3,LIF,1,gold_standard,
STAT3,MMP2,1,gold_standard,
STAT3,MT1,1,gold_standard,
STAT3,MYC,-1,gold_standard,
STAT3,NOSTRIN,-1,gold_standard,
STAT3,NT5E,1,gold_standard,
STAT3,PRDM1,1,gold_standard,
STAT3,PTEN,1,gold_standard,
STAT3,RC3H1,1,gold_standard,
STAT3,RELA,-1,gold_standard,
STAT3,SOCS3,1,gold_standard,
STAT3,SOX6,1,gold_standard,
STAT3,SREBF1,-1,gold_standard,
STAT3,STAT3,1,gold_standard,
STAT3,TCF4,1,gold_standard,
STAT3,TGFB1,1,gold_standard,
STAT3,TRH,1,gold_standard,
STAT3,TRP53,-1,gold_standard,
STAT3,TWIST1,1,gold_standard,
STAT3,VEGFA,1,gold_standard,
STAT5A,BCL2L1,1,gold_standard,
STAT5A,CDKN2B,1,gold_standard,
STAT5A,DPAGT1,1,gold_standard,
STAT5A,FAM89B,1,gold_standard,
STAT5A,NR3C1,-1,gold_standard,
STAT5B,SLC10A1,1,gold_standard,
STAT6,BCL2L1,1,gold_standard,
STAT6,GATA3,1,gold_standard,
STAT6,ITGB3,1,gold_standard,
STAT6,NCOA3,1,gold_standard,
SUFU,GLI2,1,gold_standard,
SUFU,GLI3,-1,gold_standard,
TAF9,TRP53,1,gold_standard,
TBP,FOS,1,gold_standard,
TBP,NF1,-1,gold_standard,
TBP,NTRK1,-1,gold_standard,
TBPL1,NF1,1,gold_standard,
TBX20,MEF2C,1,gold_standard,
TBX20,NPPA,-1,gold_standard,
TBX3,BGLAP,-1,gold_standard,
TBX3,CDKN1A,-1,gold_standard,
TBX3,GJA1,-1,gold_standard,
TBX3,HNF1B,-1,gold_standard,
TBX3,NPPA,-1,gold_standard,
TBX3,RUNX2,-1,gold_standard,
TCF12,PTCRA,1,gold_standard,
TCF19,CCNE1,-1,gold_standard,
TCF3,CCND3,1,gold_standard,
TCF3,CDH1,-1,gold_standard,
TCF3,CDKN1A,1,gold_standard,
TCF3,ESRRB,-1,gold_standard,
TCF3,FOXO1,1,gold_standard,
TCF3,ID1,1,gold_standard,
TCF3,NANOG,-1,gold_standard,
TCF3,NR5A2,-1,gold_standard,
TCF3,PTCRA,1,gold_standard,
TCF3,TCL1,-1,gold_standard,
TCF3,TPT1,1,gold_standard,
TCF3,UNG,-1,gold_standard,
TCF4,NOTUM,1,gold_standard,
TCF4,CDH1,-1,gold_standard,
TCF4,COPS5,1,gold_standard,
TCF4,FN1,1,gold_standard,
TCF4,ID3,1,gold_standard,
TCF4,MITF,-1,gold_standard,
TCF4,PLAUR,1,gold_standard,
TCF7,BCL2L1,1,gold_standard,
TCF7,RUNX2,1,gold_standard,
TEAD4,FGFR4,1,gold_standard,
TEAD4,PPP1R16A,1,gold_standard,
TEAD4,VEGFB,1,gold_standard,
TFAP2C,CDK6,-1,gold_standard,
TFAP2C,CDKN1A,-1,gold_standard,
TFAP2C,DMRT1,-1,gold_standard,
TFAP2C,DNMT3B,-1,gold_standard,
TFAP2C,DNMT3L,-1,gold_standard,
TFAP2C,FGF4,-1,gold_standard,
TFAP2C,KIT,-1,gold_standard,
TFAP2C,SFRP1,-1,gold_standard,
TFE3,TXNIP,-1,gold_standard,
TGFB1,KLF6,1,gold_standard,
TGFB1I1,TGFB1,1,gold_standard,
TGFB1I1,TPT1,1,gold_standard,
THRAP3,CEBPA,1,gold_standard,
TNF,CASP3,1,gold_standard,
TNFAIP3,BAX,1,gold_standard,
TNFAIP3,PPARA,1,gold_standard,
TRIM24,STAT1,-1,gold_standard,
TRP53,AGTR1A,1,gold_standard,
TRP53,AMELX,1,gold_standard,
TRP53,APAF1,1,gold_standard,
TRP53,ATF3,1,gold_standard,
TRP53,BAK1,1,gold_standard,
TRP53,BAX,1,gold_standard,
TRP53,BBC3,1,gold_standard,
TRP53,BTG2,1,gold_standard,
TRP53,CASP6,1,gold_standard,
TRP53,CASP7,1,gold_standard,
TRP53,CCNB1,-1,gold_standard,
TRP53,CDK2,-1,gold_standard,
TRP53,CDK5,1,gold_standard,
TRP53,CDKN1A,1,gold_standard,
TRP53,CHEK1,-1,gold_standard,
TRP53,CKAP2,1,gold_standard,
TRP53,CXCR2,1,gold_standard,
TRP53,DDIT4,1,gold_standard,
TRP53,DUSP4,1,gold_standard,
TRP53,DYRK1A,1,gold_standard,
TRP53,E2F1,-1,gold_standard,
TRP53,ELF4,-1,gold_standard,
TRP53,UHRF1BP1,1,gold_standard,
TRP53,FOS,-1,gold_standard,
TRP53,FOXM1,-1,gold_standard,
TRP53,FOXO3,1,gold_standard,
TRP53,GABRE,-1,gold_standard,
TRP53,GADD45A,1,gold_standard,
TRP53,GSK3B,1,gold_standard,
TRP53,GTSE1,1,gold_standard,
TRP53,HDGF,1,gold_standard,
TRP53,HIPK2,1,gold_standard,
TRP53,HMOX1,1,gold_standard,
TRP53,HRAS,1,gold_standard,
TRP53,HSPA1B,1,gold_standard,
TRP53,INSR,-1,gold_standard,
TRP53,KLF2,-1,gold_standard,
TRP53,KRT19,1,gold_standard,
TRP53,MXI1,-1,gold_standard,
TRP53,MAPK1,1,gold_standard,
TRP53,MCM7,-1,gold_standard,
TRP53,MCTS1,-1,gold_standard,
TRP53,MDM2,1,gold_standard,
TRP53,MET,1,gold_standard,
TRP53,MGMT,-1,gold_standard,
TRP53,NANOG,-1,gold_standard,
TRP53,NDRG1,1,gold_standard,
TRP53,NOTCH1,1,gold_standard,
TRP53,NUPR1,-1,gold_standard,
TRP53,PCNA,-1,gold_standard,
TRP53,PER2,1,gold_standard,
TRP53,PERP,1,gold_standard,
TRP53,PIAS3,-1,gold_standard,
TRP53,PLK3,1,gold_standard,
TRP53,PML,1,gold_standard,
TRP53,POLK,-1,gold_standard,
TRP53,PRNP,1,gold_standard,
TRP53,PSEN1,-1,gold_standard,
TRP53,PTK2,-1,gold_standard,
TRP53,RAP2B,1,gold_standard,
TRP53,REEP5,-1,gold_standard,
TRP53,RPS6KA1,1,gold_standard,
TRP53,RUNX1,-1,gold_standard,
TRP53,SESN1,1,gold_standard,
TRP53,SIAH1B,1,gold_standard,
TRP53,SIN3A,1,gold_standard,
TRP53,SIVA1,1,gold_standard,
TRP53,SLC6A6,-1,gold_standard,
TRP53,SOD2,1,gold_standard,
TRP53,SRC,1,gold_standard,
TRP53,SREBF1,-1,gold_standard,
TRP53,TCF4,1,gold_standard,
TRP53,TCF7L2,-1,gold_standard,
TRP53,TERT,-1,gold_standard,
TRP53,THBS1,1,gold_standard,
TRP53,TNFRSF10B,1,gold_standard,
TRP53,TPT1,1,gold_standard,
TRP53,TRP53,1,gold_standard,
TRP53,TRP53INP1,1,gold_standard,
TRP53,TYMS,-1,gold_standard,
TRP53,UHRF1,-1,gold_standard,
TRP53,UPP1,1,gold_standard,
TRP53,KLF4,1,gold_standard,
TRP53BP1,ATM,-1,gold_standard,
TRP53BP1,BRCA1,1,gold_standard,
TRP53BP1,CHEK2,1,gold_standard,
TRPS1,RUNX1,-1,gold_standard,
TRPS1,RUNX2,-1,gold_standard,
TRPS1,STAT3,-1,gold_standard,
TRRAP,MITF,-1,gold_standard,
TSG101,MDM2,1,gold_standard,
TWIST1,CDH1,-1,gold_standard,
TWIST1,CDKN1A,-1,gold_standard,
TWIST1,FGF10,1,gold_standard,
TWIST1,FGFR2,1,gold_standard,
TWIST1,MME,1,gold_standard,
TWIST1,PDGFRA,1,gold_standard,
TWIST1,POSTN,1,gold_standard,
TWIST1,RUNX3,1,gold_standard,
TWIST1,TBX20,1,gold_standard,
TWIST1,TEK,1,gold_standard,
TWIST1,TNF,-1,gold_standard,
TWIST1,TRP53,-1,gold_standard,
TWIST1,ZYX,1,gold_standard,
USF1,FASN,1,gold_standard,
USF1,FMR1,1,gold_standard,
USF1,LIPE,1,gold_standard,
USF1,MT1,1,gold_standard,
USF1,SPP1,1,gold_standard,
USF1,TNFAIP3,1,gold_standard,
USF2,FASN,1,gold_standard,
USF2,FMR1,1,gold_standard,
USF2,HMOX1,1,gold_standard,
USF2,LIPE,1,gold_standard,
USF2,SPP1,1,gold_standard,
VAX2,PAX6,-1,gold_standard,
VEZF1,STMN1,1,gold_standard,
VHL,HIF1A,-1,gold_standard,
WT1,CSF1,-1,gold_standard,
WT1,IGF2,-1,gold_standard,
WT1,INHA,1,gold_standard,
WT1,NPHS1,1,gold_standard,
WT1,STIM1,-1,gold_standard,
WT1,VEGFA,1,gold_standard,
WWP1,TRP53,1,gold_standard,
WWTR1,GLIS3,1,gold_standard,
WWTR1,OFD1,1,gold_standard,
WWTR1,TSC1,1,gold_standard,
XBP1,BHLHA15,1,gold_standard,
XBP1,ERN1,-1,gold_standard,
XBP1,FASN,1,gold_standard,
XBP1,FOXO1,-1,gold_standard,
XBP1,HERPUD1,1,gold_standard,
XBP1,IRF4,-1,gold_standard,
XBP1,PRDM1,-1,gold_standard,
XBP1,SETD7,1,gold_standard,
XBP1,STARD5,1,gold_standard,
XBP1,TMBIM6,-1,gold_standard,
XRCC5,APAF1,-1,gold_standard,
XRCC6,APAF1,-1,gold_standard,
XRCC6,BGLAP,-1,gold_standard,
YBX1,ABCB1A,-1,gold_standard,
YBX1,SLC2A3,1,gold_standard,
YY1,AMELX,1,gold_standard,
YY1,CDH1,-1,gold_standard,
YY1,CDKN2C,1,gold_standard,
YY1,EGF,-1,gold_standard,
YY1,FOS,-1,gold_standard,
YY1,HSPA5,1,gold_standard,
YY1,ID4,-1,gold_standard,
YY1,LAMA1,1,gold_standard,
YY1,MSX2,1,gold_standard,
YY1,OTX2,1,gold_standard,
YY1,PEG3,1,gold_standard,
YY1,TCF4,-1,gold_standard,
YY1,TOP3A,1,gold_standard,
YY1,TRP53,1,gold_standard,
YY1,ZHX1,1,gold_standard,
ZBTB17,MAPK8,-1,gold_standard,
ZBTB17,SLC11A1,1,gold_standard,
ZBTB2,TRP53,-1,gold_standard,
ZBTB33,CTNNB1,-1,gold_standard,
ZBTB33,WNT11,-1,gold_standard,
ZBTB33,ZFP131,-1,gold_standard,
ZBTB7A,BCL2L11,-1,gold_standard,
ZBTB7A,CCNA2,-1,gold_standard,
ZBTB7A,CDKN2A,-1,gold_standard,
ZBTB7A,CREB3,-1,gold_standard,
ZBTB7A,NFATC1,1,gold_standard,
ZEB1,CDH1,-1,gold_standard,
ZEB1,MIA,-1,gold_standard,
ZEB1,MITF,1,gold_standard,
ZEB1,PKP3,-1,gold_standard,
ZEB1,TGFB1,-1,gold_standard,
ZEB2,CDH1,-1,gold_standard,
ZFP143,NANOG,1,gold_standard,
ZFP148,GATA1,1,gold_standard,
ZFP263,COL11A2,-1,gold_standard,
ZFP277,CDKN2A,1,gold_standard,
ZFP281,NANOG,1,gold_standard,
ZFP36,NFKB1,-1,gold_standard,
ZFP384,NFKB1,-1,gold_standard,
ZFP385A,TRP53,1,gold_standard,
ZFP42,TSIX,1,gold_standard,
ZFP423,EBF1,-1,gold_standard,
ZFP64,HES1,1,gold_standard,
ZFPM1,GATA3,-1,gold_standard,
ZHX3,WT1,1,gold_standard,
ZIC2,EPHA4,1,gold_standard,
ZIC3,NANOG,1,gold_standard,
ZSCAN10,NANOG,1,gold_standard,
ZSCAN10,POU5F1,1,gold_standard,
AHR,FOS,1,dorothea,
AHR,MYC,1,dorothea,
AHR,ASAP1,1,dorothea,
AHR,VGLL4,1,dorothea,
ARID2,AGTPBP1,1,dorothea,
ARID2,ATXN7,1,dorothea,
ARID2,BAZ2A,1,dorothea,
ARID2,BBX,1,dorothea,
ARID2,CACUL1,1,dorothea,
ARID2,CDK17,1,dorothea,
ARID2,CHD2,1,dorothea,
ARID2,CHD9,1,dorothea,
ARID2,CPSF6,1,dorothea,
ARID2,FOXJ3,1,dorothea,
ARID2,HNRNPH1,1,dorothea,
ARID2,HNRNPL,1,dorothea,
ARID2,JMJD1C,1,dorothea,
ARID2,LRP6,1,dorothea,
ARID2,MAP4K5,1,dorothea,
ARID2,MLLT10,1,dorothea,
ARID2,MSI2,1,dorothea,
ARID2,NCOA2,1,dorothea,
ARID2,NFAT5,1,dorothea,
ARID2,PAWR,1,dorothea,
ARID2,RBPJ,1,dorothea,
ARID2,RCOR3,1,dorothea,
ARID2,SIAH1A,1,dorothea,
ARID2,SIAH1B,1,dorothea,
ARID2,SOS1,1,dorothea,
ARID2,TIAL1,1,dorothea,
ARID2,TNPO1,1,dorothea,
ARID2,USP3,1,dorothea,
ARID2,WAC,1,dorothea,
ARID2,ZCCHC2,1,dorothea,
ARID2,ZFP131,1,dorothea,
ARNT,BHLHE40,1,dorothea,
ARNT,LDHA,1,dorothea,
ARNT,VEGFA,1,dorothea,
ARNTL,CRY1,1,dorothea,
ARNTL,CRY2,1,dorothea,
ARNTL,NR1D1,1,dorothea,
ARNTL,NR1D2,1,dorothea,
ARNTL,PER3,1,dorothea,
ATF1,ERBB2,1,dorothea,
ATF1,FLT1,1,dorothea,
ATF1,LDHA,1,dorothea,
ATF1,MAP1LC3B,1,dorothea,
ATF1,PLAUR,1,dorothea,
ATF1,SLC20A1,1,dorothea,
ATF1,TGFB2,1,dorothea,
ATF1,TOP2A,1,dorothea,
ATF1,UGT8A,1,dorothea,
ATF2,ATF3,1,dorothea,
ATF2,CDKN1A,1,dorothea,
ATF2,DUSP1,1,dorothea,
ATF2,FN1,1,dorothea,
ATF2,IMPDH2,1,dorothea,
ATF2,INS1,1,dorothea,
ATF2,JUN,1,dorothea,
ATF2,MMP2,1,dorothea,
ATF2,NOS3,-1,dorothea,
ATF2,NR4A2,1,dorothea,
ATF2,PCK2,1,dorothea,
ATF2,PLAT,1,dorothea,
ATF2,RB1,1,dorothea,
ATF2,TGFB2,-1,dorothea,
ATF2,TNF,1,dorothea,
ATF3,ASNS,1,dorothea,
ATF3,DDIT3,1,dorothea,
ATF3,GCLC,-1,dorothea,
ATF3,ID1,-1,dorothea,
ATF3,LDLR,-1,dorothea,
ATF3,STAT3,-1,dorothea,
ATF3,AKAP13,-1,dorothea,
ATF3,ANXA1,-1,dorothea,
ATF3,BHLHE40,-1,dorothea,
ATF3,COA7,-1,dorothea,
ATF3,CREB5,-1,dorothea,
ATF3,ELMSAN1,-1,dorothea,
ATF3,ETS2,-1,dorothea,
ATF3,FAM49B,-1,dorothea,
ATF3,GLIS3,-1,dorothea,
ATF3,GNA12,-1,dorothea,
ATF3,HSPB1,-1,dorothea,
ATF3,KDM4C,-1,dorothea,
ATF3,KDM6B,-1,dorothea,
ATF3,KLF6,-1,dorothea,
ATF3,MAPKAP1,-1,dorothea,
ATF3,MAPRE2,-1,dorothea,
ATF3,MED15,-1,dorothea,
ATF3,MYO18A,-1,dorothea,
ATF3,NFIA,-1,dorothea,
ATF3,PCBP1,-1,dorothea,
ATF3,PER1,-1,dorothea,
ATF3,PRPF31,-1,dorothea,
ATF3,PTP4A1,-1,dorothea,
ATF3,RAD9A,-1,dorothea,
ATF3,RCAN1,-1,dorothea,
ATF3,RUNX1,-1,dorothea,
ATF3,SMOX,-1,dorothea,
ATF3,SND1,-1,dorothea,
ATF3,SPAG9,-1,dorothea,
ATF3,SPRED2,-1,dorothea,
ATF3,SREBF1,-1,dorothea,
ATF3,TOM1L2,-1,dorothea,
ATF3,TRIB1,-1,dorothea,
ATF3,TSC22D2,-1,dorothea,
ATF3,UBC,-1,dorothea,
ATF3,VGLL4,-1,dorothea,
ATF3,VMP1,-1,dorothea,
ATF3,ZBTB20,-1,dorothea,
ATF3,ZFP36L1,-1,dorothea,
ATF4,ASNS,1,dorothea,
ATF4,ATF3,1,dorothea,
ATF4,CEBPB,1,dorothea,
ATF4,CHAC1,1,dorothea,
ATF4,DDIT3,1,dorothea,
ATF4,DDIT4,1,dorothea,
ATF4,DISC1,1,dorothea,
ATF4,MCL1,1,dorothea,
ATF4,NUPR1,1,dorothea,
ATF4,TRIB3,1,dorothea,
ATF4,VEGFA,1,dorothea,
ATF6,ATP2A2,1,dorothea,
ATF6,CALR,1,dorothea,
ATF6,DDIT3,1,dorothea,
ATF6,DNAJC3,1,dorothea,
ATF6,HSP90B1,1,dorothea,
ATF6,RTN3,1,dorothea,
ATF6,SEL1L,1,dorothea,
ATF6,SRF,1,dorothea,
ATF6,XBP1,1,dorothea,
ATF7,ARID1A,1,dorothea,
ATF7,ARID1B,1,dorothea,
ATF7,CMIP,1,dorothea,
ATF7,CREB3L2,1,dorothea,
ATF7,CREBBP,1,dorothea,
ATF7,DEPDC5,1,dorothea,
ATF7,DST,1,dorothea,
ATF7,EML2,1,dorothea,
ATF7,EXOC4,1,dorothea,
ATF7,IGF1,1,dorothea,
ATF7,KANSL1,1,dorothea,
ATF7,KDM4C,1,dorothea,
ATF7,KPNA6,1,dorothea,
ATF7,MOV10L1,1,dorothea,
ATF7,MSI2,1,dorothea,
ATF7,NFIA,1,dorothea,
ATF7,PHF21A,1,dorothea,
ATF7,PTPRS,1,dorothea,
ATF7,SND1,1,dorothea,
ATF7,TCF12,1,dorothea,
ATF7,TEAD1,1,dorothea,
ATF7,TNRC6B,1,dorothea,
ATF7,TRP53BP1,1,dorothea,
ATF7,UBE2H,1,dorothea,
ATF7,XPO7,1,dorothea,
ATF7,ZFP36L1,1,dorothea,
BACH1,ALDOA,1,dorothea,
BACH1,ASAP1,1,dorothea,
BACH1,BICDL1,1,dorothea,
BACH1,CDK6,1,dorothea,
BACH1,CLIP4,1,dorothea,
BACH1,DPH6,1,dorothea,
BACH1,GCLC,1,dorothea,
BACH1,IFRD1,1,dorothea,
BACH1,KCTD20,1,dorothea,
BACH1,LBR,1,dorothea,
BACH1,MAFG,1,dorothea,
BACH1,MAPT,1,dorothea,
BACH1,ME1,1,dorothea,
BACH1,MSANTD3,1,dorothea,
BACH1,NQO2,1,dorothea,
BACH1,PHLDA2,1,dorothea,
BACH1,PIK3CD,1,dorothea,
BACH1,PSAP,1,dorothea,
BACH1,SLC48A1,1,dorothea,
BACH1,SLC7A11,1,dorothea,
BACH1,SLX4IP,1,dorothea,
BACH1,SMARCA4,1,dorothea,
BACH1,SQSTM1,1,dorothea,
BACH1,SSC4D,1,dorothea,
BACH1,SYNJ2,1,dorothea,
BACH1,TNFAIP2,1,dorothea,
BACH1,TRIM56,1,dorothea,
BACH2,RIPOR2,1,dorothea,
BACH2,AP1B1,1,dorothea,
BACH2,ARHGEF3,1,dorothea,
BACH2,COQ8B,1,dorothea,
BACH2,DAAM1,1,dorothea,
BACH2,EGLN3,1,dorothea,
BACH2,EPS15L1,1,dorothea,
BACH2,ERCC1,1,dorothea,
BACH2,ETS1,1,dorothea,
BACH2,FOXO3,1,dorothea,
BACH2,GSTP1,1,dorothea,
BACH2,GSTP2,1,dorothea,
BACH2,HIVEP2,1,dorothea,
BACH2,IFRD1,1,dorothea,
BACH2,ITPKB,1,dorothea,
BACH2,JMJD1C,1,dorothea,
BACH2,KCTD20,1,dorothea,
BACH2,KLHL21,1,dorothea,
BACH2,LBR,1,dorothea,
BACH2,LRRK2,1,dorothea,
BACH2,MAFG,1,dorothea,
BACH2,MGAT5,1,dorothea,
BACH2,OSBPL10,1,dorothea,
BACH2,PLXND1,1,dorothea,
BACH2,PRDM10,1,dorothea,
BACH2,PRDM2,1,dorothea,
BACH2,PSAP,1,dorothea,
BACH2,PURB,1,dorothea,
BACH2,RASSF2,1,dorothea,
BACH2,RGS3,1,dorothea,
BACH2,SEMA4D,1,dorothea,
BACH2,SIAH2,1,dorothea,
BACH2,SLC16A6,1,dorothea,
BACH2,SLC6A6,1,dorothea,
BACH2,SLC7A7,1,dorothea,
BACH2,SNX25,1,dorothea,
BACH2,SQSTM1,1,dorothea,
BACH2,SWAP70,1,dorothea,
BACH2,TBK1,1,dorothea,
BACH2,TCF4,1,dorothea,
BACH2,TEX19.1,1,dorothea,
BACH2,TNFSF9,1,dorothea,
BACH2,TUBA4A,1,dorothea,
BHLHE40,NR4A1,-1,dorothea,
BHLHE40,ABCC1,-1,dorothea,
BHLHE40,ACAP3,-1,dorothea,
BHLHE40,ACTB,-1,dorothea,
BHLHE40,ANKRD11,-1,dorothea,
BHLHE40,ARHGEF3,-1,dorothea,
BHLHE40,BCL3,-1,dorothea,
BHLHE40,BCOR,-1,dorothea,
BHLHE40,CCDC57,-1,dorothea,
BHLHE40,CDKN1A,-1,dorothea,
BHLHE40,CREB5,-1,dorothea,
BHLHE40,CSK,-1,dorothea,
BHLHE40,CTTN,-1,dorothea,
BHLHE40,CUX1,-1,dorothea,
BHLHE40,EGLN3,-1,dorothea,
BHLHE40,ELMSAN1,-1,dorothea,
BHLHE40,FKBP5,-1,dorothea,
BHLHE40,FLNB,-1,dorothea,
BHLHE40,GNA12,-1,dorothea,
BHLHE40,HES1,-1,dorothea,
BHLHE40,ID2,-1,dorothea,
BHLHE40,IRF2BP2,-1,dorothea,
BHLHE40,JMJD1C,-1,dorothea,
BHLHE40,LDLR,-1,dorothea,
BHLHE40,MAP2K3,-1,dorothea,
BHLHE40,MICAL3,-1,dorothea,
BHLHE40,NEMP1,-1,dorothea,
BHLHE40,NR1D1,-1,dorothea,
BHLHE40,PARVB,-1,dorothea,
BHLHE40,PFKFB3,-1,dorothea,
BHLHE40,PIM1,-1,dorothea,
BHLHE40,PLEC,-1,dorothea,
BHLHE40,RALGDS,-1,dorothea,
BHLHE40,RARA,-1,dorothea,
BHLHE40,RASSF5,-1,dorothea,
BHLHE40,RGS9,-1,dorothea,
BHLHE40,SEMA4B,-1,dorothea,
BHLHE40,SH3BP2,-1,dorothea,
BHLHE40,SLC16A3,-1,dorothea,
BHLHE40,SLC37A1,-1,dorothea,
BHLHE40,SLC7A5,-1,dorothea,
BHLHE40,SMAD7,-1,dorothea,
BHLHE40,SNAP47,-1,dorothea,
BHLHE40,SRC,-1,dorothea,
BHLHE40,SUB1,-1,dorothea,
BHLHE40,SYNJ2,-1,dorothea,
BHLHE40,TLE3,-1,dorothea,
BHLHE40,TNFSF9,-1,dorothea,
BHLHE40,TRAPPC9,-1,dorothea,
BHLHE40,UBE2D3,-1,dorothea,
BHLHE40,VGLL4,-1,dorothea,
BHLHE40,XXYLT1,-1,dorothea,
BHLHE40,ZFP36L1,-1,dorothea,
CEBPA,9130401M01RIK,1,dorothea,
CEBPA,ABCB1A,1,dorothea,
CEBPA,ABCB1B,1,dorothea,
CEBPA,ABCC1,1,dorothea,
CEBPA,ACACA,1,dorothea,
CEBPA,ACACB,1,dorothea,
CEBPA,ACE,1,dorothea,
CEBPA,AEBP1,1,dorothea,
CEBPA,ALOX5AP,1,dorothea,
CEBPA,APOB,1,dorothea,
CEBPA,CCNB1,1,dorothea,
CEBPA,CCND1,1,dorothea,
CEBPA,CCNE1,1,dorothea,
CEBPA,CDK2,1,dorothea,
CEBPA,CDKN1A,1,dorothea,
CEBPA,COMT,1,dorothea,
CEBPA,CREB1,1,dorothea,
CEBPA,CRMP1,1,dorothea,
CEBPA,CSF1,1,dorothea,
CEBPA,CSRP1,1,dorothea,
CEBPA,CXCR2,1,dorothea,
CEBPA,E2F2,1,dorothea,
CEBPA,E2F3,1,dorothea,
CEBPA,EHHADH,1,dorothea,
CEBPA,ENPP3,1,dorothea,
CEBPA,F3,1,dorothea,
CEBPA,FASN,1,dorothea,
CEBPA,FN1,1,dorothea,
CEBPA,FOXA2,1,dorothea,
CEBPA,GADD45A,1,dorothea,
CEBPA,GLS2,1,dorothea,
CEBPA,GPX4,1,dorothea,
CEBPA,GSK3A,1,dorothea,
CEBPA,GSK3B,1,dorothea,
CEBPA,HMGB1,1,dorothea,
CEBPA,HNF4A,1,dorothea,
CEBPA,HOMER3,1,dorothea,
CEBPA,HSD17B11,1,dorothea,
CEBPA,HSPA4,1,dorothea,
CEBPA,ICAM1,1,dorothea,
CEBPA,ID1,1,dorothea,
CEBPA,IGF1,1,dorothea,
CEBPA,IGF2,1,dorothea,
CEBPA,IL6,1,dorothea,
CEBPA,INSR,1,dorothea,
CEBPA,IRS1,1,dorothea,
CEBPA,ITGAL,1,dorothea,
CEBPA,KAT7,1,dorothea,
CEBPA,LDLR,1,dorothea,
CEBPA,MAD1L1,1,dorothea,
CEBPA,MAT2A,1,dorothea,
CEBPA,MME,1,dorothea,
CEBPA,MMP11,1,dorothea,
CEBPA,MYBL1,1,dorothea,
CEBPA,MYC,-1,dorothea,
CEBPA,NFYA,1,dorothea,
CEBPA,NFYC,1,dorothea,
CEBPA,PCK2,1,dorothea,
CEBPA,PCNA,1,dorothea,
CEBPA,PER2,1,dorothea,
CEBPA,RB1,1,dorothea,
CEBPA,SCD2,1,dorothea,
CEBPA,SERPINC1,1,dorothea,
CEBPA,SLC10A1,1,dorothea,
CEBPA,SLC9A1,1,dorothea,
CEBPA,SMYD2,1,dorothea,
CEBPA,SOCS3,1,dorothea,
CEBPA,SOD1,1,dorothea,
CEBPA,SP1,1,dorothea,
CEBPA,SPIDR,1,dorothea,
CEBPA,SPP1,1,dorothea,
CEBPA,SREBF1,1,dorothea,
CEBPA,SREBF2,1,dorothea,
CEBPA,STAR,1,dorothea,
CEBPA,STAT3,1,dorothea,
CEBPA,THOC1,1,dorothea,
CEBPA,TIMP2,1,dorothea,
CEBPA,TK1,1,dorothea,
CEBPA,TNFAIP3,1,dorothea,
CEBPA,TNFRSF1A,1,dorothea,
CEBPA,TOP2A,1,dorothea,
CEBPA,TRF,1,dorothea,
CEBPA,UHRF1,1,dorothea,
CEBPA,VLDLR,1,dorothea,
CEBPB,ABCB1A,1,dorothea,
CEBPB,ABCB1B,1,dorothea,
CEBPB,ASNS,1,dorothea,
CEBPB,BCL2L1,1,dorothea,
CEBPB,CDKN1A,1,dorothea,
CEBPB,CSRP1,1,dorothea,
CEBPB,FURIN,1,dorothea,
CEBPB,GADD45G,1,dorothea,
CEBPB,GFER,-1,dorothea,
CEBPB,IGF2,1,dorothea,
CEBPB,IL6,1,dorothea,
CEBPB,INSR,1,dorothea,
CEBPB,SLC10A1,1,dorothea,
CEBPB,SLC19A1,1,dorothea,
CEBPB,STAR,1,dorothea,
CEBPB,TNF,1,dorothea,
CEBPB,TOP1,1,dorothea,
CEBPB,XBP1,1,dorothea,
CEBPG,AIG1,1,dorothea,
CEBPG,ATP2A2,1,dorothea,
CEBPG,BRD4,1,dorothea,
CEBPG,CECR2,1,dorothea,
CEBPG,CHN2,1,dorothea,
CEBPG,CLIP1,1,dorothea,
CEBPG,CREB5,1,dorothea,
CEBPG,CRYZL1,1,dorothea,
CEBPG,DPYSL2,1,dorothea,
CEBPG,DST,1,dorothea,
CEBPG,EDEM1,1,dorothea,
CEBPG,ELMSAN1,1,dorothea,
CEBPG,EPAS1,1,dorothea,
CEBPG,EPS15,1,dorothea,
CEBPG,FGGY,1,dorothea,
CEBPG,FRYL,1,dorothea,
CEBPG,FYN,1,dorothea,
CEBPG,GRHL2,1,dorothea,
CEBPG,HK1,1,dorothea,
CEBPG,MAP4,1,dorothea,
CEBPG,MICAL2,1,dorothea,
CEBPG,MTHFD1L,1,dorothea,
CEBPG,NFIB,1,dorothea,
CEBPG,NFIL3,1,dorothea,
CEBPG,PHF3,1,dorothea,
CEBPG,PIK3R1,1,dorothea,
CEBPG,PTP4A2,1,dorothea,
CEBPG,ROCK2,1,dorothea,
CEBPG,RTN4,1,dorothea,
CEBPG,SLC38A1,1,dorothea,
CEBPG,SLC9A1,1,dorothea,
CEBPG,SOX6,1,dorothea,
CEBPG,TBC1D31,1,dorothea,
CEBPG,TCF4,1,dorothea,
CEBPG,TRIB1,1,dorothea,
CEBPG,TRIB3,1,dorothea,
CEBPG,VAV3,1,dorothea,
CLOCK,NR1D2,1,dorothea,
CLOCK,PER3,1,dorothea,
CLOCK,ATP9B,1,dorothea,
CLOCK,CDH23,1,dorothea,
CLOCK,CELSR1,1,dorothea,
CLOCK,CHCHD6,1,dorothea,
CLOCK,CMIP,1,dorothea,
CLOCK,CORO2B,1,dorothea,
CLOCK,CREB5,1,dorothea,
CLOCK,DENND3,1,dorothea,
CLOCK,DNAAF5,1,dorothea,
CLOCK,FAM91A1,1,dorothea,
CLOCK,GAS7,1,dorothea,
CLOCK,GET4,1,dorothea,
CLOCK,GLI3,1,dorothea,
CLOCK,INPP5A,1,dorothea,
CLOCK,IQSEC1,1,dorothea,
CLOCK,JCAD,1,dorothea,
CLOCK,LARP1,1,dorothea,
CLOCK,MAGI1,1,dorothea,
CLOCK,MICAL2,1,dorothea,
CLOCK,PCYT1A,1,dorothea,
CLOCK,PPFIA1,1,dorothea,
CLOCK,PREX1,1,dorothea,
CLOCK,PRKAG2,1,dorothea,
CLOCK,PTK2,1,dorothea,
CLOCK,RGS12,1,dorothea,
CLOCK,SEC14L1,1,dorothea,
CLOCK,SIPA1L1,1,dorothea,
CLOCK,SPTBN4,1,dorothea,
CLOCK,TIAM1,1,dorothea,
CLOCK,TNS1,1,dorothea,
CLOCK,TNS3,1,dorothea,
CLOCK,TRAPPC9,1,dorothea,
CLOCK,WDR66,1,dorothea,
CREB1,AQP3,1,dorothea,
CREB1,CCND1,1,dorothea,
CREB1,CDK11B,1,dorothea,
CREB1,CPT1A,1,dorothea,
CREB1,CXCR4,1,dorothea,
CREB1,EGR1,1,dorothea,
CREB1,ERBB2,1,dorothea,
CREB1,FLT1,1,dorothea,
CREB1,FN1,1,dorothea,
CREB1,H2-AB1,1,dorothea,
CREB1,HMOX1,-1,dorothea,
CREB1,IL6,1,dorothea,
CREB1,INS1,1,dorothea,
CREB1,INS2,1,dorothea,
CREB1,JUN,-1,dorothea,
CREB1,NF1,1,dorothea,
CREB1,NOLC1,1,dorothea,
CREB1,NR4A2,1,dorothea,
CREB1,NR4A3,1,dorothea,
CREB1,ODC1,1,dorothea,
CREB1,PCK2,1,dorothea,
CREB1,PLAT,-1,dorothea,
CREB1,POLD2,1,dorothea,
CREB1,PPP2CA,1,dorothea,
CREB1,PSEN1,1,dorothea,
CREB1,RRM2B,1,dorothea,
CREB1,SLC19A1,1,dorothea,
CREB1,SPRY2,1,dorothea,
CREB1,STAR,1,dorothea,
CREB1,TRH,1,dorothea,
CREB1,UGT8A,1,dorothea,
CREB1,UXT,1,dorothea,
CREB1,VEGFA,1,dorothea,
CREB3,H13,1,dorothea,
CREB3,PRPF31,1,dorothea,
CREB3,ANO10,1,dorothea,
CREB3,BHLHE40,1,dorothea,
CREB3,CAP1,1,dorothea,
CREB3,CHCHD6,1,dorothea,
CREB3,DNAJB12,1,dorothea,
CREB3,DTNBP1,1,dorothea,
CREB3,ESYT2,1,dorothea,
CREB3,GALNT2,1,dorothea,
CREB3,LAMTOR5,1,dorothea,
CREB3,MAD2L1BP,1,dorothea,
CREB3,MTHFR,1,dorothea,
CREB3,PCBP1,1,dorothea,
CREB3,PCNA,1,dorothea,
CREB3,PTTG1IP,1,dorothea,
CREB3,RUNX1,1,dorothea,
CREB3,SRGN,1,dorothea,
CREB3,ST3GAL2,1,dorothea,
CREB3,STAT3,1,dorothea,
CREB3,STON2,1,dorothea,
CREB3,SUB1,1,dorothea,
CREB3,UTP11,1,dorothea,
CREM,CCNA2,-1,dorothea,
CREM,CD247,-1,dorothea,
CREM,DUSP1,-1,dorothea,
CREM,FOS,-1,dorothea,
CREM,GPCPD1,1,dorothea,
CREM,PDE4A,1,dorothea,
CREM,ARID1A,1,dorothea,
CREM,ARID5B,1,dorothea,
CREM,ATF3,1,dorothea,
CREM,CMIP,1,dorothea,
CREM,CREB3L2,1,dorothea,
CREM,CREB5,1,dorothea,
CREM,ERN1,1,dorothea,
CREM,ESYT2,1,dorothea,
CREM,FSCN1,1,dorothea,
CREM,GADD45A,1,dorothea,
CREM,GATA2,1,dorothea,
CREM,HDAC4,1,dorothea,
CREM,HIVEP2,1,dorothea,
CREM,KDM4C,1,dorothea,
CREM,LIMS1,1,dorothea,
CREM,LITAF,1,dorothea,
CREM,LPCAT1,1,dorothea,
CREM,MSI2,1,dorothea,
CREM,NAV2,1,dorothea,
CREM,NFATC1,1,dorothea,
CREM,NR4A2,1,dorothea,
CREM,PLCL2,1,dorothea,
CREM,PRKCE,1,dorothea,
CREM,PRKCZ,1,dorothea,
CREM,PTMA,1,dorothea,
CREM,PTP4A2,1,dorothea,
CREM,PTPRS,1,dorothea,
CREM,PTPRU,1,dorothea,
CREM,RARA,1,dorothea,
CREM,RREB1,1,dorothea,
CREM,SH2B3,1,dorothea,
CREM,SH3BP5,1,dorothea,
CREM,SLC25A25,1,dorothea,
CREM,SND1,1,dorothea,
CREM,ST7,1,dorothea,
CREM,SUB1,1,dorothea,
CREM,TGIF1,1,dorothea,
CREM,THADA,1,dorothea,
CREM,UBE2H,1,dorothea,
CREM,USP9X,1,dorothea,
CTCF,ABCA2,1,dorothea,
CTCF,ACKR3,1,dorothea,
CTCF,ACTR3,-1,dorothea,
CTCF,AHCYL1,1,dorothea,
CTCF,AKT1,-1,dorothea,
CTCF,ALDH1A3,-1,dorothea,
CTCF,ANG,1,dorothea,
CTCF,ANKRD46,1,dorothea,
CTCF,APP,1,dorothea,
CTCF,ARL2,-1,dorothea,
CTCF,ASAP2,1,dorothea,
CTCF,ATN1,1,dorothea,
CTCF,ATXN7,1,dorothea,
CTCF,B4GALNT1,1,dorothea,
CTCF,BCL2L14,-1,dorothea,
CTCF,BICD2,1,dorothea,
CTCF,CCND1,1,dorothea,
CTCF,CELSR3,1,dorothea,
CTCF,CEP135,1,dorothea,
CTCF,CNIH1,1,dorothea,
CTCF,COL27A1,1,dorothea,
CTCF,COMMD2,-1,dorothea,
CTCF,DIP2B,1,dorothea,
CTCF,DMKN,1,dorothea,
CTCF,DMPK,1,dorothea,
CTCF,ELP5,1,dorothea,
CTCF,ESRP2,-1,dorothea,
CTCF,ETNK2,1,dorothea,
CTCF,FBXO7,1,dorothea,
CTCF,GALNT6,1,dorothea,
CTCF,GALT,1,dorothea,
CTCF,GAS7,1,dorothea,
CTCF,HAUS7,-1,dorothea,
CTCF,HMCN1,1,dorothea,
CTCF,HS1BP3,1,dorothea,
CTCF,HSPA5,1,dorothea,
CTCF,IGF2,1,dorothea,
CTCF,IPO13,1,dorothea,
CTCF,IRAK2,1,dorothea,
CTCF,KSR1,1,dorothea,
CTCF,LPIN3,1,dorothea,
CTCF,LRRC59,1,dorothea,
CTCF,MCM10,1,dorothea,
CTCF,MRPL17,1,dorothea,
CTCF,MYC,-1,dorothea,
CTCF,MYD88,1,dorothea,
CTCF,NBN,1,dorothea,
CTCF,NCBP3,1,dorothea,
CTCF,NES,1,dorothea,
CTCF,NF1,1,dorothea,
CTCF,NFE2L2,1,dorothea,
CTCF,NPC1,-1,dorothea,
CTCF,NT5C3,-1,dorothea,
CTCF,PBXIP1,1,dorothea,
CTCF,PMPCB,1,dorothea,
CTCF,POMT2,1,dorothea,
CTCF,PPARD,1,dorothea,
CTCF,PPRC1,1,dorothea,
CTCF,PRSS35,1,dorothea,
CTCF,PTPA,1,dorothea,
CTCF,PTPRG,1,dorothea,
CTCF,RAD21,1,dorothea,
CTCF,RBL2,1,dorothea,
CTCF,RBM39,-1,dorothea,
CTCF,RPP30,1,dorothea,
CTCF,SIX5,1,dorothea,
CTCF,SMIM7,1,dorothea,
CTCF,TBC1D14,1,dorothea,
CTCF,TERT,-1,dorothea,
CTCF,TMBIM6,1,dorothea,
CTCF,TNFRSF18,-1,dorothea,
CTCF,TRAPPC6A,1,dorothea,
CTCF,TRO,-1,dorothea,
CTCF,TSFM,1,dorothea,
CTCF,TYSND1,1,dorothea,
CTCF,WT1,1,dorothea,
CTCF,ZFP462,-1,dorothea,
CTCF,ZNHIT2,-1,dorothea,
CUX1,ECT2,-1,dorothea,
CUX1,RACGAP1,-1,dorothea,
CUX1,EEF2,1,dorothea,
CUX1,FTO,1,dorothea,
CUX1,AHCY,1,dorothea,
CUX1,AHI1,1,dorothea,
CUX1,ALOXE3,1,dorothea,
CUX1,APOB,1,dorothea,
CUX1,ARID5B,1,dorothea,
CUX1,AXIN2,1,dorothea,
CUX1,CLEC16A,1,dorothea,
CUX1,DAAM1,1,dorothea,
CUX1,DEPDC1B,1,dorothea,
CUX1,ETL4,1,dorothea,
CUX1,ETV4,1,dorothea,
CUX1,GMDS,1,dorothea,
CUX1,HSPD1,1,dorothea,
CUX1,ITGB4,1,dorothea,
CUX1,ITGB5,1,dorothea,
CUX1,JADE1,1,dorothea,
CUX1,KIFC3,1,dorothea,
CUX1,MACF1,1,dorothea,
CUX1,MED15,1,dorothea,
CUX1,MYADM,1,dorothea,
CUX1,NFIC,1,dorothea,
CUX1,PIM1,1,dorothea,
CUX1,PREX1,1,dorothea,
CUX1,PUF60,1,dorothea,
CUX1,RBCK1,1,dorothea,
CUX1,SLC16A3,1,dorothea,
CUX1,SLC30A10,1,dorothea,
CUX1,SPTBN1,1,dorothea,
CUX1,SQSTM1,1,dorothea,
CUX1,TBC1D1,1,dorothea,
CUX1,TBC1D5,1,dorothea,
CUX1,TEX2,1,dorothea,
CUX1,UBAC1,1,dorothea,
CUX1,ZFAND3,1,dorothea,
E2F1,AARS,1,dorothea,
E2F1,ABCA1,1,dorothea,
E2F1,ACSL1,1,dorothea,
E2F1,ACTR2,1,dorothea,
E2F1,AK3,1,dorothea,
E2F1,ALOX5AP,1,dorothea,
E2F1,AMPD3,1,dorothea,
E2F1,ANKRD16,1,dorothea,
E2F1,APAF1,1,dorothea,
E2F1,ARHGEF17,1,dorothea,
E2F1,ARL10,1,dorothea,
E2F1,ARMC8,1,dorothea,
E2F1,ASCC2,1,dorothea,
E2F1,ASF1B,1,dorothea,
E2F1,AURKA,1,dorothea,
E2F1,AXIN2,1,dorothea,
E2F1,B4GALT1,1,dorothea,
E2F1,BDH1,1,dorothea,
E2F1,BHLHE40,1,dorothea,
E2F1,BIRC5,1,dorothea,
E2F1,BLVRA,1,dorothea,
E2F1,BMP4,1,dorothea,
E2F1,BNIP3,1,dorothea,
E2F1,BRCA1,1,dorothea,
E2F1,BRD2,1,dorothea,
E2F1,CASP7,1,dorothea,
E2F1,CBS,1,dorothea,
E2F1,CBX5,1,dorothea,
E2F1,CCNA2,1,dorothea,
E2F1,CCND3,1,dorothea,
E2F1,CCNE1,1,dorothea,
E2F1,CCNE2,1,dorothea,
E2F1,CD2AP,1,dorothea,
E2F1,CDAN1,1,dorothea,
E2F1,CDC25A,1,dorothea,
E2F1,CDC45,1,dorothea,
E2F1,CDC6,1,dorothea,
E2F1,CDCA4,1,dorothea,
E2F1,CDCA7,1,dorothea,
E2F1,CDH5,1,dorothea,
E2F1,CDK1,1,dorothea,
E2F1,CDKN1C,1,dorothea,
E2F1,CDT1,1,dorothea,
E2F1,CELF1,1,dorothea,
E2F1,CHKA,1,dorothea,
E2F1,CLASP2,1,dorothea,
E2F1,CNIH4,1,dorothea,
E2F1,COQ2,1,dorothea,
E2F1,CSRNP3,1,dorothea,
E2F1,CTNNBIP1,1,dorothea,
E2F1,CUL5,1,dorothea,
E2F1,CUX1,1,dorothea,
E2F1,DAPK2,1,dorothea,
E2F1,DBF4,1,dorothea,
E2F1,DCLRE1C,1,dorothea,
E2F1,DDIT4,1,dorothea,
E2F1,DGKI,1,dorothea,
E2F1,DHFR,1,dorothea,
E2F1,DPF2,1,dorothea,
E2F1,DRAM1,1,dorothea,
E2F1,DTL,1,dorothea,
E2F1,DUSP1,1,dorothea,
E2F1,DUSP4,1,dorothea,
E2F1,DYNC1I2,1,dorothea,
E2F1,E2F3,1,dorothea,
E2F1,E2F6,1,dorothea,
E2F1,ECT2,1,dorothea,
E2F1,EGF,1,dorothea,
E2F1,EGFR,1,dorothea,
E2F1,EIF3A,1,dorothea,
E2F1,ENPEP,1,dorothea,
E2F1,ERCC1,1,dorothea,
E2F1,ERCC8,1,dorothea,
E2F1,ETV4,1,dorothea,
E2F1,FAM184A,1,dorothea,
E2F1,FANCA,1,dorothea,
E2F1,FANCD2,1,dorothea,
E2F1,FBXO5,1,dorothea,
E2F1,FGFR1,1,dorothea,
E2F1,FH1,1,dorothea,
E2F1,FLT1,1,dorothea,
E2F1,FOXA2,1,dorothea,
E2F1,FOXM1,1,dorothea,
E2F1,GALC,1,dorothea,
E2F1,GATA3,1,dorothea,
E2F1,GINS3,1,dorothea,
E2F1,GMNN,1,dorothea,
E2F1,GNL3,1,dorothea,
E2F1,GRIK5,1,dorothea,
E2F1,HAT1,1,dorothea,
E2F1,HELLS,1,dorothea,
E2F1,HERPUD1,1,dorothea,
E2F1,HIVEP1,1,dorothea,
E2F1,HMGA1B,1,dorothea,
E2F1,HSPA5,-1,dorothea,
E2F1,HSPD1,1,dorothea,
E2F1,IER3,1,dorothea,
E2F1,IFT80,1,dorothea,
E2F1,IRF3,-1,dorothea,
E2F1,IRF4,1,dorothea,
E2F1,ISYNA1,1,dorothea,
E2F1,ITGAL,1,dorothea,
E2F1,JUN,1,dorothea,
E2F1,KDM4C,1,dorothea,
E2F1,KDR,1,dorothea,
E2F1,KIF23,1,dorothea,
E2F1,KIF24,1,dorothea,
E2F1,KIF2C,1,dorothea,
E2F1,KLF10,1,dorothea,
E2F1,LMO1,1,dorothea,
E2F1,LYPLAL1,1,dorothea,
E2F1,MAP1LC3A,1,dorothea,
E2F1,MAP2K6,1,dorothea,
E2F1,MAP3K14,1,dorothea,
E2F1,MAP3K5,1,dorothea,
E2F1,MAPK1,1,dorothea,
E2F1,MAPK8,1,dorothea,
E2F1,MCM10,1,dorothea,
E2F1,MCM5,1,dorothea,
E2F1,MCM6,1,dorothea,
E2F1,MCM7,1,dorothea,
E2F1,MCM8,1,dorothea,
E2F1,MCM9,1,dorothea,
E2F1,MCMDC2,1,dorothea,
E2F1,MCPH1,1,dorothea,
E2F1,MDM2,-1,dorothea,
E2F1,MEIS1,1,dorothea,
E2F1,MEMO1,1,dorothea,
E2F1,MIPEP,1,dorothea,
E2F1,MPPED2,1,dorothea,
E2F1,MPST,1,dorothea,
E2F1,MRAS,1,dorothea,
E2F1,MT1,1,dorothea,
E2F1,MXI1,1,dorothea,
E2F1,MYBL2,1,dorothea,
E2F1,MYC,1,dorothea,
E2F1,NCOA3,1,dorothea,
E2F1,NDC1,1,dorothea,
E2F1,NDUFAB1,1,dorothea,
E2F1,NDUFAF6,1,dorothea,
E2F1,NEK4,1,dorothea,
E2F1,NOL9,1,dorothea,
E2F1,OCA2,1,dorothea,
E2F1,PALD1,1,dorothea,
E2F1,PCBD2,1,dorothea,
E2F1,PCSK6,1,dorothea,
E2F1,PDPN,1,dorothea,
E2F1,PDXK,1,dorothea,
E2F1,PEG3,1,dorothea,
E2F1,PHLDB1,1,dorothea,
E2F1,PIGU,1,dorothea,
E2F1,PLAUR,1,dorothea,
E2F1,PLEKHB1,1,dorothea,
E2F1,PLEKHF2,1,dorothea,
E2F1,PLK1,1,dorothea,
E2F1,PLK4,1,dorothea,
E2F1,PNRC2,-1,dorothea,
E2F1,POLA2,1,dorothea,
E2F1,POLD1,1,dorothea,
E2F1,POLE2,1,dorothea,
E2F1,POLR3A,1,dorothea,
E2F1,PPP1R13B,1,dorothea,
E2F1,PPP2R2D,1,dorothea,
E2F1,PRDM1,1,dorothea,
E2F1,PRIM2,1,dorothea,
E2F1,PRKDC,1,dorothea,
E2F1,PTPRO,1,dorothea,
E2F1,RAB40C,1,dorothea,
E2F1,RACGAP1,1,dorothea,
E2F1,RAD18,1,dorothea,
E2F1,RAD51,1,dorothea,
E2F1,RALGDS,1,dorothea,
E2F1,RASGEF1B,1,dorothea,
E2F1,RASSF8,1,dorothea,
E2F1,RBM38,1,dorothea,
E2F1,RELA,1,dorothea,
E2F1,RFC2,1,dorothea,
E2F1,RNF128,1,dorothea,
E2F1,RRM1,1,dorothea,
E2F1,RRM2,1,dorothea,
E2F1,RRP1B,1,dorothea,
E2F1,RTN4,1,dorothea,
E2F1,SAFB,1,dorothea,
E2F1,SCN8A,1,dorothea,
E2F1,SEPHS1,1,dorothea,
E2F1,SEZ6L2,1,dorothea,
E2F1,SIAH1A,1,dorothea,
E2F1,SIAH1B,1,dorothea,
E2F1,SKP2,1,dorothea,
E2F1,SLC35G1,1,dorothea,
E2F1,SLX4,1,dorothea,
E2F1,SMARCA5,1,dorothea,
E2F1,SNTB2,1,dorothea,
E2F1,SOCS2,1,dorothea,
E2F1,SP3,-1,dorothea,
E2F1,SPOCK1,1,dorothea,
E2F1,ST13,1,dorothea,
E2F1,STAM,1,dorothea,
E2F1,SUCLG1,1,dorothea,
E2F1,SYNE2,1,dorothea,
E2F1,TAF5L,1,dorothea,
E2F1,TBC1D16,1,dorothea,
E2F1,TERT,-1,dorothea,
E2F1,TGFB2,1,dorothea,
E2F1,THBS1,1,dorothea,
E2F1,THOC5,1,dorothea,
E2F1,TK1,1,dorothea,
E2F1,TMBIM1,1,dorothea,
E2F1,TMEM132A,1,dorothea,
E2F1,TMEM47,1,dorothea,
E2F1,TOP1,1,dorothea,
E2F1,TOP2A,1,dorothea,
E2F1,TOR1B,1,dorothea,
E2F1,TRIT1,1,dorothea,
E2F1,TRP53BP2,1,dorothea,
E2F1,TRPM2,1,dorothea,
E2F1,TXNDC15,1,dorothea,
E2F1,TYMS,1,dorothea,
E2F1,UBN1,1,dorothea,
E2F1,UBP1,1,dorothea,
E2F1,UHRF1,1,dorothea,
E2F1,ULK1,1,dorothea,
E2F1,UTRN,1,dorothea,
E2F1,VCP,1,dorothea,
E2F1,VMP1,1,dorothea,
E2F1,VPS35L,1,dorothea,
E2F1,WDR25,1,dorothea,
E2F1,WRAP73,1,dorothea,
E2F1,WWOX,-1,dorothea,
E2F1,XRCC1,1,dorothea,
E2F1,YBX3,1,dorothea,
E2F1,YME1L1,1,dorothea,
E2F1,ZEB1,1,dorothea,
E2F1,ZFP292,1,dorothea,
E2F1,ZFP654,1,dorothea,
E2F1,ZMYM2,1,dorothea,
E2F2,ASF1B,1,dorothea,
E2F2,CDC6,1,dorothea,
E2F2,CDCA4,1,dorothea,
E2F2,CDCA7,1,dorothea,
E2F2,CDT1,1,dorothea,
E2F2,E2F1,1,dorothea,
E2F2,MAP3K5,1,dorothea,
E2F2,MCM10,1,dorothea,
E2F2,MCM6,1,dorothea,
E2F2,MCM7,1,dorothea,
E2F2,MYCN,1,dorothea,
E2F2,PLK1,1,dorothea,
E2F2,PLK4,1,dorothea,
E2F3,AURKA,1,dorothea,
E2F3,CDC6,1,dorothea,
E2F3,CDKN1A,1,dorothea,
E2F3,E2F1,1,dorothea,
E2F3,MAP3K5,1,dorothea,
E2F3,MCM5,1,dorothea,
E2F3,MCM6,1,dorothea,
E2F3,MCM7,1,dorothea,
E2F3,MYCN,1,dorothea,
E2F3,PLK1,1,dorothea,
E2F3,TRP53BP2,1,dorothea,
E2F4,ACTG1,1,dorothea,
E2F4,ACTR5,1,dorothea,
E2F4,ADARB1,1,dorothea,
E2F4,ALDH5A1,1,dorothea,
E2F4,ANAPC15,1,dorothea,
E2F4,ANLN,1,dorothea,
E2F4,APRT,1,dorothea,
E2F4,ASF1B,1,dorothea,
E2F4,AURKB,1,dorothea,
E2F4,BACH1,1,dorothea,
E2F4,BARD1,1,dorothea,
E2F4,BIRC5,1,dorothea,
E2F4,BORA,1,dorothea,
E2F4,BUB3,1,dorothea,
E2F4,CALM1,1,dorothea,
E2F4,CALR,1,dorothea,
E2F4,CBX5,1,dorothea,
E2F4,CCNA2,1,dorothea,
E2F4,CCNB1,1,dorothea,
E2F4,CCND1,1,dorothea,
E2F4,CDC25A,1,dorothea,
E2F4,CDC25C,1,dorothea,
E2F4,CDC37L1,1,dorothea,
E2F4,CDC45,1,dorothea,
E2F4,CDC6,1,dorothea,
E2F4,CDCA4,1,dorothea,
E2F4,CDCA7,1,dorothea,
E2F4,CDK1,1,dorothea,
E2F4,CDK2,1,dorothea,
E2F4,CDKN2C,1,dorothea,
E2F4,CDT1,1,dorothea,
E2F4,CENPE,1,dorothea,
E2F4,CENPO,1,dorothea,
E2F4,CFAP20,1,dorothea,
E2F4,CHEK1,1,dorothea,
E2F4,CKS2,1,dorothea,
E2F4,CREG1,1,dorothea,
E2F4,CSE1L,1,dorothea,
E2F4,CTH,1,dorothea,
E2F4,CUTC,1,dorothea,
E2F4,CUX1,1,dorothea,
E2F4,DBF4,1,dorothea,
E2F4,DDX11,1,dorothea,
E2F4,DERL2,1,dorothea,
E2F4,DHFR,1,dorothea,
E2F4,DHPS,1,dorothea,
E2F4,DROSHA,1,dorothea,
E2F4,DUT,1,dorothea,
E2F4,E2F1,-1,dorothea,
E2F4,E2F3,1,dorothea,
E2F4,E2F8,1,dorothea,
E2F4,EIF2B2,1,dorothea,
E2F4,EIF4H,1,dorothea,
E2F4,EPAS1,1,dorothea,
E2F4,EXOSC9,1,dorothea,
E2F4,FAM173A,1,dorothea,
E2F4,FAM210B,1,dorothea,
E2F4,FANCC,1,dorothea,
E2F4,FBXO5,1,dorothea,
E2F4,FDFT1,1,dorothea,
E2F4,FEN1,1,dorothea,
E2F4,FOXM1,1,dorothea,
E2F4,FST,1,dorothea,
E2F4,GABPA,1,dorothea,
E2F4,GADD45A,1,dorothea,
E2F4,GINS1,1,dorothea,
E2F4,GMNN,1,dorothea,
E2F4,GNAS,1,dorothea,
E2F4,GNPTG,1,dorothea,
E2F4,GPANK1,1,dorothea,
E2F4,HAGHL,1,dorothea,
E2F4,HCFC1,1,dorothea,
E2F4,HLTF,1,dorothea,
E2F4,HMGB1,1,dorothea,
E2F4,HMGB3,1,dorothea,
E2F4,HMMR,1,dorothea,
E2F4,HNRNPD,1,dorothea,
E2F4,ID3,1,dorothea,
E2F4,IFNAR2,1,dorothea,
E2F4,IKBKG,-1,dorothea,
E2F4,INSIG1,1,dorothea,
E2F4,ITGB3BP,1,dorothea,
E2F4,JUN,1,dorothea,
E2F4,KATNAL1,-1,dorothea,
E2F4,KDM6A,1,dorothea,
E2F4,KHDRBS1,1,dorothea,
E2F4,KLF10,1,dorothea,
E2F4,KLHL21,1,dorothea,
E2F4,LGALS1,1,dorothea,
E2F4,LIN54,1,dorothea,
E2F4,LUC7L,-1,dorothea,
E2F4,MAD2L1,1,dorothea,
E2F4,MAP3K5,1,dorothea,
E2F4,MAP3K7,1,dorothea,
E2F4,MAPRE1,1,dorothea,
E2F4,MBP,1,dorothea,
E2F4,MCM10,-1,dorothea,
E2F4,MCM3,1,dorothea,
E2F4,MCM5,1,dorothea,
E2F4,MCM6,1,dorothea,
E2F4,MCM7,1,dorothea,
E2F4,MCM8,1,dorothea,
E2F4,METTL3,1,dorothea,
E2F4,MFAP1A,1,dorothea,
E2F4,MFAP1B,1,dorothea,
E2F4,MKI67,1,dorothea,
E2F4,MLH1,1,dorothea,
E2F4,MSH2,1,dorothea,
E2F4,MTHFD1,1,dorothea,
E2F4,MYC,1,dorothea,
E2F4,MYCL,1,dorothea,
E2F4,NAP1L4,1,dorothea,
E2F4,NASP,1,dorothea,
E2F4,NCL,1,dorothea,
E2F4,NDC80,1,dorothea,
E2F4,NEK2,1,dorothea,
E2F4,NFE2L1,1,dorothea,
E2F4,NFKB2,1,dorothea,
E2F4,NPAT,1,dorothea,
E2F4,NUSAP1,1,dorothea,
E2F4,NXT1,1,dorothea,
E2F4,OGFR,1,dorothea,
E2F4,ORC1,1,dorothea,
E2F4,P4HA2,-1,dorothea,
E2F4,PARK7,1,dorothea,
E2F4,PCLAF,-1,dorothea,
E2F4,PCNA,1,dorothea,
E2F4,PCNT,1,dorothea,
E2F4,PDXK,1,dorothea,
E2F4,PDXP,1,dorothea,
E2F4,PGRMC1,1,dorothea,
E2F4,PIGQ,1,dorothea,
E2F4,PIM2,1,dorothea,
E2F4,PKN2,1,dorothea,
E2F4,PLCG1,1,dorothea,
E2F4,PLK1,-1,dorothea,
E2F4,PLK4,1,dorothea,
E2F4,PLSCR1,1,dorothea,
E2F4,PLSCR2,1,dorothea,
E2F4,POLA2,1,dorothea,
E2F4,POLD1,1,dorothea,
E2F4,POLD2,1,dorothea,
E2F4,POLE2,1,dorothea,
E2F4,POLR2D,1,dorothea,
E2F4,PPIA,1,dorothea,
E2F4,PRC1,1,dorothea,
E2F4,PRIM2,1,dorothea,
E2F4,PRKCSH,1,dorothea,
E2F4,PRPSAP1,1,dorothea,
E2F4,PRR11,1,dorothea,
E2F4,RABIF,1,dorothea,
E2F4,RAD54L,1,dorothea,
E2F4,RBBP5,1,dorothea,
E2F4,RBL1,1,dorothea,
E2F4,RECQL,1,dorothea,
E2F4,REL,1,dorothea,
E2F4,RFC2,1,dorothea,
E2F4,RFC3,1,dorothea,
E2F4,RFC4,1,dorothea,
E2F4,RIPK2,1,dorothea,
E2F4,RPA3,1,dorothea,
E2F4,RPS15,1,dorothea,
E2F4,RPS4X,1,dorothea,
E2F4,RPS6,1,dorothea,
E2F4,RPS8,1,dorothea,
E2F4,RRM1,1,dorothea,
E2F4,SAYSD1,1,dorothea,
E2F4,SFPQ,1,dorothea,
E2F4,SH3BGR,1,dorothea,
E2F4,SIRPA,1,dorothea,
E2F4,SKP1A,1,dorothea,
E2F4,SLC25A14,1,dorothea,
E2F4,SLC25A4,1,dorothea,
E2F4,SLC35F6,1,dorothea,
E2F4,SLC44A4,1,dorothea,
E2F4,SLCO4A1,1,dorothea,
E2F4,SMARCA4,1,dorothea,
E2F4,SMARCA5,1,dorothea,
E2F4,SMC2,1,dorothea,
E2F4,SMC4,1,dorothea,
E2F4,SP1,1,dorothea,
E2F4,SRPR,1,dorothea,
E2F4,SRRM2,1,dorothea,
E2F4,SS18L1,1,dorothea,
E2F4,STAM,1,dorothea,
E2F4,STMN1,1,dorothea,
E2F4,SUV39H1,1,dorothea,
E2F4,SUZ12,1,dorothea,
E2F4,TERT,1,dorothea,
E2F4,TFAM,1,dorothea,
E2F4,TFRC,1,dorothea,
E2F4,THOP1,1,dorothea,
E2F4,TK1,1,dorothea,
E2F4,TMPO,1,dorothea,
E2F4,TOP1,1,dorothea,
E2F4,TOP2A,1,dorothea,
E2F4,TOPBP1,-1,dorothea,
E2F4,TRAF2,1,dorothea,
E2F4,TSNAX,1,dorothea,
E2F4,TTK,-1,dorothea,
E2F4,TYMS,1,dorothea,
E2F4,UBE2C,1,dorothea,
E2F4,UMPS,1,dorothea,
E2F4,UNG,1,dorothea,
E2F4,USP25,1,dorothea,
E2F4,UXT,1,dorothea,
E2F4,VARS2,1,dorothea,
E2F4,VCP,1,dorothea,
E2F4,VPS4A,1,dorothea,
E2F4,WDR76,1,dorothea,
E2F4,WEE1,1,dorothea,
E2F4,XRCC2,1,dorothea,
E2F4,YBX3,1,dorothea,
E2F4,YWHAH,1,dorothea,
E2F4,ZFP36L1,1,dorothea,
E2F5,MYC,1,dorothea,
E2F5,CBX3,1,dorothea,
E2F5,CHEK2,1,dorothea,
E2F5,DPYSL2,1,dorothea,
E2F5,FANCC,1,dorothea,
E2F5,JADE1,1,dorothea,
E2F5,MAP3K7,1,dorothea,
E2F5,MCM3,1,dorothea,
E2F5,PIM1,1,dorothea,
E2F5,PTMA,1,dorothea,
E2F5,SLC22A23,1,dorothea,
E2F5,SLC25A37,1,dorothea,
E2F6,APAF1,-1,dorothea,
E2F6,BRCA1,-1,dorothea,
E2F6,DEPDC5,-1,dorothea,
E2F6,E2F1,-1,dorothea,
E2F6,RBBP4,-1,dorothea,
E2F6,RBBP8,-1,dorothea,
E2F6,ZFP131,-1,dorothea,
E2F6,ABR,-1,dorothea,
E2F6,AGRN,-1,dorothea,
E2F6,ARHGAP21,-1,dorothea,
E2F6,BAHCC1,-1,dorothea,
E2F6,BAHD1,-1,dorothea,
E2F6,CCDC57,-1,dorothea,
E2F6,CTDSP1,-1,dorothea,
E2F6,EFNA3,-1,dorothea,
E2F6,FAM178B,-1,dorothea,
E2F6,FANCC,-1,dorothea,
E2F6,FZD5,-1,dorothea,
E2F6,GNAS,-1,dorothea,
E2F6,HIRA,-1,dorothea,
E2F6,KCTD15,-1,dorothea,
E2F6,LTBP3,-1,dorothea,
E2F6,MACF1,-1,dorothea,
E2F6,MEIS2,-1,dorothea,
E2F6,MEX3B,-1,dorothea,
E2F6,MROH1,-1,dorothea,
E2F6,MXI1,-1,dorothea,
E2F6,MYH9,-1,dorothea,
E2F6,NACC2,-1,dorothea,
E2F6,NFATC1,-1,dorothea,
E2F6,NFATC2,-1,dorothea,
E2F6,NFE2L2,-1,dorothea,
E2F6,NFIB,-1,dorothea,
E2F6,NOL4L,-1,dorothea,
E2F6,OSBPL3,-1,dorothea,
E2F6,PCBP1,-1,dorothea,
E2F6,PDE4A,-1,dorothea,
E2F6,PFKFB3,-1,dorothea,
E2F6,PIEZO1,-1,dorothea,
E2F6,PIP4K2A,-1,dorothea,
E2F6,PTMA,-1,dorothea,
E2F6,PTP4A2,-1,dorothea,
E2F6,PTPRF,-1,dorothea,
E2F6,PTPRU,-1,dorothea,
E2F6,RAP1GAP,-1,dorothea,
E2F6,RNH1,-1,dorothea,
E2F6,RXRA,-1,dorothea,
E2F6,RYR1,-1,dorothea,
E2F6,SLC16A3,-1,dorothea,
E2F6,SMAD3,-1,dorothea,
E2F6,SRXN1,-1,dorothea,
E2F6,ST6GAL1,-1,dorothea,
E2F6,TACC3,-1,dorothea,
E2F6,TANGO2,-1,dorothea,
E2F6,TCF3,-1,dorothea,
E2F6,TFAP4,-1,dorothea,
E2F6,TGIF1,-1,dorothea,
E2F6,TNK2,-1,dorothea,
E2F6,TRIB3,-1,dorothea,
E2F6,TXNRD1,-1,dorothea,
E2F6,ZCCHC2,-1,dorothea,
E2F6,ZFP395,-1,dorothea,
E2F6,ZFP451,-1,dorothea,
E2F6,ZFP941,-1,dorothea,
E2F7,E2F1,-1,dorothea,
E2F7,SP1,-1,dorothea,
E2F7,E2F8,1,dorothea,
E2F7,UHRF1,1,dorothea,
E2F7,AGRN,1,dorothea,
E2F7,ALDOA,1,dorothea,
E2F7,ARID1A,1,dorothea,
E2F7,DNMT1,1,dorothea,
E2F7,DST,1,dorothea,
E2F7,ETS1,1,dorothea,
E2F7,FOS,1,dorothea,
E2F7,HNRNPD,1,dorothea,
E2F7,HNRNPK,1,dorothea,
E2F7,LGALS1,1,dorothea,
E2F7,PDGFRA,1,dorothea,
E2F7,PFKM,1,dorothea,
E2F7,PLK2,1,dorothea,
E2F7,RCC1,1,dorothea,
E2F7,RFC4,1,dorothea,
E2F7,RMI1,1,dorothea,
E2F7,SLC1A5,1,dorothea,
E2F7,SMG6,1,dorothea,
E2F7,STAG2,1,dorothea,
E2F7,VGLL4,1,dorothea,
E2F7,WEE1,1,dorothea,
E2F7,ZFP367,1,dorothea,
E2F7,ZFP36L1,1,dorothea,
EBF1,DENND3,1,dorothea,
EBF1,LPP,1,dorothea,
EBF1,ACKR3,1,dorothea,
EBF1,ADAP1,1,dorothea,
EBF1,ANK1,1,dorothea,
EBF1,ANKRD44,1,dorothea,
EBF1,ARHGEF17,1,dorothea,
EBF1,ARHGEF2,1,dorothea,
EBF1,ARID5B,1,dorothea,
EBF1,BRF1,1,dorothea,
EBF1,CDH23,1,dorothea,
EBF1,CLMN,1,dorothea,
EBF1,CMIP,1,dorothea,
EBF1,CORO2B,1,dorothea,
EBF1,CUX1,1,dorothea,
EBF1,DPYSL2,1,dorothea,
EBF1,EEPD1,1,dorothea,
EBF1,EHD1,1,dorothea,
EBF1,ELMO1,1,dorothea,
EBF1,FAM102A,1,dorothea,
EBF1,FCHSD2,1,dorothea,
EBF1,FLNB,1,dorothea,
EBF1,FYN,1,dorothea,
EBF1,INPP4A,1,dorothea,
EBF1,INSR,1,dorothea,
EBF1,IQSEC1,1,dorothea,
EBF1,ITPR1,1,dorothea,
EBF1,KSR1,1,dorothea,
EBF1,LAMC1,1,dorothea,
EBF1,LRCH1,1,dorothea,
EBF1,NAV2,1,dorothea,
EBF1,NOL4L,1,dorothea,
EBF1,PACSIN2,1,dorothea,
EBF1,PAG1,1,dorothea,
EBF1,PIP4K2A,1,dorothea,
EBF1,PKIG,1,dorothea,
EBF1,PLCL2,1,dorothea,
EBF1,PLD1,1,dorothea,
EBF1,PMEPA1,1,dorothea,
EBF1,PPFIBP2,1,dorothea,
EBF1,PREX1,1,dorothea,
EBF1,PRKAG2,1,dorothea,
EBF1,PRKCD,1,dorothea,
EBF1,PTPRS,1,dorothea,
EBF1,RALGDS,1,dorothea,
EBF1,RASA3,1,dorothea,
EBF1,RBM47,1,dorothea,
EBF1,RFTN1,1,dorothea,
EBF1,RIN3,1,dorothea,
EBF1,SEMA4B,1,dorothea,
EBF1,SMAD7,1,dorothea,
EBF1,SPOCK1,1,dorothea,
EBF1,SPTBN1,1,dorothea,
EBF1,ST3GAL5,1,dorothea,
EBF1,STARD13,1,dorothea,
EBF1,TACC1,1,dorothea,
EBF1,TBC1D2B,1,dorothea,
EBF1,TCF3,1,dorothea,
EBF1,TCF4,1,dorothea,
EBF1,UST,1,dorothea,
EBF1,UTRN,1,dorothea,
EGR1,ABCA2,1,dorothea,
EGR1,ABCB1A,1,dorothea,
EGR1,ABCB1B,1,dorothea,
EGR1,ACE,1,dorothea,
EGR1,AKR1B3,1,dorothea,
EGR1,ANGPTL4,1,dorothea,
EGR1,APEX1,1,dorothea,
EGR1,ATF3,1,dorothea,
EGR1,ATP2A2,1,dorothea,
EGR1,BAX,1,dorothea,
EGR1,BCAR1,1,dorothea,
EGR1,CACNA1H,1,dorothea,
EGR1,CAT,1,dorothea,
EGR1,CCND1,1,dorothea,
EGR1,CD9,1,dorothea,
EGR1,CDK5,1,dorothea,
EGR1,CDKN1A,1,dorothea,
EGR1,CEBPB,1,dorothea,
EGR1,CHGA,1,dorothea,
EGR1,CRABP2,1,dorothea,
EGR1,CTNNB1,1,dorothea,
EGR1,DMRT1,1,dorothea,
EGR1,EAPP,1,dorothea,
EGR1,EGFR,1,dorothea,
EGR1,ELK1,1,dorothea,
EGR1,EP300,1,dorothea,
EGR1,F3,1,dorothea,
EGR1,FASN,1,dorothea,
EGR1,FGFR3,1,dorothea,
EGR1,FLT1,1,dorothea,
EGR1,FN1,1,dorothea,
EGR1,HIF1A,1,dorothea,
EGR1,HYAL1,1,dorothea,
EGR1,IGF2,1,dorothea,
EGR1,IL6,-1,dorothea,
EGR1,IMPDH2,1,dorothea,
EGR1,JUN,1,dorothea,
EGR1,LDLR,1,dorothea,
EGR1,LMTK2,1,dorothea,
EGR1,MYC,1,dorothea,
EGR1,NAB2,1,dorothea,
EGR1,NFKB1,1,dorothea,
EGR1,PDGFA,1,dorothea,
EGR1,PLAUR,1,dorothea,
EGR1,POR,1,dorothea,
EGR1,PSEN2,1,dorothea,
EGR1,PTP4A1,1,dorothea,
EGR1,RBL2,1,dorothea,
EGR1,RELA,-1,dorothea,
EGR1,RET,1,dorothea,
EGR1,SLC1A4,1,dorothea,
EGR1,SLC4A2,1,dorothea,
EGR1,SOD1,1,dorothea,
EGR1,SOS1,1,dorothea,
EGR1,SPP1,1,dorothea,
EGR1,SPRY1,1,dorothea,
EGR1,STMN1,1,dorothea,
EGR1,SYN1,1,dorothea,
EGR1,TCF4,1,dorothea,
EGR1,TGFB1,1,dorothea,
EGR1,TGFBR2,1,dorothea,
EGR1,TIMP2,1,dorothea,
EGR1,TIMP3,1,dorothea,
EGR1,TMPO,1,dorothea,
EGR1,TOE1,1,dorothea,
EGR1,UBE2S,1,dorothea,
EGR1,VAMP2,1,dorothea,
EGR1,VEGFA,1,dorothea,
EGR1,WNT4,-1,dorothea,
EGR1,WT1,1,dorothea,
ELF1,BRCA2,1,dorothea,
ELF1,MEIS1,1,dorothea,
ELF1,AFF1,1,dorothea,
ELF1,ARHGAP12,1,dorothea,
ELF1,ARHGDIA,1,dorothea,
ELF1,ASAP1,1,dorothea,
ELF1,ASPSCR1,1,dorothea,
ELF1,CAST,1,dorothea,
ELF1,CDC42SE2,1,dorothea,
ELF1,CHD9,1,dorothea,
ELF1,D1PAS1,1,dorothea,
ELF1,DDX3X,1,dorothea,
ELF1,DPP9,1,dorothea,
ELF1,DYRK1A,1,dorothea,
ELF1,FAM49B,1,dorothea,
ELF1,FNDC3B,1,dorothea,
ELF1,FOXN3,1,dorothea,
ELF1,FOXO3,1,dorothea,
ELF1,GATAD2A,1,dorothea,
ELF1,IGF2R,1,dorothea,
ELF1,KLF9,1,dorothea,
ELF1,LARP4B,1,dorothea,
ELF1,LSM4,1,dorothea,
ELF1,MAFK,1,dorothea,
ELF1,MAP1LC3B,1,dorothea,
ELF1,MBNL1,1,dorothea,
ELF1,MED15,1,dorothea,
ELF1,MYO9B,1,dorothea,
ELF1,NEDD4L,1,dorothea,
ELF1,NFE2L2,1,dorothea,
ELF1,PCBP1,1,dorothea,
ELF1,PRKCH,1,dorothea,
ELF1,PTPA,1,dorothea,
ELF1,PTTG1IP,1,dorothea,
ELF1,RNF213,1,dorothea,
ELF1,RNF38,1,dorothea,
ELF1,SBNO2,1,dorothea,
ELF1,SEC14L1,1,dorothea,
ELF1,SGMS1,1,dorothea,
ELF1,SIN3A,1,dorothea,
ELF1,SREBF1,1,dorothea,
ELF1,STK24,1,dorothea,
ELF1,TACC1,1,dorothea,
ELF1,TRIB1,1,dorothea,
ELF1,TSPAN14,1,dorothea,
ELF1,UBE2H,1,dorothea,
ELF1,ZFP217,1,dorothea,
ELF1,ZFYVE28,1,dorothea,
ELF3,ADGRV1,1,dorothea,
ELF3,ALCAM,1,dorothea,
ELF3,ARHGAP12,1,dorothea,
ELF3,ARHGAP32,1,dorothea,
ELF3,ARHGAP42,1,dorothea,
ELF3,ARSG,1,dorothea,
ELF3,ATP2A2,1,dorothea,
ELF3,CDCP1,1,dorothea,
ELF3,CTNNBIP1,1,dorothea,
ELF3,DOCK4,1,dorothea,
ELF3,F2RL1,1,dorothea,
ELF3,FAT1,1,dorothea,
ELF3,GMDS,1,dorothea,
ELF3,GRHL2,1,dorothea,
ELF3,HABP2,1,dorothea,
ELF3,HK2,1,dorothea,
ELF3,KRT8,1,dorothea,
ELF3,LPP,1,dorothea,
ELF3,MCC,1,dorothea,
ELF3,MEIS1,1,dorothea,
ELF3,NEDD4L,1,dorothea,
ELF3,NFIA,1,dorothea,
ELF3,PLA2G6,1,dorothea,
ELF3,PLD1,1,dorothea,
ELF3,PLEKHG3,1,dorothea,
ELF3,PTK2B,1,dorothea,
ELF3,RABGAP1L,1,dorothea,
ELF3,RBM47,1,dorothea,
ELF3,RUNX1,1,dorothea,
ELF3,SEMA4B,1,dorothea,
ELF3,SH3TC2,1,dorothea,
ELF3,SLC37A1,1,dorothea,
ELF3,SLC39A11,1,dorothea,
ELF3,SLC44A3,1,dorothea,
ELF3,SLX4IP,1,dorothea,
ELF3,SPRED2,1,dorothea,
ELF3,ST14,1,dorothea,
ELF3,TACC2,1,dorothea,
ELF3,TNIP1,1,dorothea,
ELF3,TSPAN15,1,dorothea,
ELF3,WWC1,1,dorothea,
ELK1,CDKN1B,1,dorothea,
ELK1,CITED2,1,dorothea,
ELK1,DDIT4,1,dorothea,
ELK1,EGR1,1,dorothea,
ELK1,ERBB2,1,dorothea,
ELK1,F2,1,dorothea,
ELK1,FUT4,1,dorothea,
ELK1,IER2,1,dorothea,
ELK1,JUNB,1,dorothea,
ELK1,LY96,1,dorothea,
ELK1,MCL1,1,dorothea,
ELK1,MDM4,1,dorothea,
ELK1,NR1H2,1,dorothea,
ELK1,NR4A1,1,dorothea,
ELK1,PRKCA,1,dorothea,
ELK1,PSEN1,1,dorothea,
ELK1,PTPRZ1,1,dorothea,
ELK1,SLU7,1,dorothea,
ELK1,SOD1,1,dorothea,
ELK1,SRF,1,dorothea,
ELK1,TBP,1,dorothea,
ELK1,TNF,1,dorothea,
ELK4,FOS,1,dorothea,
ELK4,ACTB,1,dorothea,
ELK4,ARPC5L,1,dorothea,
ELK4,ASB1,1,dorothea,
ELK4,EGR1,1,dorothea,
ELK4,ERCC1,1,dorothea,
ELK4,KDM5A,1,dorothea,
ELK4,KRT8,1,dorothea,
ELK4,NCOA7,1,dorothea,
ELK4,SCAF11,1,dorothea,
ELK4,SEC14L1,1,dorothea,
ELK4,SLC4A7,1,dorothea,
ELK4,ZFAND6,1,dorothea,
EOMES,AFF1,1,dorothea,
EOMES,ANK3,1,dorothea,
EOMES,EXOC4,1,dorothea,
EOMES,FYN,1,dorothea,
EOMES,GALNT10,1,dorothea,
EOMES,KSR1,1,dorothea,
EOMES,LRIG1,1,dorothea,
EOMES,TIAM1,1,dorothea,
EPAS1,BHLHE40,1,dorothea,
EPAS1,CAR9,1,dorothea,
EPAS1,EGLN3,1,dorothea,
EPAS1,SLC11A2,1,dorothea,
EPAS1,SPHK1,1,dorothea,
EPAS1,TERT,1,dorothea,
EPAS1,VEGFA,1,dorothea,
ESRRA,NR2F6,-1,dorothea,
ESRRA,ACSS2,1,dorothea,
ESRRA,RAP1GAP,1,dorothea,
ESRRA,RBM47,1,dorothea,
ESRRA,SLC22A23,1,dorothea,
ESRRA,SLC9A1,1,dorothea,
ESRRA,ACSS1,1,dorothea,
ESRRA,ASCC2,1,dorothea,
ESRRA,ATP1B1,1,dorothea,
ESRRA,BAIAP2L1,1,dorothea,
ESRRA,BCL3,1,dorothea,
ESRRA,BHLHE40,1,dorothea,
ESRRA,C77080,1,dorothea,
ESRRA,CAPN2,1,dorothea,
ESRRA,CUEDC1,1,dorothea,
ESRRA,DENND1A,1,dorothea,
ESRRA,DMD,1,dorothea,
ESRRA,DNAJB12,1,dorothea,
ESRRA,EPHB4,1,dorothea,
ESRRA,ERBB2,1,dorothea,
ESRRA,FAM129B,1,dorothea,
ESRRA,GREB1,1,dorothea,
ESRRA,GSN,1,dorothea,
ESRRA,GTF2IRD1,1,dorothea,
ESRRA,HDAC11,1,dorothea,
ESRRA,HK1,1,dorothea,
ESRRA,LLGL2,1,dorothea,
ESRRA,MAPKAP1,1,dorothea,
ESRRA,MARK2,1,dorothea,
ESRRA,MGLL,1,dorothea,
ESRRA,MSI2,1,dorothea,
ESRRA,MYO18A,1,dorothea,
ESRRA,NDUFAF6,1,dorothea,
ESRRA,NFATC2,1,dorothea,
ESRRA,NFIA,1,dorothea,
ESRRA,OGDH,1,dorothea,
ESRRA,P3H2,1,dorothea,
ESRRA,PAK4,1,dorothea,
ESRRA,PIK3C2B,1,dorothea,
ESRRA,PNKD,1,dorothea,
ESRRA,POR,1,dorothea,
ESRRA,PPFIBP2,1,dorothea,
ESRRA,PPP5C,1,dorothea,
ESRRA,RARA,1,dorothea,
ESRRA,SLC35F6,1,dorothea,
ESRRA,SOX6,1,dorothea,
ESRRA,STARD10,1,dorothea,
ESRRA,STN1,1,dorothea,
ESRRA,STRBP,1,dorothea,
ESRRA,SYT12,1,dorothea,
ESRRA,TENM4,1,dorothea,
ESRRA,TGM2,1,dorothea,
ESRRA,TMCO4,1,dorothea,
ESRRA,TMEM164,1,dorothea,
ESRRA,TRIB3,1,dorothea,
ESRRA,TXNRD1,1,dorothea,
ESRRA,WNK2,1,dorothea,
ESRRA,XYLT1,1,dorothea,
ETS1,ABCB1A,1,dorothea,
ETS1,ABCB1B,1,dorothea,
ETS1,ABCC1,1,dorothea,
ETS1,ASAP1,1,dorothea,
ETS1,ATP2A3,1,dorothea,
ETS1,ATP5B,1,dorothea,
ETS1,ATXN2,1,dorothea,
ETS1,B3GAT3,1,dorothea,
ETS1,BAX,-1,dorothea,
ETS1,BID,1,dorothea,
ETS1,BIRC2,1,dorothea,
ETS1,CASP8,1,dorothea,
ETS1,CCND1,1,dorothea,
ETS1,CDC37,1,dorothea,
ETS1,CDK4,1,dorothea,
ETS1,CDKN1A,1,dorothea,
ETS1,CDKN1B,1,dorothea,
ETS1,CHUK,1,dorothea,
ETS1,CIP2A,1,dorothea,
ETS1,COPS2,1,dorothea,
ETS1,COX4I1,1,dorothea,
ETS1,CSNK2A1,1,dorothea,
ETS1,CSNK2A2,1,dorothea,
ETS1,CSNK2B,1,dorothea,
ETS1,CTSB,1,dorothea,
ETS1,CXCR4,1,dorothea,
ETS1,DAD1,1,dorothea,
ETS1,DUSP6,1,dorothea,
ETS1,ECE1,1,dorothea,
ETS1,EGR1,1,dorothea,
ETS1,EMSY,1,dorothea,
ETS1,ETS2,1,dorothea,
ETS1,ETV4,1,dorothea,
ETS1,FGFBP1,1,dorothea,
ETS1,FLT1,1,dorothea,
ETS1,FOS,1,dorothea,
ETS1,GABPA,1,dorothea,
ETS1,ITGA4,1,dorothea,
ETS1,ITGA5,1,dorothea,
ETS1,ITGB3,1,dorothea,
ETS1,JAK3,1,dorothea,
ETS1,LCK,1,dorothea,
ETS1,LCP1,1,dorothea,
ETS1,MCL1,1,dorothea,
ETS1,MDM2,-1,dorothea,
ETS1,MET,1,dorothea,
ETS1,MGAT5,1,dorothea,
ETS1,MGAT5B,1,dorothea,
ETS1,MMP2,1,dorothea,
ETS1,NDRG1,-1,dorothea,
ETS1,NFKB1,1,dorothea,
ETS1,NOS3,1,dorothea,
ETS1,NRP1,1,dorothea,
ETS1,OAS2,1,dorothea,
ETS1,PARP1,1,dorothea,
ETS1,PCSK6,1,dorothea,
ETS1,POLD1,1,dorothea,
ETS1,POR,1,dorothea,
ETS1,PSEN1,1,dorothea,
ETS1,PTPA,1,dorothea,
ETS1,RAD51,1,dorothea,
ETS1,RUNX1,1,dorothea,
ETS1,SLC19A1,1,dorothea,
ETS1,SMAD4,1,dorothea,
ETS1,SOCS1,1,dorothea,
ETS1,SPRY2,1,dorothea,
ETS1,SURF1,1,dorothea,
ETS1,TAF12,1,dorothea,
ETS1,TBXAS1,-1,dorothea,
ETS1,TERT,-1,dorothea,
ETS1,TFRC,1,dorothea,
ETS1,THBS1,1,dorothea,
ETS1,TIMP1,-1,dorothea,
ETS1,TNF,1,dorothea,
ETS1,TOM1,1,dorothea,
ETS1,TRP53,1,dorothea,
ETS1,TTYH3,1,dorothea,
ETS1,VEGFA,1,dorothea,
ETS1,WAS,1,dorothea,
ETS1,WT1,1,dorothea,
ETS2,ANGPT2,1,dorothea,
ETS2,ANPEP,1,dorothea,
ETS2,BRCA1,1,dorothea,
ETS2,CDK1,1,dorothea,
ETS2,EGR1,1,dorothea,
ETS2,FOS,1,dorothea,
ETS2,ICAM1,1,dorothea,
ETS2,JAK3,1,dorothea,
ETS2,MYC,1,dorothea,
ETS2,PDE7A,1,dorothea,
ETS2,PSEN1,1,dorothea,
ETS2,TERT,1,dorothea,
ETS2,TRP53,1,dorothea,
ETS2,VWF,1,dorothea,
ETV1,ANKRD44,1,dorothea,
ETV1,BIRC6,1,dorothea,
ETV1,CDK18,1,dorothea,
ETV1,CGGBP1,1,dorothea,
ETV1,COQ8A,1,dorothea,
ETV1,CTTN,1,dorothea,
ETV1,DUSP6,1,dorothea,
ETV1,ERCC1,1,dorothea,
ETV1,FMR1,1,dorothea,
ETV1,IQGAP2,1,dorothea,
ETV1,ISG20L2,1,dorothea,
ETV1,JMJD6,1,dorothea,
ETV1,KDM5A,1,dorothea,
ETV1,LIMCH1,1,dorothea,
ETV1,MZF1,1,dorothea,
ETV1,NAV1,1,dorothea,
ETV1,NFIA,1,dorothea,
ETV1,NSMCE1,1,dorothea,
ETV1,PDE9A,1,dorothea,
ETV1,RAP1GAP,1,dorothea,
ETV1,SEC14L1,1,dorothea,
ETV1,TANK,1,dorothea,
ETV1,TCF4,1,dorothea,
ETV1,TNIK,1,dorothea,
ETV1,UTRN,1,dorothea,
ETV1,WDR37,1,dorothea,
ETV4,AGTR1A,1,dorothea,
ETV4,ETS1,1,dorothea,
ETV4,MMP2,1,dorothea,
ETV4,PLAUR,1,dorothea,
ETV4,TGFBR2,1,dorothea,
ETV4,TIMP2,1,dorothea,
ETV4,TNF,1,dorothea,
ETV4,WT1,1,dorothea,
FOS,ACP5,1,dorothea,
FOS,ARNT,1,dorothea,
FOS,BATF3,1,dorothea,
FOS,BCL2L1,1,dorothea,
FOS,BCL2L11,1,dorothea,
FOS,CCND1,-1,dorothea,
FOS,CDH1,1,dorothea,
FOS,CDK4,1,dorothea,
FOS,CDKN1A,1,dorothea,
FOS,CLU,-1,dorothea,
FOS,CREM,1,dorothea,
FOS,DDIT3,1,dorothea,
FOS,ERCC1,1,dorothea,
FOS,ERCC4,1,dorothea,
FOS,EZR,1,dorothea,
FOS,FASN,1,dorothea,
FOS,FOXA1,1,dorothea,
FOS,GATA3,1,dorothea,
FOS,GREB1,1,dorothea,
FOS,GSTP1,1,dorothea,
FOS,GSTP2,1,dorothea,
FOS,HSPH1,1,dorothea,
FOS,IL4RA,1,dorothea,
FOS,IL6,1,dorothea,
FOS,ITGA5,1,dorothea,
FOS,LRIG2,1,dorothea,
FOS,MMP2,1,dorothea,
FOS,MYC,-1,dorothea,
FOS,NFATC1,1,dorothea,
FOS,NFKB1,-1,dorothea,
FOS,NOS1,1,dorothea,
FOS,NPPA,1,dorothea,
FOS,NQO1,1,dorothea,
FOS,PDHA1,1,dorothea,
FOS,PLAUR,1,dorothea,
FOS,PPARD,1,dorothea,
FOS,RUNX2,1,dorothea,
FOS,SMAD4,1,dorothea,
FOS,SMAD7,1,dorothea,
FOS,SP3,1,dorothea,
FOS,STAR,1,dorothea,
FOS,STIM1,1,dorothea,
FOS,TRP53,1,dorothea,
FOS,UBP1,1,dorothea,
FOS,VEGFA,1,dorothea,
FOS,VEGFD,1,dorothea,
FOSL2,BRCA1,1,dorothea,
FOSL2,CLU,1,dorothea,
FOSL2,PLAUR,1,dorothea,
FOSL2,MAFK,1,dorothea,
FOSL2,NDRG1,1,dorothea,
FOSL2,TGIF1,1,dorothea,
FOXA1,ABCA1,-1,dorothea,
FOXA1,APOB,1,dorothea,
FOXA1,BRCA1,1,dorothea,
FOXA1,CCNG2,1,dorothea,
FOXA1,CEBPA,1,dorothea,
FOXA1,ERBB3,1,dorothea,
FOXA1,GREB1,1,dorothea,
FOXA1,MYC,1,dorothea,
FOXA1,NF1,1,dorothea,
FOXA1,RET,1,dorothea,
FOXA2,CDH1,1,dorothea,
FOXA2,TCF7L2,1,dorothea,
FOXA2,WWC1,1,dorothea,
FOXJ2,SUN1,1,dorothea,
FOXJ2,ANTXR2,1,dorothea,
FOXJ2,ARID4A,1,dorothea,
FOXJ2,AZI2,1,dorothea,
FOXJ2,CC2D2A,1,dorothea,
FOXJ2,CFAP69,1,dorothea,
FOXJ2,CWC27,1,dorothea,
FOXJ2,DNAJC16,1,dorothea,
FOXJ2,FAM13A,1,dorothea,
FOXJ2,FHL1,1,dorothea,
FOXJ2,HBP1,1,dorothea,
FOXJ2,HIBADH,1,dorothea,
FOXJ2,JAK1,1,dorothea,
FOXJ2,LRBA,1,dorothea,
FOXJ2,OTUD5,1,dorothea,
FOXJ2,PCGF5,1,dorothea,
FOXJ2,PER1,1,dorothea,
FOXJ2,PIK3CA,1,dorothea,
FOXJ2,PRPF8,1,dorothea,
FOXJ2,QTRT2,1,dorothea,
FOXJ2,RHOBTB1,1,dorothea,
FOXJ2,SELENOP,1,dorothea,
FOXJ2,STAG2,1,dorothea,
FOXJ2,TNRC18,1,dorothea,
FOXJ2,TRA2A,1,dorothea,
FOXJ2,WEE1,1,dorothea,
FOXJ2,ZBTB20,1,dorothea,
FOXK2,AKT2,1,dorothea,
FOXK2,ANKRD11,1,dorothea,
FOXK2,ARID5B,1,dorothea,
FOXK2,ATF7IP2,1,dorothea,
FOXK2,CLEC16A,1,dorothea,
FOXK2,CTTN,1,dorothea,
FOXK2,DIXDC1,1,dorothea,
FOXK2,DNAJB6,1,dorothea,
FOXK2,DPP9,1,dorothea,
FOXK2,FDFT1,1,dorothea,
FOXK2,FOXK1,1,dorothea,
FOXK2,GATAD2A,1,dorothea,
FOXK2,HNRNPF,1,dorothea,
FOXK2,ITPR1,1,dorothea,
FOXK2,KDM6B,1,dorothea,
FOXK2,LDLR,1,dorothea,
FOXK2,MARK2,1,dorothea,
FOXK2,MED15,1,dorothea,
FOXK2,MGRN1,1,dorothea,
FOXK2,MNT,1,dorothea,
FOXK2,MTHFR,1,dorothea,
FOXK2,NEDD4L,1,dorothea,
FOXK2,NSUN4,1,dorothea,
FOXK2,OSBPL9,1,dorothea,
FOXK2,PCBP1,1,dorothea,
FOXK2,PHF12,1,dorothea,
FOXK2,PI4KA,1,dorothea,
FOXK2,PICALM,1,dorothea,
FOXK2,POR,1,dorothea,
FOXK2,PTP4A2,1,dorothea,
FOXK2,SEMA4B,1,dorothea,
FOXK2,SMURF1,1,dorothea,
FOXK2,SNAP23,1,dorothea,
FOXK2,ST7,1,dorothea,
FOXK2,STAT3,1,dorothea,
FOXK2,TLE3,1,dorothea,
FOXK2,TLK1,1,dorothea,
FOXK2,TRAPPC10,1,dorothea,
FOXK2,TSC22D2,1,dorothea,
FOXK2,TXNIP,1,dorothea,
FOXK2,UBE2D3,1,dorothea,
FOXK2,USP42,1,dorothea,
FOXK2,VPS13D,1,dorothea,
FOXK2,WEE1,1,dorothea,
FOXK2,XPO7,1,dorothea,
FOXK2,XXYLT1,1,dorothea,
FOXK2,ZFP131,1,dorothea,
FOXM1,AURKB,1,dorothea,
FOXM1,BIRC5,1,dorothea,
FOXM1,BMI1,1,dorothea,
FOXM1,BRCA2,1,dorothea,
FOXM1,CCNB1,1,dorothea,
FOXM1,CCND1,1,dorothea,
FOXM1,CCND2,1,dorothea,
FOXM1,CDC25A,1,dorothea,
FOXM1,CDC25B,1,dorothea,
FOXM1,CDC25C,1,dorothea,
FOXM1,CDC6,1,dorothea,
FOXM1,CDK1,1,dorothea,
FOXM1,CDKN1A,1,dorothea,
FOXM1,CDKN1B,1,dorothea,
FOXM1,CENPA,1,dorothea,
FOXM1,CENPB,1,dorothea,
FOXM1,CENPF,1,dorothea,
FOXM1,CKS1B,1,dorothea,
FOXM1,FOS,1,dorothea,
FOXM1,FOXF1,1,dorothea,
FOXM1,ITGB1,1,dorothea,
FOXM1,MMP2,1,dorothea,
FOXM1,PECAM1,1,dorothea,
FOXM1,PLK1,1,dorothea,
FOXM1,SKP2,1,dorothea,
FOXM1,VEGFA,1,dorothea,
FOXM1,XRCC1,1,dorothea,
FOXO1,ABCB1A,1,dorothea,
FOXO1,ABCB1B,1,dorothea,
FOXO1,ANGPT2,1,dorothea,
FOXO1,BCL2L11,1,dorothea,
FOXO1,CCNB1,-1,dorothea,
FOXO1,CCNB2,-1,dorothea,
FOXO1,CDKN1C,1,dorothea,
FOXO1,CDKN2B,1,dorothea,
FOXO1,CDKN2D,1,dorothea,
FOXO1,CNOT8,1,dorothea,
FOXO1,DAAM1,1,dorothea,
FOXO1,DAPK1,1,dorothea,
FOXO1,DUSP4,-1,dorothea,
FOXO1,EIF4EBP1,1,dorothea,
FOXO1,KLF2,1,dorothea,
FOXO1,MCM5,-1,dorothea,
FOXO1,PCK2,1,dorothea,
FOXO1,RPS6KA3,1,dorothea,
FOXO1,SCP2,1,dorothea,
FOXO1,SELENOP,1,dorothea,
FOXO1,TIMP3,-1,dorothea,
FOXO1,TMEM47,1,dorothea,
FOXO1,TRIM63,1,dorothea,
FOXO1,TXNIP,-1,dorothea,
FOXO3,ABCB1A,1,dorothea,
FOXO3,ABCB1B,1,dorothea,
FOXO3,BCL2L11,1,dorothea,
FOXO3,BNIP3L,1,dorothea,
FOXO3,CAT,1,dorothea,
FOXO3,CBLB,1,dorothea,
FOXO3,CDKN1A,1,dorothea,
FOXO3,CDKN2B,1,dorothea,
FOXO3,CDKN2D,1,dorothea,
FOXO3,CITED2,1,dorothea,
FOXO3,DUSP5,1,dorothea,
FOXO3,DUSP6,1,dorothea,
FOXO3,FOXO1,1,dorothea,
FOXO3,GALT,1,dorothea,
FOXO3,HBP1,1,dorothea,
FOXO3,ID1,1,dorothea,
FOXO3,JAK1,1,dorothea,
FOXO3,KLF4,1,dorothea,
FOXO3,NOS3,1,dorothea,
FOXO3,PIK3CA,1,dorothea,
FOXO3,PINK1,1,dorothea,
FOXO3,PRDX3,1,dorothea,
FOXO3,RBL2,1,dorothea,
FOXO3,SOD2,1,dorothea,
FOXO3,STK11,1,dorothea,
FOXO3,TXNIP,1,dorothea,
FOXO4,BCL2L11,1,dorothea,
FOXO4,CDKN1A,1,dorothea,
FOXO4,CDKN1B,1,dorothea,
FOXO4,PCK2,1,dorothea,
FOXO4,SCP2,1,dorothea,
FOXO4,SOD2,1,dorothea,
FOXO4,SPRY2,1,dorothea,
FOXP2,MET,-1,dorothea,
FOXP2,PLAUR,1,dorothea,
FOXP2,ACOT7,-1,dorothea,
FOXP2,ARHGEF4,-1,dorothea,
FOXP2,CDKN1A,-1,dorothea,
FOXP2,DIP2C,-1,dorothea,
FOXP2,FOXO3,-1,dorothea,
FOXP2,FYN,-1,dorothea,
FOXP2,GNAS,-1,dorothea,
FOXP2,HIVEP3,-1,dorothea,
FOXP2,IGF1R,-1,dorothea,
FOXP2,KLHL23,-1,dorothea,
FOXP2,MEIS2,-1,dorothea,
FOXP2,MGAT1,-1,dorothea,
FOXP2,MXI1,-1,dorothea,
FOXP2,NECTIN2,-1,dorothea,
FOXP2,NR3C1,-1,dorothea,
FOXP2,PBX1,-1,dorothea,
FOXP2,PLEKHA5,-1,dorothea,
FOXP2,PTCH1,-1,dorothea,
FOXP2,RBFOX2,-1,dorothea,
FOXP2,RIPOR1,-1,dorothea,
FOXP2,RORA,-1,dorothea,
FOXP2,RUNX1,-1,dorothea,
FOXP2,SLC1A5,-1,dorothea,
FOXP2,STAT1,-1,dorothea,
FOXP2,TCF4,-1,dorothea,
FOXP2,TFAP4,-1,dorothea,
FOXP2,TGIF1,-1,dorothea,
FOXP2,TRIO,-1,dorothea,
FOXP2,ZBTB4,-1,dorothea,
FOXP2,ZFP395,-1,dorothea,
GABPA,BRCA1,1,dorothea,
GABPA,TOMM70A,1,dorothea,
GABPA,CDK13,1,dorothea,
GABPA,AAK1,1,dorothea,
GABPA,ACTB,1,dorothea,
GABPA,ARHGEF4,1,dorothea,
GABPA,ARHGEF7,1,dorothea,
GABPA,ARPC5L,1,dorothea,
GABPA,ASPSCR1,1,dorothea,
GABPA,BICRAL,1,dorothea,
GABPA,CAP1,1,dorothea,
GABPA,CBX8,1,dorothea,
GABPA,CCDC171,1,dorothea,
GABPA,DLG1,1,dorothea,
GABPA,DOCK4,1,dorothea,
GABPA,EFR3A,1,dorothea,
GABPA,ELOVL6,1,dorothea,
GABPA,ERBB2,1,dorothea,
GABPA,ERCC1,1,dorothea,
GABPA,EXOC6,1,dorothea,
GABPA,FRYL,1,dorothea,
GABPA,IPO11,1,dorothea,
GABPA,LARP4B,1,dorothea,
GABPA,LIG4,1,dorothea,
GABPA,LSM4,1,dorothea,
GABPA,MAD2L1BP,1,dorothea,
GABPA,MARK2,1,dorothea,
GABPA,MBNL1,1,dorothea,
GABPA,MED15,1,dorothea,
GABPA,NCOA2,1,dorothea,
GABPA,NEK7,1,dorothea,
GABPA,NFIB,1,dorothea,
GABPA,NIPBL,1,dorothea,
GABPA,NSD3,1,dorothea,
GABPA,OXR1,1,dorothea,
GABPA,PNKP,1,dorothea,
GABPA,PTK2B,1,dorothea,
GABPA,PTPN12,1,dorothea,
GABPA,PTTG1IP,1,dorothea,
GABPA,RABGEF1,1,dorothea,
GABPA,RNF38,1,dorothea,
GABPA,SEC31A,1,dorothea,
GABPA,STIM2,1,dorothea,
GABPA,TBC1D5,1,dorothea,
GABPA,TCF12,1,dorothea,
GABPA,TM9SF3,1,dorothea,
GABPA,TRAPPC10,1,dorothea,
GABPA,UBR4,1,dorothea,
GABPA,UTRN,1,dorothea,
GABPA,VPS13B,1,dorothea,
GABPA,VPS53,1,dorothea,
GABPA,WDR37,1,dorothea,
GABPA,ZFP280D,1,dorothea,
GATA1,AGGF1,1,dorothea,
GATA1,ALAS2,1,dorothea,
GATA1,COPS5,1,dorothea,
GATA1,WT1,1,dorothea,
GATA2,AMOTL1,1,dorothea,
GATA2,APEX1,-1,dorothea,
GATA2,ARRDC4,1,dorothea,
GATA2,CCM2,-1,dorothea,
GATA2,CTSH,1,dorothea,
GATA2,DPYSL2,1,dorothea,
GATA2,EFCAB2,-1,dorothea,
GATA2,ELMO1,1,dorothea,
GATA2,FDPS,1,dorothea,
GATA2,FOXO3,1,dorothea,
GATA2,GATA1,1,dorothea,
GATA2,GPR146,1,dorothea,
GATA2,GULP1,-1,dorothea,
GATA2,HMGB1,1,dorothea,
GATA2,ICAM4,1,dorothea,
GATA2,MYC,1,dorothea,
GATA2,NOS3,1,dorothea,
GATA2,PECAM1,1,dorothea,
GATA2,PNPLA8,-1,dorothea,
GATA2,PPP1R15A,1,dorothea,
GATA2,PSD4,1,dorothea,
GATA2,SGK1,-1,dorothea,
GATA2,TGFB2,-1,dorothea,
GATA2,TNFAIP8L1,1,dorothea,
GATA2,VWA5A,1,dorothea,
GATA2,WT1,1,dorothea,
GATA3,ARNT2,1,dorothea,
GATA3,ATP2B1,1,dorothea,
GATA3,ATXN10,1,dorothea,
GATA3,BCAS3,1,dorothea,
GATA3,BLCAP,1,dorothea,
GATA3,CDH1,1,dorothea,
GATA3,EGFR,1,dorothea,
GATA3,EPHA7,1,dorothea,
GATA3,FBXO11,1,dorothea,
GATA3,FN1,1,dorothea,
GATA3,FNDC3B,1,dorothea,
GATA3,GALNT10,1,dorothea,
GATA3,GREB1,1,dorothea,
GATA3,IL4RA,1,dorothea,
GATA3,ITPK1,1,dorothea,
GATA3,KMT2E,1,dorothea,
GATA3,MDM2,1,dorothea,
GATA3,MYC,1,dorothea,
GATA3,NCOA3,1,dorothea,
GATA3,NFKB1,1,dorothea,
GATA3,NRCAM,1,dorothea,
GATA3,PDE3A,1,dorothea,
GATA3,RBMS1,1,dorothea,
GATA3,SH3KBP1,1,dorothea,
GATA3,SLC24A3,1,dorothea,
GATA3,SLCO4C1,1,dorothea,
GATA3,SLIT2,1,dorothea,
GATA3,ST8SIA6,1,dorothea,
GATA3,SVIL,1,dorothea,
GATA3,TCF7L2,1,dorothea,
GATA3,TEK,1,dorothea,
GATA3,TET2,1,dorothea,
GATA3,TGFBR3,1,dorothea,
GATA3,UST,1,dorothea,
GATA3,VAPB,1,dorothea,
GATA3,ZEB1,1,dorothea,
GATA3,ZFP217,1,dorothea,
GATA3,ZFP507,1,dorothea,
GATA3,ZXDC,1,dorothea,
GATA4,ADA,1,dorothea,
GATA4,ERBB2,-1,dorothea,
GATA4,NOS3,1,dorothea,
GATA4,CLDN6,1,dorothea,
GATA4,ETL4,1,dorothea,
GATA4,FLNB,1,dorothea,
GATA6,SEMA6A,1,dorothea,
GATA6,SVIL,1,dorothea,
GATA6,ABCC5,1,dorothea,
GATA6,ARHGAP42,1,dorothea,
GATA6,ATE1,1,dorothea,
GATA6,ATP2B1,1,dorothea,
GATA6,BCAR3,1,dorothea,
GATA6,BCAS3,1,dorothea,
GATA6,BHLHE40,1,dorothea,
GATA6,CEP128,1,dorothea,
GATA6,CLIC5,1,dorothea,
GATA6,CUX1,1,dorothea,
GATA6,DLC1,1,dorothea,
GATA6,DPYSL2,1,dorothea,
GATA6,FILIP1L,1,dorothea,
GATA6,FLNB,1,dorothea,
GATA6,GALNT2,1,dorothea,
GATA6,KRT18,1,dorothea,
GATA6,KRT8,1,dorothea,
GATA6,MEF2C,1,dorothea,
GATA6,MICAL2,1,dorothea,
GATA6,MID1,1,dorothea,
GATA6,NR5A2,1,dorothea,
GATA6,PDE4D,1,dorothea,
GATA6,PHLDB2,1,dorothea,
GATA6,PKDCC,1,dorothea,
GATA6,PLCB4,1,dorothea,
GATA6,PLEKHA7,1,dorothea,
GATA6,PRDM16,1,dorothea,
GATA6,PTK2B,1,dorothea,
GATA6,RBM47,1,dorothea,
GATA6,RGS3,1,dorothea,
GATA6,SH3KBP1,1,dorothea,
GATA6,SIPA1L2,1,dorothea,
GATA6,SLC15A2,1,dorothea,
GATA6,SOX6,1,dorothea,
GATA6,SPTB,1,dorothea,
GATA6,STARD13,1,dorothea,
GATA6,SYNE2,1,dorothea,
GATA6,TBC1D1,1,dorothea,
GATA6,ZFP36L1,1,dorothea,
GLI2,CCND1,1,dorothea,
GLI2,EFEMP1,-1,dorothea,
GLI2,FOXA2,1,dorothea,
GLI2,FST,1,dorothea,
GLI2,IFNGR1,-1,dorothea,
GLI2,PCNA,1,dorothea,
GLI2,UGCG,-1,dorothea,
GRHL2,C77080,1,dorothea,
GRHL2,LAD1,1,dorothea,
GRHL2,LIPH,1,dorothea,
GRHL2,ABCA4,1,dorothea,
GRHL2,ABLIM1,1,dorothea,
GRHL2,AFAP1,1,dorothea,
GRHL2,ALCAM,1,dorothea,
GRHL2,ARHGAP32,1,dorothea,
GRHL2,ARHGEF4,1,dorothea,
GRHL2,CAST,1,dorothea,
GRHL2,CCDC12,1,dorothea,
GRHL2,CDCP1,1,dorothea,
GRHL2,CDH1,1,dorothea,
GRHL2,CLDN4,1,dorothea,
GRHL2,CTNNBIP1,1,dorothea,
GRHL2,CUEDC1,1,dorothea,
GRHL2,ELMSAN1,1,dorothea,
GRHL2,EPB41L1,1,dorothea,
GRHL2,ESYT2,1,dorothea,
GRHL2,ETL4,1,dorothea,
GRHL2,ETV6,1,dorothea,
GRHL2,EVL,1,dorothea,
GRHL2,FBLN2,1,dorothea,
GRHL2,GDPD5,1,dorothea,
GRHL2,GRAMD3,1,dorothea,
GRHL2,GSN,1,dorothea,
GRHL2,HSPB1,1,dorothea,
GRHL2,IQSEC1,1,dorothea,
GRHL2,LIMCH1,1,dorothea,
GRHL2,LIMK2,1,dorothea,
GRHL2,LPP,1,dorothea,
GRHL2,MACF1,1,dorothea,
GRHL2,MAP4K4,1,dorothea,
GRHL2,MARK2,1,dorothea,
GRHL2,MECOM,1,dorothea,
GRHL2,MID1,1,dorothea,
GRHL2,MYO5B,1,dorothea,
GRHL2,NCEH1,1,dorothea,
GRHL2,OSBPL3,1,dorothea,
GRHL2,PACSIN2,1,dorothea,
GRHL2,PLEKHA7,1,dorothea,
GRHL2,RBM47,1,dorothea,
GRHL2,SGMS1,1,dorothea,
GRHL2,SIPA1L3,1,dorothea,
GRHL2,SLC12A8,1,dorothea,
GRHL2,SLC22A23,1,dorothea,
GRHL2,SLC35F2,1,dorothea,
GRHL2,SLC3A2,1,dorothea,
GRHL2,SLC44A3,1,dorothea,
GRHL2,SLCO3A1,1,dorothea,
GRHL2,SPIDR,1,dorothea,
GRHL2,SPINT2,1,dorothea,
GRHL2,ST14,1,dorothea,
GRHL2,TAF1B,1,dorothea,
GRHL2,TGFA,1,dorothea,
GRHL2,TNS3,1,dorothea,
GRHL2,WWC1,1,dorothea,
GRHL2,ZFP608,1,dorothea,
HBP1,MIF,-1,dorothea,
HBP1,RUNX1,1,dorothea,
HBP1,AFF1,-1,dorothea,
HBP1,ARID1B,-1,dorothea,
HBP1,ARID5B,-1,dorothea,
HBP1,CDK19,-1,dorothea,
HBP1,CITED2,-1,dorothea,
HBP1,CLN6,-1,dorothea,
HBP1,EHD1,-1,dorothea,
HBP1,ELF2,-1,dorothea,
HBP1,ERCC1,-1,dorothea,
HBP1,FOXO3,-1,dorothea,
HBP1,GABARAPL2,-1,dorothea,
HBP1,GNA13,-1,dorothea,
HBP1,GTF2I,-1,dorothea,
HBP1,HECTD1,-1,dorothea,
HBP1,HERC3,-1,dorothea,
HBP1,JMJD1C,-1,dorothea,
HBP1,KANK1,-1,dorothea,
HBP1,KLHDC2,-1,dorothea,
HBP1,LRCH1,-1,dorothea,
HBP1,MAP1LC3B,-1,dorothea,
HBP1,MXI1,-1,dorothea,
HBP1,NIPBL,-1,dorothea,
HBP1,P3H4,-1,dorothea,
HBP1,PHPT1,-1,dorothea,
HBP1,PJA2,-1,dorothea,
HBP1,PPM1A,-1,dorothea,
HBP1,PPM1D,-1,dorothea,
HBP1,RNF13,-1,dorothea,
HBP1,RNF38,-1,dorothea,
HBP1,SIN3A,-1,dorothea,
HBP1,SMARCA2,-1,dorothea,
HBP1,SQSTM1,-1,dorothea,
HBP1,TLK1,-1,dorothea,
HBP1,TOPORS,-1,dorothea,
HBP1,VPS26A,-1,dorothea,
HIF1A,ABCA1,1,dorothea,
HIF1A,ABCB1A,1,dorothea,
HIF1A,ABCB1B,1,dorothea,
HIF1A,ADAM17,1,dorothea,
HIF1A,ADORA2B,1,dorothea,
HIF1A,ALAS2,1,dorothea,
HIF1A,ALDOA,1,dorothea,
HIF1A,ANGPT2,1,dorothea,
HIF1A,ANKRD37,1,dorothea,
HIF1A,APH1A,1,dorothea,
HIF1A,AURKA,1,dorothea,
HIF1A,BAX,1,dorothea,
HIF1A,BCL2L1,1,dorothea,
HIF1A,BHLHE40,1,dorothea,
HIF1A,BIRC5,1,dorothea,
HIF1A,BNIP3,1,dorothea,
HIF1A,BNIP3L,1,dorothea,
HIF1A,CAR9,1,dorothea,
HIF1A,CCN2,1,dorothea,
HIF1A,CCND1,-1,dorothea,
HIF1A,CDKN1A,1,dorothea,
HIF1A,CDKN1B,1,dorothea,
HIF1A,CEACAM1,1,dorothea,
HIF1A,COX4I1,1,dorothea,
HIF1A,CXCR4,1,dorothea,
HIF1A,DDIT4,1,dorothea,
HIF1A,E2F3,1,dorothea,
HIF1A,EGLN1,1,dorothea,
HIF1A,EGLN3,1,dorothea,
HIF1A,ENG,1,dorothea,
HIF1A,ENO1,1,dorothea,
HIF1A,ENO1B,1,dorothea,
HIF1A,ENO2,1,dorothea,
HIF1A,ERCC6,1,dorothea,
HIF1A,ERRFI1,1,dorothea,
HIF1A,ETS1,1,dorothea,
HIF1A,FAM162A,1,dorothea,
HIF1A,FECH,1,dorothea,
HIF1A,FHL1,1,dorothea,
HIF1A,FLT1,1,dorothea,
HIF1A,FOXM1,1,dorothea,
HIF1A,FURIN,1,dorothea,
HIF1A,GBE1,1,dorothea,
HIF1A,GFPT1,1,dorothea,
HIF1A,GPX3,1,dorothea,
HIF1A,GRIN1,1,dorothea,
HIF1A,GYS1,1,dorothea,
HIF1A,HK1,1,dorothea,
HIF1A,HK2,1,dorothea,
HIF1A,HMGCR,1,dorothea,
HIF1A,HMOX1,1,dorothea,
HIF1A,HSP90B1,1,dorothea,
HIF1A,HSPA1A,1,dorothea,
HIF1A,HSPA1B,1,dorothea,
HIF1A,ID2,1,dorothea,
HIF1A,ILK,1,dorothea,
HIF1A,ITGB1,1,dorothea,
HIF1A,KDM3A,1,dorothea,
HIF1A,KDM4B,1,dorothea,
HIF1A,KITL,1,dorothea,
HIF1A,LDHA,1,dorothea,
HIF1A,LGALS1,1,dorothea,
HIF1A,MCL1,1,dorothea,
HIF1A,MET,1,dorothea,
HIF1A,MIF,1,dorothea,
HIF1A,MMP14,1,dorothea,
HIF1A,MUC1,1,dorothea,
HIF1A,NAMPT,1,dorothea,
HIF1A,NOS3,1,dorothea,
HIF1A,NPPB,1,dorothea,
HIF1A,NR3C1,1,dorothea,
HIF1A,NR4A1,1,dorothea,
HIF1A,NR4A3,1,dorothea,
HIF1A,NT5E,1,dorothea,
HIF1A,NTN1,1,dorothea,
HIF1A,NTRK1,1,dorothea,
HIF1A,PDK3,1,dorothea,
HIF1A,PFKFB4,1,dorothea,
HIF1A,PFKL,1,dorothea,
HIF1A,PFKP,1,dorothea,
HIF1A,PGAM1,1,dorothea,
HIF1A,PGK1,1,dorothea,
HIF1A,PKM,1,dorothea,
HIF1A,PLAUR,1,dorothea,
HIF1A,PMAIP1,1,dorothea,
HIF1A,POLI,1,dorothea,
HIF1A,PPIA,1,dorothea,
HIF1A,PPP1R10,1,dorothea,
HIF1A,PPP5C,1,dorothea,
HIF1A,RNF7,1,dorothea,
HIF1A,RORA,1,dorothea,
HIF1A,SLC11A1,1,dorothea,
HIF1A,SLC16A4,1,dorothea,
HIF1A,SLC2A1,1,dorothea,
HIF1A,SOCS1,1,dorothea,
HIF1A,SPHK1,1,dorothea,
HIF1A,STC2,1,dorothea,
HIF1A,TERT,1,dorothea,
HIF1A,TFRC,1,dorothea,
HIF1A,TIMP1,1,dorothea,
HIF1A,TLR2,1,dorothea,
HIF1A,TRF,1,dorothea,
HIF1A,TRP53,1,dorothea,
HIF1A,TUBB3,1,dorothea,
HIF1A,TWIST1,1,dorothea,
HIF1A,VEGFB,1,dorothea,
HIF1A,VEGFD,1,dorothea,
HIF1A,ZFP217,1,dorothea,
HINFP,ABT1,1,dorothea,
HINFP,ACBD5,1,dorothea,
HINFP,ATF7IP2,1,dorothea,
HINFP,C2CD2L,1,dorothea,
HINFP,CCDC9,1,dorothea,
HINFP,CYB5R4,1,dorothea,
HINFP,GPN1,1,dorothea,
HINFP,MPZL1,1,dorothea,
HINFP,PPP1R9B,1,dorothea,
HINFP,REEP5,1,dorothea,
HINFP,RUNX1,1,dorothea,
HINFP,SUN2,1,dorothea,
HINFP,TBXAS1,1,dorothea,
HINFP,USP48,1,dorothea,
HMBOX1,NCOA4,-1,dorothea,
HMBOX1,PDE8A,-1,dorothea,
HMBOX1,AMBRA1,-1,dorothea,
HMBOX1,ASPH,-1,dorothea,
HMBOX1,CDKAL1,-1,dorothea,
HMBOX1,CHD2,-1,dorothea,
HMBOX1,CTBS,-1,dorothea,
HMBOX1,CYTH1,-1,dorothea,
HMBOX1,INTS6L,-1,dorothea,
HMBOX1,KDM4C,-1,dorothea,
HMBOX1,KSR1,-1,dorothea,
HMBOX1,PDE7A,-1,dorothea,
HMBOX1,PEAK1,-1,dorothea,
HMBOX1,PHF21A,-1,dorothea,
HMBOX1,RBM39,-1,dorothea,
HMBOX1,RBPJ,-1,dorothea,
HMBOX1,REV3L,-1,dorothea,
HMBOX1,RICTOR,-1,dorothea,
HMBOX1,SMAD3,-1,dorothea,
HMBOX1,SPIDR,-1,dorothea,
HMBOX1,STK17B,-1,dorothea,
HMBOX1,TNRC6B,-1,dorothea,
HMBOX1,TXNRD1,-1,dorothea,
HMBOX1,VPS13D,-1,dorothea,
HMBOX1,ZNRF1,-1,dorothea,
HNF1A,HNF4A,1,dorothea,
HNF1A,IGF1,1,dorothea,
HNF1A,INS1,1,dorothea,
HNF1A,INS2,1,dorothea,
HNF1A,MIA2,1,dorothea,
HNF1A,MTTP,1,dorothea,
HNF1B,ACSL5,1,dorothea,
HNF1B,ADGRL2,1,dorothea,
HNF1B,ADGRV1,1,dorothea,
HNF1B,AFDN,1,dorothea,
HNF1B,ARHGEF28,1,dorothea,
HNF1B,CEMIP2,1,dorothea,
HNF1B,CNKSR3,1,dorothea,
HNF1B,EPS8,1,dorothea,
HNF1B,GLIS3,1,dorothea,
HNF1B,GPR160,1,dorothea,
HNF1B,GPR39,1,dorothea,
HNF1B,GRAMD3,1,dorothea,
HNF1B,HAVCR1,1,dorothea,
HNF1B,HDAC4,1,dorothea,
HNF1B,KCNIP4,1,dorothea,
HNF1B,LPP,1,dorothea,
HNF1B,LYRM1,1,dorothea,
HNF1B,PARD3,1,dorothea,
HNF1B,PLEKHG3,1,dorothea,
HNF1B,PTP4A1,1,dorothea,
HNF1B,SH3KBP1,1,dorothea,
HNF1B,SPINK1,1,dorothea,
HNF4A,ACAT2,1,dorothea,
HNF4A,ACAT3,1,dorothea,
HNF4A,ACOT13,1,dorothea,
HNF4A,ALDH6A1,1,dorothea,
HNF4A,ANK3,1,dorothea,
HNF4A,APOB,1,dorothea,
HNF4A,BPHL,1,dorothea,
HNF4A,C1QTNF5,1,dorothea,
HNF4A,CDKN1A,1,dorothea,
HNF4A,CLDN4,1,dorothea,
HNF4A,CYP26A1,1,dorothea,
HNF4A,CYP27A1,1,dorothea,
HNF4A,DSC2,1,dorothea,
HNF4A,EPHX1,1,dorothea,
HNF4A,EPHX2,1,dorothea,
HNF4A,EPS15L1,1,dorothea,
HNF4A,F2,1,dorothea,
HNF4A,G6PC3,1,dorothea,
HNF4A,GFER,-1,dorothea,
HNF4A,GHR,1,dorothea,
HNF4A,GPR39,1,dorothea,
HNF4A,HNF1A,1,dorothea,
HNF4A,LDLR,1,dorothea,
HNF4A,MME,1,dorothea,
HNF4A,MYC,1,dorothea,
HNF4A,PCK2,1,dorothea,
HNF4A,PROS1,1,dorothea,
HNF4A,PRPF3,1,dorothea,
HNF4A,SELENOP,1,dorothea,
HNF4A,SERPINC1,1,dorothea,
HNF4A,SOAT2,1,dorothea,
HNF4A,TASP1,1,dorothea,
HNF4A,TBP,1,dorothea,
HNF4A,TCF7L2,1,dorothea,
HNF4A,TGFA,1,dorothea,
HNF4A,VEGFD,1,dorothea,
HSF1,BAG3,-1,dorothea,
HSF1,HSPA1A,1,dorothea,
HSF1,HSPA4,1,dorothea,
HSF1,DNAH17,1,dorothea,
HSF1,HPCAL1,1,dorothea,
HSF1,MKNK2,1,dorothea,
HSF1,NADK,1,dorothea,
HSF1,STIP1,1,dorothea,
HSF1,UBB,1,dorothea,
IRF1,CASP7,1,dorothea,
IRF1,CD40,1,dorothea,
IRF1,CDK2,-1,dorothea,
IRF1,DDX58,1,dorothea,
IRF1,DST,-1,dorothea,
IRF1,EIF2AK2,1,dorothea,
IRF1,IRF2,1,dorothea,
IRF1,OGN,1,dorothea,
IRF1,PSMB9,1,dorothea,
IRF1,TAP1,1,dorothea,
IRF1,TRP53,1,dorothea,
IRF2,TAP1,1,dorothea,
IRF2,ADAR,1,dorothea,
IRF2,CASP7,1,dorothea,
IRF2,CASP8,1,dorothea,
IRF2,NR3C1,1,dorothea,
IRF2,AFF1,1,dorothea,
IRF2,ARID1B,1,dorothea,
IRF2,ATF1,1,dorothea,
IRF2,CEACAM1,1,dorothea,
IRF2,CEP128,1,dorothea,
IRF2,D1PAS1,1,dorothea,
IRF2,DDX3X,1,dorothea,
IRF2,DPYSL2,1,dorothea,
IRF2,FAM111A,1,dorothea,
IRF2,FAM13A,1,dorothea,
IRF2,FANCA,1,dorothea,
IRF2,FMR1,1,dorothea,
IRF2,GAB1,1,dorothea,
IRF2,GALK2,1,dorothea,
IRF2,GPBP1L1,1,dorothea,
IRF2,HNRNPF,1,dorothea,
IRF2,ING1,1,dorothea,
IRF2,ISG15,1,dorothea,
IRF2,KLHL8,1,dorothea,
IRF2,MAX,1,dorothea,
IRF2,MDK,1,dorothea,
IRF2,NFE2L2,1,dorothea,
IRF2,NFIC,1,dorothea,
IRF2,NFIX,1,dorothea,
IRF2,NOD1,1,dorothea,
IRF2,NUB1,1,dorothea,
IRF2,PARP14,1,dorothea,
IRF2,PATL1,1,dorothea,
IRF2,PER1,1,dorothea,
IRF2,PNRC2,1,dorothea,
IRF2,PRKD2,1,dorothea,
IRF2,PRPSAP1,1,dorothea,
IRF2,PTMA,1,dorothea,
IRF2,PTPN12,1,dorothea,
IRF2,RNF111,1,dorothea,
IRF2,SEMA4B,1,dorothea,
IRF2,SEMA4C,1,dorothea,
IRF2,SLC25A22,1,dorothea,
IRF2,SOCS1,1,dorothea,
IRF2,SRBD1,1,dorothea,
IRF2,ST6GAL1,1,dorothea,
IRF2,TASOR2,1,dorothea,
IRF2,TGIF1,1,dorothea,
IRF2,UBE2D3,1,dorothea,
IRF2,UBE2L6,1,dorothea,
IRF2,UBR2,1,dorothea,
IRF2,WDR74,1,dorothea,
IRF2,ZC3HAV1,1,dorothea,
IRF2,ZEB2,1,dorothea,
IRF2,ZFP36,1,dorothea,
IRF2,ZFP566,1,dorothea,
IRF2,ZFP647,1,dorothea,
IRF3,IRF7,1,dorothea,
IRF4,CFLAR,1,dorothea,
IRF4,ELF4,1,dorothea,
IRF4,ITGB7,1,dorothea,
IRF4,AFF1,1,dorothea,
IRF4,AHCYL2,1,dorothea,
IRF4,CAST,1,dorothea,
IRF4,CCDC88C,1,dorothea,
IRF4,CDYL,1,dorothea,
IRF4,CTSC,1,dorothea,
IRF4,CYTH1,1,dorothea,
IRF4,DIS3L2,1,dorothea,
IRF4,ELMO1,1,dorothea,
IRF4,ERN1,1,dorothea,
IRF4,FAM129A,1,dorothea,
IRF4,GDI2,1,dorothea,
IRF4,GRAMD3,1,dorothea,
IRF4,IGF1R,1,dorothea,
IRF4,JAK1,1,dorothea,
IRF4,JARID2,1,dorothea,
IRF4,KALRN,1,dorothea,
IRF4,KBTBD8,1,dorothea,
IRF4,KSR1,1,dorothea,
IRF4,LPP,1,dorothea,
IRF4,MGLL,1,dorothea,
IRF4,NFKBIZ,1,dorothea,
IRF4,OSBPL3,1,dorothea,
IRF4,PBX1,1,dorothea,
IRF4,PEAK1,1,dorothea,
IRF4,PIEZO2,1,dorothea,
IRF4,PIK3AP1,1,dorothea,
IRF4,PLXNC1,1,dorothea,
IRF4,PPP2R5C,1,dorothea,
IRF4,PTK2B,1,dorothea,
IRF4,RABGAP1L,1,dorothea,
IRF4,RAPGEF6,1,dorothea,
IRF4,RTN4,1,dorothea,
IRF4,SAMD4,1,dorothea,
IRF4,SMARCA2,1,dorothea,
IRF4,SMG6,1,dorothea,
IRF4,SORBS1,1,dorothea,
IRF4,SORL1,1,dorothea,
IRF4,SP100,1,dorothea,
IRF4,TCF4,1,dorothea,
IRF4,TENM4,1,dorothea,
IRF4,TXNDC11,1,dorothea,
IRF4,ZEB1,1,dorothea,
IRF4,ZFP365,1,dorothea,
IRF9,PML,1,dorothea,
IRF9,ADAR,1,dorothea,
IRF9,ISG15,1,dorothea,
IRF9,KSR1,1,dorothea,
IRF9,OAS2,1,dorothea,
JUN,ABCB1A,1,dorothea,
JUN,ABCB1B,1,dorothea,
JUN,APP,1,dorothea,
JUN,ATF3,1,dorothea,
JUN,BATF3,1,dorothea,
JUN,BRCA1,1,dorothea,
JUN,CD82,1,dorothea,
JUN,CDKN1A,-1,dorothea,
JUN,CHGA,1,dorothea,
JUN,CREM,1,dorothea,
JUN,DDIT3,1,dorothea,
JUN,EGFR,1,dorothea,
JUN,ETS1,1,dorothea,
JUN,ETS2,1,dorothea,
JUN,EZR,1,dorothea,
JUN,F3,1,dorothea,
JUN,GJA6,1,dorothea,
JUN,IGF1,1,dorothea,
JUN,MAT2A,1,dorothea,
JUN,MMP2,1,dorothea,
JUN,MYC,-1,dorothea,
JUN,NFKB2,1,dorothea,
JUN,NQO1,-1,dorothea,
JUN,NTRK1,1,dorothea,
JUN,PDHA1,1,dorothea,
JUN,PLAT,1,dorothea,
JUN,PLAUR,1,dorothea,
JUN,POLD2,1,dorothea,
JUN,PPARA,1,dorothea,
JUN,PPARD,1,dorothea,
JUN,RHOB,1,dorothea,
JUN,RUNX2,1,dorothea,
JUN,SMAD7,1,dorothea,
JUN,STMN1,1,dorothea,
JUN,TIMP2,1,dorothea,
JUN,TNF,1,dorothea,
JUN,TXN1,1,dorothea,
JUN,VEGFA,-1,dorothea,
JUN,VEGFD,1,dorothea,
JUN,VIM,1,dorothea,
JUNB,CLU,1,dorothea,
JUNB,EGFR,1,dorothea,
JUNB,PIM1,1,dorothea,
JUNB,ABCC1,1,dorothea,
JUNB,AKAP13,1,dorothea,
JUNB,AMPD3,1,dorothea,
JUNB,AUTS2,1,dorothea,
JUNB,BACH1,1,dorothea,
JUNB,BHLHE40,1,dorothea,
JUNB,CCDC12,1,dorothea,
JUNB,CMIP,1,dorothea,
JUNB,CUEDC1,1,dorothea,
JUNB,DMD,1,dorothea,
JUNB,EHD1,1,dorothea,
JUNB,FOXK1,1,dorothea,
JUNB,GMDS,1,dorothea,
JUNB,GNA12,1,dorothea,
JUNB,KALRN,1,dorothea,
JUNB,KAZN,1,dorothea,
JUNB,KLF6,1,dorothea,
JUNB,LIMS1,1,dorothea,
JUNB,LMNA,1,dorothea,
JUNB,MICAL2,1,dorothea,
JUNB,ROCK2,1,dorothea,
JUNB,RTN4,1,dorothea,
JUNB,SEC14L1,1,dorothea,
JUNB,SH3BP5,1,dorothea,
JUNB,SLC12A8,1,dorothea,
JUNB,SMARCA2,1,dorothea,
JUNB,SPRED2,1,dorothea,
JUNB,TBC1D14,1,dorothea,
JUNB,TGIF1,1,dorothea,
JUNB,TNRC6B,1,dorothea,
JUNB,UBC,1,dorothea,
JUNB,VOPP1,1,dorothea,
JUNB,WWTR1,1,dorothea,
JUNB,ZBTB20,1,dorothea,
JUNB,ZFP217,1,dorothea,
JUNB,ZFP36L1,1,dorothea,
JUNB,ZFP36L2,1,dorothea,
JUND,CLU,1,dorothea,
JUND,GADD45A,1,dorothea,
JUND,IL6,1,dorothea,
JUND,ITGAV,-1,dorothea,
JUND,ITGB3,-1,dorothea,
JUND,NQO2,1,dorothea,
JUND,PLAUR,1,dorothea,
JUND,SOX4,1,dorothea,
JUND,TGFB1,1,dorothea,
KDM5B,DNAJB12,1,dorothea,
KDM5B,CMIP,1,dorothea,
KDM5B,CTNNA1,1,dorothea,
KDM5B,DAAM1,1,dorothea,
KDM5B,ELMSAN1,1,dorothea,
KDM5B,JARID2,1,dorothea,
KDM5B,JUP,1,dorothea,
KDM5B,LHFPL2,1,dorothea,
KDM5B,MYH9,1,dorothea,
KDM5B,PPFIBP2,1,dorothea,
KDM5B,PRRC2B,1,dorothea,
KDM5B,RAB11FIP4,1,dorothea,
KDM5B,RREB1,1,dorothea,
KDM5B,SMAD3,1,dorothea,
KDM5B,SYNJ2,1,dorothea,
KDM5B,TGIF1,1,dorothea,
KDM5B,VGLL4,1,dorothea,
KLF13,AP3D1,-1,dorothea,
KLF13,ARID1A,-1,dorothea,
KLF13,ARRDC2,-1,dorothea,
KLF13,ATP6V0D1,-1,dorothea,
KLF13,BCL9L,-1,dorothea,
KLF13,DNAJB1,-1,dorothea,
KLF13,EML2,-1,dorothea,
KLF13,ERCC1,-1,dorothea,
KLF13,FASN,-1,dorothea,
KLF13,FCHO1,-1,dorothea,
KLF13,FKBP5,-1,dorothea,
KLF13,FSCN1,-1,dorothea,
KLF13,JADE1,-1,dorothea,
KLF13,KLHL21,-1,dorothea,
KLF13,LTBP4,-1,dorothea,
KLF13,NDST1,-1,dorothea,
KLF13,NFIC,-1,dorothea,
KLF13,OAZ1,-1,dorothea,
KLF13,PISD,-1,dorothea,
KLF13,PKNOX1,-1,dorothea,
KLF13,PLEC,-1,dorothea,
KLF13,PTOV1,-1,dorothea,
KLF13,RAPGEF3,-1,dorothea,
KLF13,RCSD1,-1,dorothea,
KLF13,REST,-1,dorothea,
KLF13,SLC1A5,-1,dorothea,
KLF13,SNX8,-1,dorothea,
KLF13,TBC1D14,-1,dorothea,
KLF13,TYRO3,-1,dorothea,
KLF3,ADD3,1,dorothea,
KLF3,ARHGAP5,1,dorothea,
KLF3,BTBD3,1,dorothea,
KLF3,CACHD1,1,dorothea,
KLF3,CAST,1,dorothea,
KLF3,GNG12,1,dorothea,
KLF3,KCNK1,1,dorothea,
KLF3,MECOM,1,dorothea,
KLF3,MYO5A,1,dorothea,
KLF3,STRBP,1,dorothea,
KLF3,STXBP6,1,dorothea,
KLF3,TRIO,1,dorothea,
KLF3,TSPAN12,1,dorothea,
KLF4,ATF3,1,dorothea,
KLF4,BIRC5,-1,dorothea,
KLF4,CCND1,1,dorothea,
KLF4,CDKN1A,1,dorothea,
KLF4,GPA33,1,dorothea,
KLF4,NANOG,1,dorothea,
KLF4,PFKP,1,dorothea,
KLF4,RARA,-1,dorothea,
KLF4,THBD,1,dorothea,
KLF5,BIRC5,1,dorothea,
KLF5,FASN,1,dorothea,
KLF5,FGFBP1,1,dorothea,
KLF5,NOTCH1,1,dorothea,
KLF5,FOXQ1,1,dorothea,
KLF5,JUP,1,dorothea,
KLF5,LAMB3,1,dorothea,
KLF5,PTK6,1,dorothea,
KLF5,ACTN1,1,dorothea,
KLF5,ADAP1,1,dorothea,
KLF5,AGRN,1,dorothea,
KLF5,AHNAK2,1,dorothea,
KLF5,ALDH3A2,1,dorothea,
KLF5,AMN,1,dorothea,
KLF5,ANXA2,1,dorothea,
KLF5,B3GNT3,1,dorothea,
KLF5,BAIAP2L1,1,dorothea,
KLF5,C77080,1,dorothea,
KLF5,CANT1,1,dorothea,
KLF5,CD9,1,dorothea,
KLF5,CIRBP,1,dorothea,
KLF5,CLDN4,1,dorothea,
KLF5,COL4A2,1,dorothea,
KLF5,COQ8B,1,dorothea,
KLF5,CRYBG2,1,dorothea,
KLF5,DGKQ,1,dorothea,
KLF5,DIAPH1,1,dorothea,
KLF5,DVL1,1,dorothea,
KLF5,ECE1,1,dorothea,
KLF5,ELF3,1,dorothea,
KLF5,EPHA2,1,dorothea,
KLF5,ERBB2,1,dorothea,
KLF5,ESRP2,1,dorothea,
KLF5,GPR137,1,dorothea,
KLF5,GPRC5A,1,dorothea,
KLF5,GPX4,1,dorothea,
KLF5,KCNN4,1,dorothea,
KLF5,KRT8,1,dorothea,
KLF5,LGALS3,1,dorothea,
KLF5,LLGL2,1,dorothea,
KLF5,LNX2,1,dorothea,
KLF5,LSR,1,dorothea,
KLF5,LTBP3,1,dorothea,
KLF5,LTBP4,1,dorothea,
KLF5,MCRIP2,1,dorothea,
KLF5,MIB2,1,dorothea,
KLF5,MIDN,1,dorothea,
KLF5,MKNK2,1,dorothea,
KLF5,MYH14,1,dorothea,
KLF5,MYO1C,1,dorothea,
KLF5,MYO5B,1,dorothea,
KLF5,NFE2L2,1,dorothea,
KLF5,NOL4L,1,dorothea,
KLF5,PLEC,1,dorothea,
KLF5,PPP1R13L,1,dorothea,
KLF5,PRKCZ,1,dorothea,
KLF5,PTCH1,1,dorothea,
KLF5,RAB11A,1,dorothea,
KLF5,RAB11FIP1,1,dorothea,
KLF5,RALGDS,1,dorothea,
KLF5,RBM47,1,dorothea,
KLF5,RXRA,1,dorothea,
KLF5,S100A16,1,dorothea,
KLF5,SDC1,1,dorothea,
KLF5,SLC2A1,1,dorothea,
KLF5,SLC48A1,1,dorothea,
KLF5,SPIRE2,1,dorothea,
KLF5,SREBF1,1,dorothea,
KLF5,STX1A,1,dorothea,
KLF5,TCF3,1,dorothea,
KLF5,TECR,1,dorothea,
KLF5,TJP3,1,dorothea,
KLF5,WWC1,1,dorothea,
KLF5,YWHAZ,1,dorothea,
KLF5,ZBTB7C,1,dorothea,
KLF5,ZFP217,1,dorothea,
KLF6,ATF3,1,dorothea,
KLF6,DAPK2,1,dorothea,
KLF6,LTC4S,1,dorothea,
KLF6,CDH1,1,dorothea,
KLF6,IGF1R,1,dorothea,
KLF6,ACTN1,1,dorothea,
KLF6,ANXA2,1,dorothea,
KLF6,ARID5B,1,dorothea,
KLF6,ASAP1,1,dorothea,
KLF6,CLIP2,1,dorothea,
KLF6,CTNNBIP1,1,dorothea,
KLF6,DUSP10,1,dorothea,
KLF6,EHD1,1,dorothea,
KLF6,EPS8,1,dorothea,
KLF6,ERRFI1,1,dorothea,
KLF6,ETS1,1,dorothea,
KLF6,ETS2,1,dorothea,
KLF6,IRF1,1,dorothea,
KLF6,ITGB1,1,dorothea,
KLF6,LDLR,1,dorothea,
KLF6,LHFPL2,1,dorothea,
KLF6,LMNA,1,dorothea,
KLF6,LRRFIP1,1,dorothea,
KLF6,LTBP4,1,dorothea,
KLF6,MACF1,1,dorothea,
KLF6,MSI2,1,dorothea,
KLF6,MYH9,1,dorothea,
KLF6,NEDD9,1,dorothea,
KLF6,PLEC,1,dorothea,
KLF6,PTP4A1,1,dorothea,
KLF6,RBCK1,1,dorothea,
KLF6,RND3,1,dorothea,
KLF6,SH3BP2,1,dorothea,
KLF6,SH3BP4,1,dorothea,
KLF6,SH3RF1,1,dorothea,
KLF6,SREBF1,1,dorothea,
KLF6,TACC1,1,dorothea,
KLF6,TECR,1,dorothea,
KLF6,TSPAN14,1,dorothea,
KLF6,VMP1,1,dorothea,
KLF6,WFS1,1,dorothea,
KLF6,WWTR1,1,dorothea,
KLF6,XXYLT1,1,dorothea,
KLF6,ZFP36L1,1,dorothea,
KLF6,ZFP36L2,1,dorothea,
KLF9,ACTN1,1,dorothea,
KLF9,AFAP1,1,dorothea,
KLF9,AGRN,1,dorothea,
KLF9,AMPD2,1,dorothea,
KLF9,APBB2,1,dorothea,
KLF9,ARHGEF2,1,dorothea,
KLF9,ARID5B,1,dorothea,
KLF9,ASPSCR1,1,dorothea,
KLF9,BCAR1,1,dorothea,
KLF9,C77080,1,dorothea,
KLF9,CACHD1,1,dorothea,
KLF9,CMIP,1,dorothea,
KLF9,DGKZ,1,dorothea,
KLF9,ECE1,1,dorothea,
KLF9,EGFR,1,dorothea,
KLF9,EPHB3,1,dorothea,
KLF9,EPHB4,1,dorothea,
KLF9,FCHO1,1,dorothea,
KLF9,FGFR3,1,dorothea,
KLF9,FOXO3,1,dorothea,
KLF9,FYN,1,dorothea,
KLF9,GPRC5B,1,dorothea,
KLF9,GSN,1,dorothea,
KLF9,HIVEP3,1,dorothea,
KLF9,HPCAL1,1,dorothea,
KLF9,IFFO2,1,dorothea,
KLF9,IQSEC1,1,dorothea,
KLF9,JADE2,1,dorothea,
KLF9,MACF1,1,dorothea,
KLF9,MAFK,1,dorothea,
KLF9,MED15,1,dorothea,
KLF9,MEF2D,1,dorothea,
KLF9,NADK,1,dorothea,
KLF9,NCOR2,1,dorothea,
KLF9,NCS1,1,dorothea,
KLF9,NFATC2,1,dorothea,
KLF9,NFIC,1,dorothea,
KLF9,PCBP3,1,dorothea,
KLF9,PER1,1,dorothea,
KLF9,PHC2,1,dorothea,
KLF9,PHLDB1,1,dorothea,
KLF9,PKM,1,dorothea,
KLF9,PLEC,1,dorothea,
KLF9,POR,1,dorothea,
KLF9,RAB11FIP4,1,dorothea,
KLF9,RAP1GAP,1,dorothea,
KLF9,RGS12,1,dorothea,
KLF9,RXRA,1,dorothea,
KLF9,SASH1,1,dorothea,
KLF9,SEC14L1,1,dorothea,
KLF9,SH3BP2,1,dorothea,
KLF9,SH3KBP1,1,dorothea,
KLF9,SH3TC1,1,dorothea,
KLF9,SHROOM2,1,dorothea,
KLF9,SLC4A2,1,dorothea,
KLF9,SYNJ2,1,dorothea,
KLF9,TACC1,1,dorothea,
KLF9,TBC1D24,1,dorothea,
KLF9,TNK2,1,dorothea,
KLF9,TNS1,1,dorothea,
KLF9,TNS2,1,dorothea,
KLF9,TRIOBP,1,dorothea,
KLF9,VAV2,1,dorothea,
KMT2A,CDKN1B,1,dorothea,
KMT2A,MEIS1,1,dorothea,
LHX2,ADGRL3,1,dorothea,
LHX2,CCND1,1,dorothea,
LHX2,CDK14,1,dorothea,
LHX2,FMN2,1,dorothea,
LHX2,GLIS3,1,dorothea,
LHX2,MID1,1,dorothea,
LHX2,MITF,1,dorothea,
LHX2,SOX6,1,dorothea,
LHX2,ZBTB20,1,dorothea,
LHX2,ZFP608,1,dorothea,
MAFF,RAPGEF5,1,dorothea,
MAFF,ARHGEF3,1,dorothea,
MAFF,ARID5B,1,dorothea,
MAFF,BCAS3,1,dorothea,
MAFF,BHLHE40,1,dorothea,
MAFF,CCDC150,1,dorothea,
MAFF,CCSER1,1,dorothea,
MAFF,CD55,1,dorothea,
MAFF,CDK14,1,dorothea,
MAFF,CHN2,1,dorothea,
MAFF,CPEB4,1,dorothea,
MAFF,CYTH1,1,dorothea,
MAFF,DAAM1,1,dorothea,
MAFF,DST,1,dorothea,
MAFF,FLNB,1,dorothea,
MAFF,FMN1,1,dorothea,
MAFF,JMJD1C,1,dorothea,
MAFF,PALLD,1,dorothea,
MAFF,PDE4D,1,dorothea,
MAFF,PDLIM5,1,dorothea,
MAFF,PHLDB2,1,dorothea,
MAFF,PLXNA2,1,dorothea,
MAFF,PRKAG2,1,dorothea,
MAFF,PRKCH,1,dorothea,
MAFF,RABGAP1L,1,dorothea,
MAFF,RAPGEF1,1,dorothea,
MAFF,RGS3,1,dorothea,
MAFF,SEC14L1,1,dorothea,
MAFF,SMOX,1,dorothea,
MAFF,TBC1D14,1,dorothea,
MAFF,TEC,1,dorothea,
MAFF,TJP2,1,dorothea,
MAFF,TLN2,1,dorothea,
MAFF,VGLL4,1,dorothea,
MAFF,WWP2,1,dorothea,
MAFG,EIF4G3,1,dorothea,
MAFG,ABCC1,1,dorothea,
MAFG,ABL1,1,dorothea,
MAFG,ARHGEF3,1,dorothea,
MAFG,CEP112,1,dorothea,
MAFG,EGLN3,1,dorothea,
MAFG,FMN1,1,dorothea,
MAFG,HDAC4,1,dorothea,
MAFG,KAZN,1,dorothea,
MAFG,KSR1,1,dorothea,
MAFG,LYPLAL1,1,dorothea,
MAFG,MED15,1,dorothea,
MAFG,NABP1,1,dorothea,
MAFG,PDE4D,1,dorothea,
MAFG,PLXNA2,1,dorothea,
MAFG,RAPGEF1,1,dorothea,
MAFG,RERE,1,dorothea,
MAFG,RGS3,1,dorothea,
MAFG,SAMD4,1,dorothea,
MAFG,SLC40A1,1,dorothea,
MAFG,SLC44A1,1,dorothea,
MAFG,SMAD3,1,dorothea,
MAFG,STAU2,1,dorothea,
MAFG,TBC1D14,1,dorothea,
MAFG,TCF4,1,dorothea,
MAFG,TEC,1,dorothea,
MAFG,TJP2,1,dorothea,
MAFG,TSC22D2,1,dorothea,
MAFG,ZBTB20,1,dorothea,
MAFK,ADGRL2,1,dorothea,
MAFK,ARHGEF3,1,dorothea,
MAFK,BACH2,1,dorothea,
MAFK,CACNA1D,1,dorothea,
MAFK,CCDC150,1,dorothea,
MAFK,CDK14,1,dorothea,
MAFK,CEP112,1,dorothea,
MAFK,CHD2,1,dorothea,
MAFK,CLIP4,1,dorothea,
MAFK,CREB5,1,dorothea,
MAFK,DAAM1,1,dorothea,
MAFK,DAB2IP,1,dorothea,
MAFK,DCLK2,1,dorothea,
MAFK,DST,1,dorothea,
MAFK,EGLN3,1,dorothea,
MAFK,EIF4G3,1,dorothea,
MAFK,ERGIC1,1,dorothea,
MAFK,FLNB,1,dorothea,
MAFK,FMN1,1,dorothea,
MAFK,FOXK1,1,dorothea,
MAFK,GNA12,1,dorothea,
MAFK,IGF1R,1,dorothea,
MAFK,MTCL1,1,dorothea,
MAFK,MYCBP2,1,dorothea,
MAFK,PDE4D,1,dorothea,
MAFK,PHLDB2,1,dorothea,
MAFK,RABGAP1L,1,dorothea,
MAFK,RAPGEF1,1,dorothea,
MAFK,RGS3,1,dorothea,
MAFK,SAMD4,1,dorothea,
MAFK,SCN8A,1,dorothea,
MAFK,SEC14L1,1,dorothea,
MAFK,SIK3,1,dorothea,
MAFK,SIPA1L2,1,dorothea,
MAFK,SMAD3,1,dorothea,
MAFK,TBC1D14,1,dorothea,
MAFK,TJP2,1,dorothea,
MAFK,TNS3,1,dorothea,
MAFK,ZBTB20,1,dorothea,
MAX,NPRL3,-1,dorothea,
MAX,ODC1,1,dorothea,
MAX,SERF2,1,dorothea,
MAX,CCND1,1,dorothea,
MAX,CDK6,1,dorothea,
MAX,ABLIM2,1,dorothea,
MAX,ACOT7,1,dorothea,
MAX,AGAP3,1,dorothea,
MAX,AGPAT3,1,dorothea,
MAX,ANKRD13B,1,dorothea,
MAX,AP3D1,1,dorothea,
MAX,ARHGEF3,1,dorothea,
MAX,AUTS2,1,dorothea,
MAX,CAST,1,dorothea,
MAX,CCDC88C,1,dorothea,
MAX,CREB5,1,dorothea,
MAX,CTBP2,1,dorothea,
MAX,CUEDC1,1,dorothea,
MAX,CYTH1,1,dorothea,
MAX,D5ERTD579E,1,dorothea,
MAX,DNM2,1,dorothea,
MAX,EVL,1,dorothea,
MAX,FHL2,1,dorothea,
MAX,GRAMD4,1,dorothea,
MAX,GSN,1,dorothea,
MAX,INSR,1,dorothea,
MAX,JADE2,1,dorothea,
MAX,KDM4B,1,dorothea,
MAX,KLC1,1,dorothea,
MAX,KSR1,1,dorothea,
MAX,LMNA,1,dorothea,
MAX,NFATC2,1,dorothea,
MAX,NOL4L,1,dorothea,
MAX,NRXN2,1,dorothea,
MAX,PCBP1,1,dorothea,
MAX,PFKFB3,1,dorothea,
MAX,PHC2,1,dorothea,
MAX,PLA2G6,1,dorothea,
MAX,PLEC,1,dorothea,
MAX,PPP2R2C,1,dorothea,
MAX,PRKCZ,1,dorothea,
MAX,RAP1GAP2,1,dorothea,
MAX,RGS3,1,dorothea,
MAX,RPS6KA2,1,dorothea,
MAX,SH3KBP1,1,dorothea,
MAX,SH3TC1,1,dorothea,
MAX,SMAD3,1,dorothea,
MAX,SMG6,1,dorothea,
MAX,STAT3,1,dorothea,
MAX,STXBP1,1,dorothea,
MAX,TBCD,1,dorothea,
MAX,VGLL4,1,dorothea,
MAZ,MYC,1,dorothea,
MAZ,CTDSP1,1,dorothea,
MAZ,KCTD15,1,dorothea,
MAZ,MARK2,1,dorothea,
MAZ,PPP1R9B,1,dorothea,
MAZ,PRR12,1,dorothea,
MAZ,RNF220,1,dorothea,
MAZ,ACAP3,1,dorothea,
MAZ,ACTN1,1,dorothea,
MAZ,AGPAT3,1,dorothea,
MAZ,AGRN,1,dorothea,
MAZ,AHDC1,1,dorothea,
MAZ,AP3D1,1,dorothea,
MAZ,ARAP1,1,dorothea,
MAZ,ARID1A,1,dorothea,
MAZ,BCAR1,1,dorothea,
MAZ,CABIN1,1,dorothea,
MAZ,CACNA1A,1,dorothea,
MAZ,CCDC97,1,dorothea,
MAZ,CLIP2,1,dorothea,
MAZ,CRTC1,1,dorothea,
MAZ,CSK,1,dorothea,
MAZ,DGKZ,1,dorothea,
MAZ,DVL1,1,dorothea,
MAZ,EPB41L1,1,dorothea,
MAZ,FBXL19,1,dorothea,
MAZ,GIT1,1,dorothea,
MAZ,GPR137,1,dorothea,
MAZ,GSE1,1,dorothea,
MAZ,HNRNPF,1,dorothea,
MAZ,IRF2BP1,1,dorothea,
MAZ,KCTD2,1,dorothea,
MAZ,KDM2B,1,dorothea,
MAZ,KLF16,1,dorothea,
MAZ,LASP1,1,dorothea,
MAZ,MAPKAPK3,1,dorothea,
MAZ,MED16,1,dorothea,
MAZ,MFSD12,1,dorothea,
MAZ,MLLT1,1,dorothea,
MAZ,MNT,1,dorothea,
MAZ,MSI2,1,dorothea,
MAZ,NCOR2,1,dorothea,
MAZ,NFIA,1,dorothea,
MAZ,NOSIP,1,dorothea,
MAZ,PALM,1,dorothea,
MAZ,PDXK,1,dorothea,
MAZ,PLXNB2,1,dorothea,
MAZ,PPFIA3,1,dorothea,
MAZ,PRPF31,1,dorothea,
MAZ,PTPA,1,dorothea,
MAZ,SERPINH1,1,dorothea,
MAZ,SLC4A2,1,dorothea,
MAZ,SOX12,1,dorothea,
MAZ,SSBP4,1,dorothea,
MAZ,ST3GAL2,1,dorothea,
MAZ,STAT6,1,dorothea,
MAZ,STK10,1,dorothea,
MAZ,STK11,1,dorothea,
MAZ,STK32C,1,dorothea,
MAZ,SYNGAP1,1,dorothea,
MAZ,TACC3,1,dorothea,
MAZ,TCF3,1,dorothea,
MAZ,TRIM47,1,dorothea,
MAZ,UBTF,1,dorothea,
MAZ,ZBTB7A,1,dorothea,
MBD1,SETDB1,-1,dorothea,
MBD1,ANKRD11,-1,dorothea,
MBD1,BANP,-1,dorothea,
MBD1,CELSR3,-1,dorothea,
MBD1,DAZAP1,-1,dorothea,
MBD1,DIDO1,-1,dorothea,
MBD1,DPP9,-1,dorothea,
MBD1,E4F1,-1,dorothea,
MBD1,EXOC7,-1,dorothea,
MBD1,FOXK2,-1,dorothea,
MBD1,HOOK2,-1,dorothea,
MBD1,IFT140,-1,dorothea,
MBD1,KDM4B,-1,dorothea,
MBD1,KMT2B,-1,dorothea,
MBD1,LTO1,-1,dorothea,
MBD1,MAFK,-1,dorothea,
MBD1,NELFA,-1,dorothea,
MBD1,NELFCD,-1,dorothea,
MBD1,PGS1,-1,dorothea,
MBD1,PNPLA6,-1,dorothea,
MBD1,PPP1R37,-1,dorothea,
MBD1,PRPF31,-1,dorothea,
MBD1,PSMG4,-1,dorothea,
MBD1,RBM14,-1,dorothea,
MBD1,RGS12,-1,dorothea,
MBD1,RSAD1,-1,dorothea,
MBD1,SECISBP2,-1,dorothea,
MBD1,SF3A2,-1,dorothea,
MBD1,SRCAP,-1,dorothea,
MBD1,SRSF7,-1,dorothea,
MBD1,TCF25,-1,dorothea,
MBD1,THADA,-1,dorothea,
MBD1,THOP1,-1,dorothea,
MBD1,TRIM41,-1,dorothea,
MBD1,TTLL4,-1,dorothea,
MBD1,UQCC1,-1,dorothea,
MBD1,USP4,-1,dorothea,
MBD1,WRNIP1,-1,dorothea,
MBD1,ZDHHC7,-1,dorothea,
MBD1,ZFP263,-1,dorothea,
MBD1,ZZEF1,-1,dorothea,
MBD2,ADGRB1,1,dorothea,
MBD2,AGAP3,1,dorothea,
MBD2,BC034090,1,dorothea,
MBD2,CELSR1,1,dorothea,
MBD2,CHD4,1,dorothea,
MBD2,ESPN,1,dorothea,
MBD2,EVA1B,1,dorothea,
MBD2,INSYN2A,1,dorothea,
MBD2,OPLAH,1,dorothea,
MBD2,PKP3,1,dorothea,
MBD2,PLEKHG5,1,dorothea,
MBD2,PRKCZ,1,dorothea,
MBD2,RADIL,1,dorothea,
MBD2,SLC16A3,1,dorothea,
MBD2,SPPL2B,1,dorothea,
MBD2,TENM4,1,dorothea,
MBD2,TUB,1,dorothea,
MBD2,TYK2,1,dorothea,
MEF2A,JUN,1,dorothea,
MEF2A,KLF2,1,dorothea,
MEF2A,GTDC1,1,dorothea,
MEF2A,MEF2D,1,dorothea,
MEF2A,SCHIP1,1,dorothea,
MEF2A,AFAP1,1,dorothea,
MEF2A,ARHGAP10,1,dorothea,
MEF2A,ARHGAP42,1,dorothea,
MEF2A,ARHGEF12,1,dorothea,
MEF2A,ARHGEF3,1,dorothea,
MEF2A,ASAP1,1,dorothea,
MEF2A,ATF3,1,dorothea,
MEF2A,BCAS3,1,dorothea,
MEF2A,CAB39,1,dorothea,
MEF2A,CDC42EP3,1,dorothea,
MEF2A,CDYL,1,dorothea,
MEF2A,CHD9,1,dorothea,
MEF2A,CRIM1,1,dorothea,
MEF2A,DAAM1,1,dorothea,
MEF2A,DMD,1,dorothea,
MEF2A,DST,1,dorothea,
MEF2A,EEA1,1,dorothea,
MEF2A,EFR3A,1,dorothea,
MEF2A,ERC1,1,dorothea,
MEF2A,ERCC1,1,dorothea,
MEF2A,ETL4,1,dorothea,
MEF2A,FAM129A,1,dorothea,
MEF2A,FBXW11,1,dorothea,
MEF2A,FCHSD2,1,dorothea,
MEF2A,GOLIM4,1,dorothea,
MEF2A,HIVEP2,1,dorothea,
MEF2A,HMGB1,1,dorothea,
MEF2A,ITGB1,1,dorothea,
MEF2A,ITPR1,1,dorothea,
MEF2A,JMJD1C,1,dorothea,
MEF2A,KDM4C,1,dorothea,
MEF2A,KLF6,1,dorothea,
MEF2A,KLF9,1,dorothea,
MEF2A,LHFPL2,1,dorothea,
MEF2A,LMNA,1,dorothea,
MEF2A,LRCH1,1,dorothea,
MEF2A,LTBP1,1,dorothea,
MEF2A,MACF1,1,dorothea,
MEF2A,MBNL1,1,dorothea,
MEF2A,MEF2C,1,dorothea,
MEF2A,METTL8,1,dorothea,
MEF2A,MSN,1,dorothea,
MEF2A,MYH9,1,dorothea,
MEF2A,NCOA3,1,dorothea,
MEF2A,NCOA7,1,dorothea,
MEF2A,NEDD9,1,dorothea,
MEF2A,NEK6,1,dorothea,
MEF2A,NEK7,1,dorothea,
MEF2A,NFATC2,1,dorothea,
MEF2A,NIN,1,dorothea,
MEF2A,NUMB,1,dorothea,
MEF2A,PALLD,1,dorothea,
MEF2A,PAM,1,dorothea,
MEF2A,PEAK1,1,dorothea,
MEF2A,PHTF2,1,dorothea,
MEF2A,PICALM,1,dorothea,
MEF2A,PIK3AP1,1,dorothea,
MEF2A,PLCL2,1,dorothea,
MEF2A,PRDM2,1,dorothea,
MEF2A,PRKCE,1,dorothea,
MEF2A,PTK2,1,dorothea,
MEF2A,RAB11FIP1,1,dorothea,
MEF2A,RABGAP1L,1,dorothea,
MEF2A,RBPJ,1,dorothea,
MEF2A,RGS3,1,dorothea,
MEF2A,RIN2,1,dorothea,
MEF2A,RIPOR2,1,dorothea,
MEF2A,SAMD4,1,dorothea,
MEF2A,SASH1,1,dorothea,
MEF2A,SIPA1L1,1,dorothea,
MEF2A,SLC12A8,1,dorothea,
MEF2A,ST6GAL1,1,dorothea,
MEF2A,STARD13,1,dorothea,
MEF2A,SVIL,1,dorothea,
MEF2A,TBL1XR1,1,dorothea,
MEF2A,TCF4,1,dorothea,
MEF2A,TJP2,1,dorothea,
MEF2A,TNRC6B,1,dorothea,
MEF2A,TRIO,1,dorothea,
MEF2A,UST,1,dorothea,
MEF2A,UTRN,1,dorothea,
MEF2A,UVRAG,1,dorothea,
MEF2A,WWTR1,1,dorothea,
MEF2A,XYLT1,1,dorothea,
MEF2A,ZEB1,1,dorothea,
MEF2C,CPT1B,1,dorothea,
MEF2C,JUN,1,dorothea,
MEF2C,KLF2,1,dorothea,
MEF2C,NR4A1,-1,dorothea,
MEF2C,CLIC5,1,dorothea,
MEF2C,PLCL2,1,dorothea,
MEF2C,TCF4,1,dorothea,
MEF2C,ANK3,1,dorothea,
MEF2C,ARHGAP10,1,dorothea,
MEF2C,ARHGEF3,1,dorothea,
MEF2C,ARHGEF7,1,dorothea,
MEF2C,ARID1A,1,dorothea,
MEF2C,CDK14,1,dorothea,
MEF2C,CDKL5,1,dorothea,
MEF2C,DNAJB2,1,dorothea,
MEF2C,DPYSL3,1,dorothea,
MEF2C,EBF1,1,dorothea,
MEF2C,ELMSAN1,1,dorothea,
MEF2C,ENTPD1,1,dorothea,
MEF2C,EPS15,1,dorothea,
MEF2C,ERC1,1,dorothea,
MEF2C,ETS1,1,dorothea,
MEF2C,FAM129A,1,dorothea,
MEF2C,FCHSD2,1,dorothea,
MEF2C,FMNL3,1,dorothea,
MEF2C,GTDC1,1,dorothea,
MEF2C,HBS1L,1,dorothea,
MEF2C,HDAC5,1,dorothea,
MEF2C,INPP4A,1,dorothea,
MEF2C,LCA5,1,dorothea,
MEF2C,LIMS1,1,dorothea,
MEF2C,LMNA,1,dorothea,
MEF2C,LRMP,1,dorothea,
MEF2C,MACF1,1,dorothea,
MEF2C,MYH9,1,dorothea,
MEF2C,NDUFV2,1,dorothea,
MEF2C,NEDD9,1,dorothea,
MEF2C,NEK6,1,dorothea,
MEF2C,NFATC1,1,dorothea,
MEF2C,NR3C1,1,dorothea,
MEF2C,NREP,1,dorothea,
MEF2C,NUCB2,1,dorothea,
MEF2C,OXR1,1,dorothea,
MEF2C,PIP4K2A,1,dorothea,
MEF2C,PRKCH,1,dorothea,
MEF2C,RASGRP3,1,dorothea,
MEF2C,REEP1,1,dorothea,
MEF2C,RFTN1,1,dorothea,
MEF2C,RGS3,1,dorothea,
MEF2C,RIPOR2,1,dorothea,
MEF2C,SIPA1L1,1,dorothea,
MEF2C,ST6GAL1,1,dorothea,
MEF2C,TBL1XR1,1,dorothea,
MEF2C,TMEM131L,1,dorothea,
MEF2C,TSPAN12,1,dorothea,
MEIS1,ARHGAP10,1,dorothea,
MEIS1,BBS9,1,dorothea,
MEIS1,BCAR3,1,dorothea,
MEIS1,CACHD1,1,dorothea,
MEIS1,CACNA1A,1,dorothea,
MEIS1,CCDC171,1,dorothea,
MEIS1,CFAP61,1,dorothea,
MEIS1,DAAM1,1,dorothea,
MEIS1,DOCK5,1,dorothea,
MEIS1,DPYSL3,1,dorothea,
MEIS1,DSE,1,dorothea,
MEIS1,DST,1,dorothea,
MEIS1,DYRK1A,1,dorothea,
MEIS1,ETL4,1,dorothea,
MEIS1,ETS1,1,dorothea,
MEIS1,FBN1,1,dorothea,
MEIS1,FOXP2,1,dorothea,
MEIS1,FRYL,1,dorothea,
MEIS1,GAS7,1,dorothea,
MEIS1,GHR,1,dorothea,
MEIS1,GLIS3,1,dorothea,
MEIS1,GNA12,1,dorothea,
MEIS1,HECW2,1,dorothea,
MEIS1,JCAD,1,dorothea,
MEIS1,KSR1,1,dorothea,
MEIS1,MID1,1,dorothea,
MEIS1,NFIA,1,dorothea,
MEIS1,NFIB,1,dorothea,
MEIS1,PALLD,1,dorothea,
MEIS1,PARD3,1,dorothea,
MEIS1,PLCL2,1,dorothea,
MEIS1,PLD1,1,dorothea,
MEIS1,RAPGEF5,1,dorothea,
MEIS1,RERE,1,dorothea,
MEIS1,RIPOR2,1,dorothea,
MEIS1,RYR3,1,dorothea,
MEIS1,SPTBN1,1,dorothea,
MEIS1,TCF4,1,dorothea,
MEIS1,TLE4,1,dorothea,
MEIS1,TNIK,1,dorothea,
MEIS1,UBE2E1,1,dorothea,
MEIS1,UBR3,1,dorothea,
MEIS1,USP6NL,1,dorothea,
MEIS1,VGLL4,1,dorothea,
MEIS1,XXYLT1,1,dorothea,
MEIS2,MCC,1,dorothea,
MEIS2,TGFBR3,1,dorothea,
MEIS2,ADD3,1,dorothea,
MEIS2,ANKRD11,1,dorothea,
MEIS2,ATAD2B,1,dorothea,
MEIS2,ATP2B4,1,dorothea,
MEIS2,CCNY,1,dorothea,
MEIS2,CNOT10,1,dorothea,
MEIS2,CORO1C,1,dorothea,
MEIS2,DMD,1,dorothea,
MEIS2,DNM2,1,dorothea,
MEIS2,DOCK9,1,dorothea,
MEIS2,DST,1,dorothea,
MEIS2,ETV1,1,dorothea,
MEIS2,FAM13A,1,dorothea,
MEIS2,FAM184A,1,dorothea,
MEIS2,FRYL,1,dorothea,
MEIS2,HDAC4,1,dorothea,
MEIS2,HK1,1,dorothea,
MEIS2,HNRNPLL,1,dorothea,
MEIS2,ITSN1,1,dorothea,
MEIS2,KCNH2,1,dorothea,
MEIS2,MAN1C1,1,dorothea,
MEIS2,MAPRE2,1,dorothea,
MEIS2,MBD5,1,dorothea,
MEIS2,MEF2C,1,dorothea,
MEIS2,MITF,1,dorothea,
MEIS2,MRTFA,1,dorothea,
MEIS2,NAV2,1,dorothea,
MEIS2,NCOA7,1,dorothea,
MEIS2,NFIA,1,dorothea,
MEIS2,NR2F2,1,dorothea,
MEIS2,PTK2,1,dorothea,
MEIS2,RABGAP1L,1,dorothea,
MEIS2,ROR2,1,dorothea,
MEIS2,SBF2,1,dorothea,
MEIS2,SDCCAG8,1,dorothea,
MEIS2,SORBS1,1,dorothea,
MEIS2,SPIDR,1,dorothea,
MEIS2,SPRED2,1,dorothea,
MEIS2,SPTBN1,1,dorothea,
MEIS2,SSBP2,1,dorothea,
MEIS2,SSBP3,1,dorothea,
MEIS2,SSH1,1,dorothea,
MEIS2,STXBP5,1,dorothea,
MEIS2,TNIK,1,dorothea,
MEIS2,ZFP608,1,dorothea,
MITF,APEX1,1,dorothea,
MITF,BIRC7,1,dorothea,
MITF,CDK2,1,dorothea,
MITF,CTSK,1,dorothea,
MITF,DIAPH1,1,dorothea,
MITF,HERC2,1,dorothea,
MITF,HIF1A,1,dorothea,
MITF,ITPR1,1,dorothea,
MITF,KIT,1,dorothea,
MITF,MAPRE2,1,dorothea,
MITF,MET,1,dorothea,
MITF,MLANA,1,dorothea,
MITF,OCA2,1,dorothea,
MITF,PMEL,1,dorothea,
MITF,PRKCB,1,dorothea,
MITF,RAB27A,1,dorothea,
MITF,STARD13,1,dorothea,
MITF,TBC1D1,1,dorothea,
MNT,GATAD2A,-1,dorothea,
MNT,PLEC,-1,dorothea,
MNT,SH3BP2,-1,dorothea,
MNT,ACIN1,-1,dorothea,
MNT,ADGRV1,-1,dorothea,
MNT,AGAP3,-1,dorothea,
MNT,ANKRD11,-1,dorothea,
MNT,AP3D1,-1,dorothea,
MNT,BCL9L,-1,dorothea,
MNT,BCR,-1,dorothea,
MNT,CAST,-1,dorothea,
MNT,CMIP,-1,dorothea,
MNT,COBL,-1,dorothea,
MNT,CSNK1D,-1,dorothea,
MNT,ECE1,-1,dorothea,
MNT,ELL,-1,dorothea,
MNT,ELMSAN1,-1,dorothea,
MNT,EPN2,-1,dorothea,
MNT,EVL,-1,dorothea,
MNT,FAM131A,-1,dorothea,
MNT,FOXK2,-1,dorothea,
MNT,GREB1,-1,dorothea,
MNT,GSN,-1,dorothea,
MNT,KDM4B,-1,dorothea,
MNT,KDM6B,-1,dorothea,
MNT,LRRFIP1,-1,dorothea,
MNT,MAFK,-1,dorothea,
MNT,MARK2,-1,dorothea,
MNT,MED15,-1,dorothea,
MNT,MGRN1,-1,dorothea,
MNT,MYH9,-1,dorothea,
MNT,NCOR2,-1,dorothea,
MNT,NET1,-1,dorothea,
MNT,NGLY1,-1,dorothea,
MNT,PDXK,-1,dorothea,
MNT,PDZRN3,-1,dorothea,
MNT,PFKFB3,-1,dorothea,
MNT,POR,-1,dorothea,
MNT,PPP2R2C,-1,dorothea,
MNT,PRKAG2,-1,dorothea,
MNT,PRRC2B,-1,dorothea,
MNT,RAB40C,-1,dorothea,
MNT,RAI1,-1,dorothea,
MNT,RAPGEF1,-1,dorothea,
MNT,RARA,-1,dorothea,
MNT,RFX2,-1,dorothea,
MNT,RGS3,-1,dorothea,
MNT,SKI,-1,dorothea,
MNT,SLC16A3,-1,dorothea,
MNT,SYMPK,-1,dorothea,
MNT,TLE3,-1,dorothea,
MNT,TMEM127,-1,dorothea,
MNT,VGLL4,-1,dorothea,
MNT,ZFP395,-1,dorothea,
MXI1,CAST,-1,dorothea,
MXI1,CTBP2,-1,dorothea,
MXI1,DST,-1,dorothea,
MXI1,FAM13A,-1,dorothea,
MXI1,SSBP3,-1,dorothea,
MXI1,ACAP3,-1,dorothea,
MXI1,ACLY,-1,dorothea,
MXI1,AHNAK,-1,dorothea,
MXI1,AK2,-1,dorothea,
MXI1,AMPD2,-1,dorothea,
MXI1,AP3D1,-1,dorothea,
MXI1,ARAP1,-1,dorothea,
MXI1,ARHGAP45,-1,dorothea,
MXI1,ARHGEF3,-1,dorothea,
MXI1,ARID1B,-1,dorothea,
MXI1,ARID3A,-1,dorothea,
MXI1,AUTS2,-1,dorothea,
MXI1,BCAR1,-1,dorothea,
MXI1,CDK6,-1,dorothea,
MXI1,CDKN2C,-1,dorothea,
MXI1,CUX1,-1,dorothea,
MXI1,CYTH1,-1,dorothea,
MXI1,EML2,-1,dorothea,
MXI1,EPB41,-1,dorothea,
MXI1,FAM214B,-1,dorothea,
MXI1,FGGY,-1,dorothea,
MXI1,FOXK1,-1,dorothea,
MXI1,FOXN3,-1,dorothea,
MXI1,FOXO3,-1,dorothea,
MXI1,GLRX5,-1,dorothea,
MXI1,GORASP2,-1,dorothea,
MXI1,HDAC5,-1,dorothea,
MXI1,HMGB1,-1,dorothea,
MXI1,HMOX2,-1,dorothea,
MXI1,IGF1R,-1,dorothea,
MXI1,ING1,-1,dorothea,
MXI1,KDM4B,-1,dorothea,
MXI1,KLF10,-1,dorothea,
MXI1,KLF16,-1,dorothea,
MXI1,KSR1,-1,dorothea,
MXI1,LMNA,-1,dorothea,
MXI1,MACF1,-1,dorothea,
MXI1,MAP1LC3B,-1,dorothea,
MXI1,MCRIP2,-1,dorothea,
MXI1,MSI2,-1,dorothea,
MXI1,NFE2L1,-1,dorothea,
MXI1,NFE2L2,-1,dorothea,
MXI1,NOL4L,-1,dorothea,
MXI1,PCBP1,-1,dorothea,
MXI1,PDXK,-1,dorothea,
MXI1,PFKFB3,-1,dorothea,
MXI1,PKM,-1,dorothea,
MXI1,PTPA,-1,dorothea,
MXI1,RBFOX2,-1,dorothea,
MXI1,RUSC1,-1,dorothea,
MXI1,RUVBL1,-1,dorothea,
MXI1,SGMS1,-1,dorothea,
MXI1,SMAD3,-1,dorothea,
MXI1,STK32C,-1,dorothea,
MXI1,TLE3,-1,dorothea,
MXI1,TLE4,-1,dorothea,
MXI1,TNS1,-1,dorothea,
MXI1,TRAPPC9,-1,dorothea,
MXI1,TSPAN4,-1,dorothea,
MXI1,TTYH3,-1,dorothea,
MXI1,UBE2D3,-1,dorothea,
MXI1,UCKL1,-1,dorothea,
MXI1,VAV2,-1,dorothea,
MXI1,VGLL4,-1,dorothea,
MXI1,WDR81,-1,dorothea,
MXI1,WEE1,-1,dorothea,
MXI1,YY1,-1,dorothea,
MXI1,ZFP395,-1,dorothea,
MYBL2,MYC,1,dorothea,
MYBL2,ANXA2,1,dorothea,
MYBL2,ARID1A,1,dorothea,
MYBL2,BCAR3,1,dorothea,
MYBL2,CALD1,1,dorothea,
MYBL2,CDKN3,1,dorothea,
MYBL2,CENPF,1,dorothea,
MYBL2,CHD2,1,dorothea,
MYBL2,DEPDC1B,1,dorothea,
MYBL2,DST,1,dorothea,
MYBL2,FAM169A,1,dorothea,
MYBL2,INSIG2,1,dorothea,
MYBL2,LMNB1,1,dorothea,
MYBL2,MAP4K4,1,dorothea,
MYBL2,MAT2A,1,dorothea,
MYBL2,NAV2,1,dorothea,
MYBL2,SLX4IP,1,dorothea,
MYBL2,SYNJ2,1,dorothea,
MYBL2,TNIK,1,dorothea,
MYBL2,TOP2A,1,dorothea,
MYBL2,YAP1,1,dorothea,
MYBL2,ZFP608,1,dorothea,
MYC,ACADM,1,dorothea,
MYC,ACE,1,dorothea,
MYC,ACO2,1,dorothea,
MYC,ACOX1,1,dorothea,
MYC,ACP5,1,dorothea,
MYC,ACPP,1,dorothea,
MYC,ACTG1,1,dorothea,
MYC,ADCY9,1,dorothea,
MYC,AHSG,1,dorothea,
MYC,AIMP2,1,dorothea,
MYC,AKAP1,1,dorothea,
MYC,AKR1A1,1,dorothea,
MYC,ALG5,1,dorothea,
MYC,AMD1,1,dorothea,
MYC,AMD2,1,dorothea,
MYC,AMPD2,1,dorothea,
MYC,AMPD3,1,dorothea,
MYC,APC,1,dorothea,
MYC,APEX1,1,dorothea,
MYC,APP,1,dorothea,
MYC,AQR,1,dorothea,
MYC,ARF1,1,dorothea,
MYC,ARF4,1,dorothea,
MYC,ARFGAP2,1,dorothea,
MYC,ARSB,1,dorothea,
MYC,ASS1,1,dorothea,
MYC,ATF4,1,dorothea,
MYC,ATF7,1,dorothea,
MYC,BAX,1,dorothea,
MYC,BCL2L12,1,dorothea,
MYC,BCL3,1,dorothea,
MYC,BMP4,1,dorothea,
MYC,BRCA1,1,dorothea,
MYC,BRCA2,1,dorothea,
MYC,BRD7,-1,dorothea,
MYC,BSG,1,dorothea,
MYC,CASP8,1,dorothea,
MYC,CASP8AP2,1,dorothea,
MYC,CASP9,1,dorothea,
MYC,CBS,1,dorothea,
MYC,CBX3,1,dorothea,
MYC,CBX5,1,dorothea,
MYC,CCNA2,1,dorothea,
MYC,CCNB1,1,dorothea,
MYC,CCND1,-1,dorothea,
MYC,CCNE1,1,dorothea,
MYC,CCT5,1,dorothea,
MYC,CD63,1,dorothea,
MYC,CD79B,1,dorothea,
MYC,CDC25A,1,dorothea,
MYC,CDC25C,1,dorothea,
MYC,CDK4,1,dorothea,
MYC,CDK6,1,dorothea,
MYC,CEACAM1,1,dorothea,
MYC,CEBPA,-1,dorothea,
MYC,CFLAR,-1,dorothea,
MYC,CHRNB1,1,dorothea,
MYC,CKS2,1,dorothea,
MYC,CLCN6,1,dorothea,
MYC,CLINT1,1,dorothea,
MYC,CLP1,1,dorothea,
MYC,CLUH,1,dorothea,
MYC,CMAS,1,dorothea,
MYC,COL4A1,1,dorothea,
MYC,COX7A2L,1,dorothea,
MYC,CRAT,1,dorothea,
MYC,CRIPT,1,dorothea,
MYC,CSDE1,-1,dorothea,
MYC,CSTB,1,dorothea,
MYC,CTSF,1,dorothea,
MYC,CXCR4,1,dorothea,
MYC,CXXC1,1,dorothea,
MYC,DCK,1,dorothea,
MYC,DDX11,1,dorothea,
MYC,DDX18,1,dorothea,
MYC,DDX5,1,dorothea,
MYC,DFFA,1,dorothea,
MYC,DKC1,1,dorothea,
MYC,DMAC2L,1,dorothea,
MYC,DNPH1,1,dorothea,
MYC,DPY30,1,dorothea,
MYC,DUSP1,-1,dorothea,
MYC,E2F1,1,dorothea,
MYC,EIF3C,1,dorothea,
MYC,EIF4A1,1,dorothea,
MYC,EIF4B,1,dorothea,
MYC,EIF4EBP2,1,dorothea,
MYC,EIF5A2,1,dorothea,
MYC,ELK1,1,dorothea,
MYC,ENO1,1,dorothea,
MYC,ENO1B,1,dorothea,
MYC,ENTPD7,1,dorothea,
MYC,EPHX1,1,dorothea,
MYC,ESD,1,dorothea,
MYC,ETS2,1,dorothea,
MYC,EXOSC8,1,dorothea,
MYC,FAH,1,dorothea,
MYC,FASN,1,dorothea,
MYC,FECH,1,dorothea,
MYC,FGFR4,1,dorothea,
MYC,FOXM1,1,dorothea,
MYC,FPGS,1,dorothea,
MYC,FXN,1,dorothea,
MYC,FXR1,1,dorothea,
MYC,GADD45A,-1,dorothea,
MYC,GALT,1,dorothea,
MYC,GAS8,1,dorothea,
MYC,GLA,1,dorothea,
MYC,GNL3,1,dorothea,
MYC,GOLPH3,1,dorothea,
MYC,GPR4,1,dorothea,
MYC,GSK3B,1,dorothea,
MYC,GSTP1,1,dorothea,
MYC,GSTP2,1,dorothea,
MYC,GTF2H2,-1,dorothea,
MYC,HBP1,1,dorothea,
MYC,HDAC3,1,dorothea,
MYC,HERPUD1,1,dorothea,
MYC,HES1,1,dorothea,
MYC,HIF1A,1,dorothea,
MYC,HINT1,1,dorothea,
MYC,HMBS,1,dorothea,
MYC,HMOX1,1,dorothea,
MYC,HNRNPDL,1,dorothea,
MYC,HOXD13,1,dorothea,
MYC,HSPA4,1,dorothea,
MYC,HSPA8,1,dorothea,
MYC,HSPA9,1,dorothea,
MYC,HSPD1,1,dorothea,
MYC,ICAM1,1,dorothea,
MYC,ID2,1,dorothea,
MYC,ID3,1,dorothea,
MYC,IER3,1,dorothea,
MYC,IL11RA1,1,dorothea,
MYC,IMPA2,1,dorothea,
MYC,INSR,1,dorothea,
MYC,IRF2,1,dorothea,
MYC,IRF3,1,dorothea,
MYC,ISG20,1,dorothea,
MYC,ITGA6,1,dorothea,
MYC,ITGB1,1,dorothea,
MYC,JUN,1,dorothea,
MYC,JUNB,-1,dorothea,
MYC,KLK10,1,dorothea,
MYC,LAMB2,1,dorothea,
MYC,LAMP1,-1,dorothea,
MYC,LBR,1,dorothea,
MYC,LDHA,1,dorothea,
MYC,LDHB,1,dorothea,
MYC,LMNA,1,dorothea,
MYC,LTA4H,1,dorothea,
MYC,MAN2A2,1,dorothea,
MYC,MBD1,1,dorothea,
MYC,MCM7,1,dorothea,
MYC,MDM2,1,dorothea,
MYC,MEIS1,1,dorothea,
MYC,MEIS2,1,dorothea,
MYC,MEN1,1,dorothea,
MYC,MET,1,dorothea,
MYC,METTL1,1,dorothea,
MYC,MFAP1A,1,dorothea,
MYC,MFAP1B,1,dorothea,
MYC,MNT,1,dorothea,
MYC,MSH2,1,dorothea,
MYC,MSN,-1,dorothea,
MYC,MST1,-1,dorothea,
MYC,MTERF1A,1,dorothea,
MYC,MTERF1B,1,dorothea,
MYC,MTHFD1,1,dorothea,
MYC,MTHFR,1,dorothea,
MYC,MUC1,1,dorothea,
MYC,MYBL2,1,dorothea,
MYC,MYCL,1,dorothea,
MYC,NAP1L1,1,dorothea,
MYC,NAT10,1,dorothea,
MYC,NCL,1,dorothea,
MYC,NFIL3,1,dorothea,
MYC,NFKBIL1,1,dorothea,
MYC,NID1,1,dorothea,
MYC,NIT1,1,dorothea,
MYC,NME1,1,dorothea,
MYC,NME2,1,dorothea,
MYC,NOD1,1,dorothea,
MYC,NOL7,1,dorothea,
MYC,NOP56,1,dorothea,
MYC,NR1D1,1,dorothea,
MYC,NRAS,1,dorothea,
MYC,NTHL1,1,dorothea,
MYC,NTN3,1,dorothea,
MYC,NUP155,1,dorothea,
MYC,NXT1,1,dorothea,
MYC,OCA2,1,dorothea,
MYC,PAICS,1,dorothea,
MYC,PARP1,1,dorothea,
MYC,PCBD2,1,dorothea,
MYC,PCNA,1,dorothea,
MYC,PDHA1,1,dorothea,
MYC,PER1,1,dorothea,
MYC,PEX14,1,dorothea,
MYC,PEX3,1,dorothea,
MYC,PFDN6,1,dorothea,
MYC,PHB,1,dorothea,
MYC,PIGF,1,dorothea,
MYC,PIK3C3,1,dorothea,
MYC,PKM,1,dorothea,
MYC,PMAIP1,1,dorothea,
MYC,POLB,1,dorothea,
MYC,POLD2,1,dorothea,
MYC,POLE3,1,dorothea,
MYC,PPAT,1,dorothea,
MYC,PPID,1,dorothea,
MYC,PPIF,1,dorothea,
MYC,PQBP1,1,dorothea,
MYC,PRDX3,1,dorothea,
MYC,PRKDC,1,dorothea,
MYC,PSEN2,1,dorothea,
MYC,PSMB1,1,dorothea,
MYC,PSMG1,1,dorothea,
MYC,PTEN,1,dorothea,
MYC,PTPA,-1,dorothea,
MYC,QDPR,1,dorothea,
MYC,RAD51,1,dorothea,
MYC,RARA,1,dorothea,
MYC,RBBP4,1,dorothea,
MYC,RBM39,1,dorothea,
MYC,RBM8A,1,dorothea,
MYC,RBM8A2,1,dorothea,
MYC,RCC1,1,dorothea,
MYC,RFC2,1,dorothea,
MYC,RHOG,1,dorothea,
MYC,RIDA,1,dorothea,
MYC,RPL13,1,dorothea,
MYC,RPL19,1,dorothea,
MYC,RPL22,1,dorothea,
MYC,RPL23,1,dorothea,
MYC,RPL26,1,dorothea,
MYC,RPL3,1,dorothea,
MYC,RPL32,1,dorothea,
MYC,RPL6,1,dorothea,
MYC,RPS15,1,dorothea,
MYC,RPS16,1,dorothea,
MYC,RPS19,1,dorothea,
MYC,RPS6,1,dorothea,
MYC,SCARB1,1,dorothea,
MYC,SEC23B,1,dorothea,
MYC,SFMBT1,1,dorothea,
MYC,SFXN3,1,dorothea,
MYC,SHMT1,1,dorothea,
MYC,SIRT1,1,dorothea,
MYC,SLBP,1,dorothea,
MYC,SLC19A1,1,dorothea,
MYC,SLC25A28,1,dorothea,
MYC,SLC25A3,1,dorothea,
MYC,SLC2A4,1,dorothea,
MYC,SLC4A2,1,dorothea,
MYC,SLC9A3R2,1,dorothea,
MYC,SMARCAD1,1,dorothea,
MYC,SMN1,1,dorothea,
MYC,SNRPB2,1,dorothea,
MYC,SNRPD3,1,dorothea,
MYC,SPAST,1,dorothea,
MYC,SQSTM1,1,dorothea,
MYC,SRD5A1,1,dorothea,
MYC,SRM,1,dorothea,
MYC,SRSF1,1,dorothea,
MYC,STAT6,1,dorothea,
MYC,STMN1,1,dorothea,
MYC,SURF6,1,dorothea,
MYC,SYNGR2,1,dorothea,
MYC,TCF12,1,dorothea,
MYC,TCIRG1,1,dorothea,
MYC,TFAP4,1,dorothea,
MYC,TFRC,1,dorothea,
MYC,TGFB1,1,dorothea,
MYC,TGFB2,1,dorothea,
MYC,THBS1,-1,dorothea,
MYC,THRAP3,1,dorothea,
MYC,TOMM20,1,dorothea,
MYC,TOP1,1,dorothea,
MYC,TPM2,1,dorothea,
MYC,TRAP1,1,dorothea,
MYC,TSC2,1,dorothea,
MYC,TXN1,1,dorothea,
MYC,TYMS,1,dorothea,
MYC,UBA52,1,dorothea,
MYC,UBE2C,1,dorothea,
MYC,UROD,1,dorothea,
MYC,UXT,1,dorothea,
MYC,VAMP2,1,dorothea,
MYC,VEGFA,1,dorothea,
MYC,WDR36,1,dorothea,
MYC,WRN,1,dorothea,
MYC,WT1,1,dorothea,
MYC,YBX3,1,dorothea,
MYC,ZFP146,1,dorothea,
MYC,ZFP36L1,-1,dorothea,
MYC,ZFP451,1,dorothea,
MYCN,CTSD,1,dorothea,
MYCN,MCM2,1,dorothea,
MYCN,MCM3,1,dorothea,
MYCN,MCM4,1,dorothea,
MYCN,MCM5,1,dorothea,
MYCN,MCM6,1,dorothea,
MYCN,MCM7,1,dorothea,
MYCN,MCM8,1,dorothea,
MYCN,MDM2,1,dorothea,
MYCN,MXI1,-1,dorothea,
MYCN,NES,1,dorothea,
MYCN,TRP53,1,dorothea,
NANOG,CDC25A,-1,dorothea,
NANOG,CDK6,-1,dorothea,
NANOG,GATA4,-1,dorothea,
NANOG,KDR,1,dorothea,
NANOG,L1TD1,1,dorothea,
NANOG,LAMB1,-1,dorothea,
NANOG,POU5F1,1,dorothea,
NANOG,ADGRL2,1,dorothea,
NANOG,ADGRV1,1,dorothea,
NANOG,ATXN7L1,1,dorothea,
NANOG,BCAR3,1,dorothea,
NANOG,CACHD1,1,dorothea,
NANOG,CCND1,1,dorothea,
NANOG,CDKAL1,1,dorothea,
NANOG,EPB41L3,1,dorothea,
NANOG,FAT1,1,dorothea,
NANOG,GCNT2,1,dorothea,
NANOG,GPC6,1,dorothea,
NANOG,IGF2BP3,1,dorothea,
NANOG,JMJD1C,1,dorothea,
NANOG,LIMCH1,1,dorothea,
NANOG,MED12L,1,dorothea,
NANOG,MPPED2,1,dorothea,
NANOG,NBEA,1,dorothea,
NANOG,PATJ,1,dorothea,
NANOG,RABGAP1L,1,dorothea,
NANOG,RNF38,1,dorothea,
NANOG,SHROOM3,1,dorothea,
NANOG,SNRPN,1,dorothea,
NANOG,SYNE2,1,dorothea,
NANOG,TACC2,1,dorothea,
NANOG,TCF4,1,dorothea,
NANOG,VPS13A,1,dorothea,
NCOA1,APPBP2,1,dorothea,
NCOA1,ARFGEF2,1,dorothea,
NCOA1,ASAP1,1,dorothea,
NCOA1,BPTF,1,dorothea,
NCOA1,CHD6,1,dorothea,
NCOA1,ESYT2,1,dorothea,
NCOA1,HIPK1,1,dorothea,
NCOA1,LMBR1,1,dorothea,
NCOA1,MAN1A2,1,dorothea,
NCOA1,MAPKAP1,1,dorothea,
NCOA1,PPP1R12A,1,dorothea,
NCOA1,PTK2,1,dorothea,
NCOA1,STK3,1,dorothea,
NCOA1,TERF2,1,dorothea,
NCOA1,TMCC1,1,dorothea,
NCOA1,TRIM33,1,dorothea,
NCOA1,UBR5,1,dorothea,
NCOA1,VPS13B,1,dorothea,
NCOA1,VPS13D,1,dorothea,
NCOA1,ZMIZ1,1,dorothea,
NCOA2,ANK3,1,dorothea,
NCOA2,ARFGEF2,1,dorothea,
NCOA2,BPTF,1,dorothea,
NCOA2,CHD6,1,dorothea,
NCOA2,DAAM1,1,dorothea,
NCOA2,ETL4,1,dorothea,
NCOA2,GSE1,1,dorothea,
NCOA2,HIPK1,1,dorothea,
NCOA2,MED13L,1,dorothea,
NCOA2,MSI2,1,dorothea,
NCOA2,NCOA3,1,dorothea,
NCOA2,OXR1,1,dorothea,
NCOA2,PTK2,1,dorothea,
NCOA2,RABGAP1L,1,dorothea,
NCOA2,SRPK2,1,dorothea,
NCOA2,TRIM33,1,dorothea,
NCOA2,UTRN,1,dorothea,
NCOA2,VPS13B,1,dorothea,
NCOA3,ANKRD28,1,dorothea,
NCOA3,ARFGEF2,1,dorothea,
NCOA3,ARHGAP10,1,dorothea,
NCOA3,ASAP1,1,dorothea,
NCOA3,BPTF,1,dorothea,
NCOA3,CDYL2,1,dorothea,
NCOA3,FAM214A,1,dorothea,
NCOA3,HELZ,1,dorothea,
NCOA3,HIPK1,1,dorothea,
NCOA3,LPP,1,dorothea,
NCOA3,MED13,1,dorothea,
NCOA3,MED13L,1,dorothea,
NCOA3,NEDD4,1,dorothea,
NCOA3,OXR1,1,dorothea,
NCOA3,PIP4K2A,1,dorothea,
NCOA3,SLC44A1,1,dorothea,
NCOA3,SYNE2,1,dorothea,
NCOA3,TLK2,1,dorothea,
NCOA3,UBR5,1,dorothea,
NCOA3,USP6NL,1,dorothea,
NCOA3,VPS13B,1,dorothea,
NCOA3,ZMYND8,1,dorothea,
NFATC1,ICAM1,1,dorothea,
NFATC1,CREB5,1,dorothea,
NFATC1,FYN,1,dorothea,
NFATC1,MEF2C,1,dorothea,
NFATC1,NEDD9,1,dorothea,
NFATC1,ACTB,1,dorothea,
NFATC1,CARS2,1,dorothea,
NFATC1,CFLAR,1,dorothea,
NFATC1,CHD2,1,dorothea,
NFATC1,CPNE1,1,dorothea,
NFATC1,DST,1,dorothea,
NFATC1,GPR183,1,dorothea,
NFATC1,HIVEP2,1,dorothea,
NFATC1,IKZF2,1,dorothea,
NFATC1,MACF1,1,dorothea,
NFATC1,NCOR2,1,dorothea,
NFATC1,NFKB1,1,dorothea,
NFATC1,PHF19,1,dorothea,
NFATC1,PIAS1,1,dorothea,
NFATC1,PIP4K2A,1,dorothea,
NFATC1,PTK2B,1,dorothea,
NFATC1,RGS3,1,dorothea,
NFATC1,SMARCA2,1,dorothea,
NFATC1,STK38L,1,dorothea,
NFATC1,TCF4,1,dorothea,
NFATC1,TMEM131L,1,dorothea,
NFATC1,TNFAIP3,1,dorothea,
NFATC1,UBR5,1,dorothea,
NFATC2,CDK4,1,dorothea,
NFATC2,TERT,1,dorothea,
NFE2L1,PARVA,1,dorothea,
NFE2L1,ADCY9,1,dorothea,
NFE2L1,ANO10,1,dorothea,
NFE2L1,ARHGAP6,1,dorothea,
NFE2L1,ARNTL,1,dorothea,
NFE2L1,BCAS3,1,dorothea,
NFE2L1,CALD1,1,dorothea,
NFE2L1,DENND1A,1,dorothea,
NFE2L1,EXOC6B,1,dorothea,
NFE2L1,FOXK1,1,dorothea,
NFE2L1,GNAL,1,dorothea,
NFE2L1,KIF13A,1,dorothea,
NFE2L1,PARN,1,dorothea,
NFE2L1,RTN4,1,dorothea,
NFE2L1,SETD5,1,dorothea,
NFE2L1,SORBS1,1,dorothea,
NFE2L1,SORT1,1,dorothea,
NFE2L1,SQSTM1,1,dorothea,
NFE2L1,TBC1D5,1,dorothea,
NFE2L1,TEAD1,1,dorothea,
NFE2L1,TMEM245,1,dorothea,
NFE2L1,TNS1,1,dorothea,
NFE2L1,TXNRD1,1,dorothea,
NFE2L1,UBE2H,1,dorothea,
NFE2L1,ZFAT,1,dorothea,
NFE2L2,MTHFR,1,dorothea,
NFE2L2,TXN1,1,dorothea,
NFE2L2,ABCC1,1,dorothea,
NFE2L2,NQO2,1,dorothea,
NFE2L2,TGIF1,1,dorothea,
NFIC,ALAS1,1,dorothea,
NFIC,COL18A1,1,dorothea,
NFIC,GFAP,1,dorothea,
NFIC,GTF3C1,1,dorothea,
NFIC,GTF3C2,1,dorothea,
NFIC,GUCY1B1,1,dorothea,
NFIC,HMGB1,1,dorothea,
NFIC,ITGA5,-1,dorothea,
NFIC,JUN,1,dorothea,
NFIC,MATN1,-1,dorothea,
NFIC,MYC,1,dorothea,
NFIC,POLD2,1,dorothea,
NFIC,POLE2,1,dorothea,
NFIC,SLC2A4,1,dorothea,
NFIC,SLC34A2,1,dorothea,
NFIC,SMUG1,1,dorothea,
NFIC,TRP53,1,dorothea,
NFIC,VWF,1,dorothea,
NFKB1,A2M,1,dorothea,
NFKB1,ABCB1A,1,dorothea,
NFKB1,ABCB1B,1,dorothea,
NFKB1,AKT1,-1,dorothea,
NFKB1,ALOX5AP,1,dorothea,
NFKB1,ATF3,1,dorothea,
NFKB1,B2M,1,dorothea,
NFKB1,BCL3,1,dorothea,
NFKB1,BIRC2,1,dorothea,
NFKB1,BIRC5,1,dorothea,
NFKB1,BRCA1,1,dorothea,
NFKB1,BRCA2,1,dorothea,
NFKB1,CCND2,1,dorothea,
NFKB1,CD74,1,dorothea,
NFKB1,CRMP1,1,dorothea,
NFKB1,CSNK2A1,1,dorothea,
NFKB1,CTCF,-1,dorothea,
NFKB1,CTSB,1,dorothea,
NFKB1,EGFR,1,dorothea,
NFKB1,ELF3,1,dorothea,
NFKB1,F3,1,dorothea,
NFKB1,FN1,-1,dorothea,
NFKB1,GADD45A,1,dorothea,
NFKB1,GADD45G,1,dorothea,
NFKB1,GATA3,1,dorothea,
NFKB1,GSTP1,1,dorothea,
NFKB1,GSTP2,1,dorothea,
NFKB1,HIF1A,1,dorothea,
NFKB1,HMOX1,1,dorothea,
NFKB1,ICAM1,1,dorothea,
NFKB1,IER3,1,dorothea,
NFKB1,IL18,1,dorothea,
NFKB1,IRF1,1,dorothea,
NFKB1,IRF4,1,dorothea,
NFKB1,IRF7,1,dorothea,
NFKB1,JUNB,1,dorothea,
NFKB1,LPL,1,dorothea,
NFKB1,MAT2A,1,dorothea,
NFKB1,MMP2,1,dorothea,
NFKB1,NOLC1,1,dorothea,
NFKB1,NOS1,1,dorothea,
NFKB1,NOS3,1,dorothea,
NFKB1,PDE7A,1,dorothea,
NFKB1,PLAUR,1,dorothea,
NFKB1,PTPN13,1,dorothea,
NFKB1,RRM2B,1,dorothea,
NFKB1,SOCS3,1,dorothea,
NFKB1,THBD,-1,dorothea,
NFKB1,TIMP1,-1,dorothea,
NFKB1,TRAF1,1,dorothea,
NFKB1,TRAF2,1,dorothea,
NFKB1,VEGFA,1,dorothea,
NFKB1,VEGFC,1,dorothea,
NFKB1,VEGFD,1,dorothea,
NFKB1,VIM,1,dorothea,
NFKB1,VWF,1,dorothea,
NFKB2,BCL2L1,-1,dorothea,
NFKB2,CCND2,1,dorothea,
NFKB2,CDK6,1,dorothea,
NFYA,ABCB1A,1,dorothea,
NFYA,ABCB1B,1,dorothea,
NFYA,ACTB,1,dorothea,
NFYA,DDIT3,1,dorothea,
NFYA,FDPS,1,dorothea,
NFYA,FXR2,1,dorothea,
NFYA,SP3,1,dorothea,
NFYA,CD74,1,dorothea,
NFYA,PNRC2,1,dorothea,
NFYA,ZFP608,1,dorothea,
NFYB,ACTB,1,dorothea,
NFYB,FXR2,1,dorothea,
NFYB,CCNB1,1,dorothea,
NFYB,CD74,1,dorothea,
NFYB,CREBRF,1,dorothea,
NFYB,CRYZL1,1,dorothea,
NFYB,PCNA,1,dorothea,
NFYB,AMN1,1,dorothea,
NFYB,AP2A1,1,dorothea,
NFYB,ATRIP,1,dorothea,
NFYB,BAZ1B,1,dorothea,
NFYB,BRSK2,1,dorothea,
NFYB,CCNB2,1,dorothea,
NFYB,CDK1,1,dorothea,
NFYB,CKS2,1,dorothea,
NFYB,COQ10B,1,dorothea,
NFYB,COQ8A,1,dorothea,
NFYB,DLG3,1,dorothea,
NFYB,DNAJB1,1,dorothea,
NFYB,DPF1,1,dorothea,
NFYB,EIF2AK3,1,dorothea,
NFYB,ELMO1,1,dorothea,
NFYB,EPB41,1,dorothea,
NFYB,FADS1,1,dorothea,
NFYB,FAM117A,1,dorothea,
NFYB,FCHO1,1,dorothea,
NFYB,FDFT1,1,dorothea,
NFYB,FZD2,1,dorothea,
NFYB,GCNT2,1,dorothea,
NFYB,GNA12,1,dorothea,
NFYB,HNRNPDL,1,dorothea,
NFYB,KCNAB2,1,dorothea,
NFYB,KLHL25,1,dorothea,
NFYB,LBR,1,dorothea,
NFYB,LINS1,1,dorothea,
NFYB,LIPA,1,dorothea,
NFYB,LYPLA1,1,dorothea,
NFYB,MAT2B,1,dorothea,
NFYB,MBNL1,1,dorothea,
NFYB,MKNK2,1,dorothea,
NFYB,MKRN1,1,dorothea,
NFYB,MLEC,1,dorothea,
NFYB,MPHOSPH9,1,dorothea,
NFYB,MRTFA,1,dorothea,
NFYB,NCEH1,1,dorothea,
NFYB,NEK7,1,dorothea,
NFYB,NUCB2,1,dorothea,
NFYB,OSBPL9,1,dorothea,
NFYB,PAK4,1,dorothea,
NFYB,PASK,1,dorothea,
NFYB,PDIA4,1,dorothea,
NFYB,PEX16,1,dorothea,
NFYB,PRDM11,1,dorothea,
NFYB,RGS3,1,dorothea,
NFYB,RHOF,1,dorothea,
NFYB,RHOQ,1,dorothea,
NFYB,SEC22C,1,dorothea,
NFYB,SLC27A1,1,dorothea,
NFYB,SOD2,1,dorothea,
NFYB,SRRM1,1,dorothea,
NFYB,SSBP3,1,dorothea,
NFYB,TBC1D31,1,dorothea,
NFYB,TMEM14C,1,dorothea,
NFYB,TMEM245,1,dorothea,
NFYB,TXNIP,1,dorothea,
NFYB,TXNRD1,1,dorothea,
NFYB,UBP1,1,dorothea,
NFYB,UHRF1,1,dorothea,
NFYB,UVRAG,1,dorothea,
NFYB,VCP,1,dorothea,
NFYB,ZFP608,1,dorothea,
NR1H2,ABCA1,1,dorothea,
NR1H2,ABCG1,1,dorothea,
NR1H2,BHLHE40,1,dorothea,
NR1H2,SREBF1,1,dorothea,
NR1H2,FASN,1,dorothea,
NR1H2,CDC42EP4,1,dorothea,
NR1H2,DNAJB12,1,dorothea,
NR1H2,EIF1,1,dorothea,
NR1H2,MNT,1,dorothea,
NR1H2,NCOR2,1,dorothea,
NR1H2,SQSTM1,1,dorothea,
NR1H2,TBC1D1,1,dorothea,
NR1H3,ABCA1,1,dorothea,
NR1H3,ABCG1,1,dorothea,
NR1H3,APOE,1,dorothea,
NR1H3,SREBF1,1,dorothea,
NR1H3,FASN,1,dorothea,
NR1H3,ABCD1,1,dorothea,
NR1H3,ETL4,1,dorothea,
NR1H3,RNF145,1,dorothea,
NR1H3,TMEM135,1,dorothea,
NR2C2,ASXL1,1,dorothea,
NR2C2,GCC2,1,dorothea,
NR2C2,NR2C1,1,dorothea,
NR2C2,SNRNP200,1,dorothea,
NR2C2,TAF2,1,dorothea,
NR2C2,ACBD3,1,dorothea,
NR2C2,AGPS,1,dorothea,
NR2C2,ANAPC15,1,dorothea,
NR2C2,ANKIB1,1,dorothea,
NR2C2,ANXA11,1,dorothea,
NR2C2,ASB8,1,dorothea,
NR2C2,ATP11A,1,dorothea,
NR2C2,BAZ1B,1,dorothea,
NR2C2,BRD9,1,dorothea,
NR2C2,CCDC51,1,dorothea,
NR2C2,CCDC71,1,dorothea,
NR2C2,CFAP61,1,dorothea,
NR2C2,CHMP4B,1,dorothea,
NR2C2,CLUH,1,dorothea,
NR2C2,CNOT9,1,dorothea,
NR2C2,CWC15,1,dorothea,
NR2C2,DDX42,1,dorothea,
NR2C2,DICER1,1,dorothea,
NR2C2,DUS1L,1,dorothea,
NR2C2,EBAG9,1,dorothea,
NR2C2,EHMT1,1,dorothea,
NR2C2,EIF3M,1,dorothea,
NR2C2,FAM193B,1,dorothea,
NR2C2,GOLGB1,1,dorothea,
NR2C2,GPATCH8,1,dorothea,
NR2C2,IMPACT,1,dorothea,
NR2C2,KDM5A,1,dorothea,
NR2C2,KMT5A,1,dorothea,
NR2C2,KRIT1,1,dorothea,
NR2C2,LSM7,1,dorothea,
NR2C2,MAP3K11,1,dorothea,
NR2C2,MAPKAP1,1,dorothea,
NR2C2,MRPL20,1,dorothea,
NR2C2,MRPL33,1,dorothea,
NR2C2,MRPS28,1,dorothea,
NR2C2,NAA50,1,dorothea,
NR2C2,NDUFAF6,1,dorothea,
NR2C2,NDUFB7,1,dorothea,
NR2C2,NDUFS6,1,dorothea,
NR2C2,NFE2L2,1,dorothea,
NR2C2,NFXL1,1,dorothea,
NR2C2,NOL7,1,dorothea,
NR2C2,NUP107,1,dorothea,
NR2C2,NUP37,1,dorothea,
NR2C2,PAK4,1,dorothea,
NR2C2,PARPBP,1,dorothea,
NR2C2,PCBP1,1,dorothea,
NR2C2,PHF12,1,dorothea,
NR2C2,PRPF40A,1,dorothea,
NR2C2,PTAR1,1,dorothea,
NR2C2,RAB11FIP2,1,dorothea,
NR2C2,RPRD1B,1,dorothea,
NR2C2,RPS21,1,dorothea,
NR2C2,RPS3A1,1,dorothea,
NR2C2,RPS6KC1,1,dorothea,
NR2C2,SAP18,1,dorothea,
NR2C2,SAP18B,1,dorothea,
NR2C2,SCNM1,1,dorothea,
NR2C2,SELENOI,1,dorothea,
NR2C2,SKIDA1,1,dorothea,
NR2C2,SMARCD2,1,dorothea,
NR2C2,SNRPF,1,dorothea,
NR2C2,SPPL2B,1,dorothea,
NR2C2,SRCAP,1,dorothea,
NR2C2,TBC1D22A,1,dorothea,
NR2C2,TMA7,1,dorothea,
NR2C2,TMCO1,1,dorothea,
NR2C2,TMEM248,1,dorothea,
NR2C2,TNRC6A,1,dorothea,
NR2C2,TOMM40,1,dorothea,
NR2C2,TRIP13,1,dorothea,
NR2C2,TTI1,1,dorothea,
NR2C2,TXNL1,1,dorothea,
NR2C2,USP37,1,dorothea,
NR2C2,VPS13D,1,dorothea,
NR2C2,WTAP,1,dorothea,
NR2C2,ZFP513,1,dorothea,
NR2F2,APOB,1,dorothea,
NR2F2,BGLAP,1,dorothea,
NR2F2,BGLAP3,1,dorothea,
NR2F2,HNF4A,-1,dorothea,
NR2F2,PENK,1,dorothea,
NR2F2,PPARA,1,dorothea,
NR2F2,TRF,1,dorothea,
NR2F6,AGPAT3,-1,dorothea,
NR2F6,APOB,-1,dorothea,
NR2F6,RAB11FIP4,-1,dorothea,
NR2F6,AFF1,-1,dorothea,
NR2F6,ARHGEF16,-1,dorothea,
NR2F6,ARID5B,-1,dorothea,
NR2F6,ASPSCR1,-1,dorothea,
NR2F6,ATP2B2,-1,dorothea,
NR2F6,CCDC12,-1,dorothea,
NR2F6,GPT2,-1,dorothea,
NR2F6,GRAMD4,-1,dorothea,
NR2F6,HIVEP2,-1,dorothea,
NR2F6,IMPA2,-1,dorothea,
NR2F6,KSR1,-1,dorothea,
NR2F6,LSM4,-1,dorothea,
NR2F6,MVK,-1,dorothea,
NR2F6,MYO18A,-1,dorothea,
NR2F6,OSBPL10,-1,dorothea,
NR2F6,PHACTR2,-1,dorothea,
NR2F6,PLCB1,-1,dorothea,
NR2F6,PLCD3,-1,dorothea,
NR2F6,PTPRF,-1,dorothea,
NR2F6,RAB31,-1,dorothea,
NR2F6,RBPJ,-1,dorothea,
NR2F6,RXRA,-1,dorothea,
NR2F6,SFXN5,-1,dorothea,
NR2F6,SPAG9,-1,dorothea,
NR2F6,TRNP1,-1,dorothea,
NR2F6,TTC7,-1,dorothea,
NR2F6,VPS54,-1,dorothea,
NR3C1,ATF2,-1,dorothea,
NR3C1,ATP1B1,-1,dorothea,
NR3C1,BGLAP,-1,dorothea,
NR3C1,BGLAP3,-1,dorothea,
NR3C1,CALD1,1,dorothea,
NR3C1,ETS1,-1,dorothea,
NR4A1,E2F1,1,dorothea,
NR4A1,MDM2,-1,dorothea,
NR4A1,STAR,1,dorothea,
NR4A1,ADD3,1,dorothea,
NR4A1,AKAP13,1,dorothea,
NR4A1,ALAS1,1,dorothea,
NR4A1,AMPD3,1,dorothea,
NR4A1,ANXA11,1,dorothea,
NR4A1,BCOR,1,dorothea,
NR4A1,BHLHE40,1,dorothea,
NR4A1,CCDC6,1,dorothea,
NR4A1,CDKAL1,1,dorothea,
NR4A1,CHD9,1,dorothea,
NR4A1,CREB3L2,1,dorothea,
NR4A1,CUEDC1,1,dorothea,
NR4A1,DUSP5,1,dorothea,
NR4A1,GAS7,1,dorothea,
NR4A1,LMBR1,1,dorothea,
NR4A1,LPAR1,1,dorothea,
NR4A1,LPP,1,dorothea,
NR4A1,PARVB,1,dorothea,
NR4A1,RERE,1,dorothea,
NR4A1,RNF220,1,dorothea,
NR4A1,SH3KBP1,1,dorothea,
NR4A1,SIK3,1,dorothea,
NR4A1,SMAD7,1,dorothea,
NR4A1,SMAP2,1,dorothea,
NR4A1,STK40,1,dorothea,
NR4A1,TBC1D14,1,dorothea,
NR4A1,WBP1L,1,dorothea,
NR4A1,ZBTB20,1,dorothea,
NR4A1,ZHX3,1,dorothea,
NR4A1,ZMYND8,1,dorothea,
NR5A2,BAHCC1,1,dorothea,
NR5A2,BMPER,1,dorothea,
NR5A2,C1QTNF6,1,dorothea,
NR5A2,CD276,1,dorothea,
NR5A2,DNM2,1,dorothea,
NR5A2,F11R,1,dorothea,
NR5A2,FAM160A1,1,dorothea,
NR5A2,FGD5,1,dorothea,
NR5A2,KRT18,1,dorothea,
NR5A2,MAP3K14,1,dorothea,
NR5A2,MYO10,1,dorothea,
NR5A2,MYO1B,1,dorothea,
NR5A2,MYO5C,1,dorothea,
NR5A2,PKP4,1,dorothea,
NR5A2,PLEKHF1,1,dorothea,
NR5A2,PPM1D,1,dorothea,
NR5A2,PRKCH,1,dorothea,
NR5A2,RARA,1,dorothea,
NR5A2,RPGR,1,dorothea,
NR5A2,TXNRD1,1,dorothea,
NR5A2,XPNPEP1,1,dorothea,
NR5A2,ZMYND8,1,dorothea,
NRF1,CAPNS1,1,dorothea,
NRF1,FXR2,1,dorothea,
NRF1,PRDX5,1,dorothea,
NRF1,CRTC1,1,dorothea,
NRF1,KDM2A,1,dorothea,
NRF1,OTUD5,1,dorothea,
NRF1,9930021J03RIK,1,dorothea,
NRF1,ACIN1,1,dorothea,
NRF1,ARMC6,1,dorothea,
NRF1,ARRDC3,1,dorothea,
NRF1,B9D1,1,dorothea,
NRF1,BRF1,1,dorothea,
NRF1,CBX5,1,dorothea,
NRF1,CIC,1,dorothea,
NRF1,CLASP1,1,dorothea,
NRF1,DEDD2,1,dorothea,
NRF1,DGKQ,1,dorothea,
NRF1,DIDO1,1,dorothea,
NRF1,EHMT1,1,dorothea,
NRF1,EIF4ENIF1,1,dorothea,
NRF1,FADS1,1,dorothea,
NRF1,FADS2,1,dorothea,
NRF1,FAM222B,1,dorothea,
NRF1,FBXL15,1,dorothea,
NRF1,GTF2I,1,dorothea,
NRF1,HIRA,1,dorothea,
NRF1,ING1,1,dorothea,
NRF1,KCTD2,1,dorothea,
NRF1,LIG4,1,dorothea,
NRF1,LUC7L2,1,dorothea,
NRF1,MAFG,1,dorothea,
NRF1,MEPCE,1,dorothea,
NRF1,MIB1,1,dorothea,
NRF1,MIB2,1,dorothea,
NRF1,MRPL34,1,dorothea,
NRF1,MRPL36,1,dorothea,
NRF1,NADK,1,dorothea,
NRF1,NARF,1,dorothea,
NRF1,NELFA,1,dorothea,
NRF1,PACS2,1,dorothea,
NRF1,PAICS,1,dorothea,
NRF1,PCIF1,1,dorothea,
NRF1,PER1,1,dorothea,
NRF1,PKMYT1,1,dorothea,
NRF1,POLR2B,1,dorothea,
NRF1,PPAT,1,dorothea,
NRF1,PTTG1IP,1,dorothea,
NRF1,RSRP1,1,dorothea,
NRF1,RUBCN,1,dorothea,
NRF1,SERP1,1,dorothea,
NRF1,SF1,1,dorothea,
NRF1,SIN3A,1,dorothea,
NRF1,SIX5,1,dorothea,
NRF1,SOS1,1,dorothea,
NRF1,SSH2,1,dorothea,
NRF1,SUGP2,1,dorothea,
NRF1,TBCB,1,dorothea,
NRF1,TCAIM,1,dorothea,
NRF1,TEF,1,dorothea,
NRF1,TMEM104,1,dorothea,
NRF1,TOB2,1,dorothea,
NRF1,TRAPPC3,1,dorothea,
NRF1,U2AF2,1,dorothea,
NRF1,UIMC1,1,dorothea,
NRF1,WDR12,1,dorothea,
NRF1,ZBTB17,1,dorothea,
NRF1,ZBTB4,1,dorothea,
NRF1,ZCWPW1,1,dorothea,
NRF1,ZFP263,1,dorothea,
OTX2,CREB5,1,dorothea,
OTX2,DCLK1,1,dorothea,
OTX2,DENND1A,1,dorothea,
OTX2,DIAPH3,1,dorothea,
OTX2,FRYL,1,dorothea,
OTX2,MACF1,1,dorothea,
OTX2,MBNL2,1,dorothea,
OTX2,MEF2C,1,dorothea,
OTX2,MYO1E,1,dorothea,
OTX2,NBEA,1,dorothea,
OTX2,TBC1D5,1,dorothea,
OTX2,TULP4,1,dorothea,
PAX6,ITGA5,1,dorothea,
PAX6,ITGB1,1,dorothea,
PAX6,MMP2,1,dorothea,
PAX6,NANOG,1,dorothea,
PAX6,NECAB2,1,dorothea,
PAX6,PDHX,-1,dorothea,
PAX6,POU5F1,1,dorothea,
PAX8,E2F1,1,dorothea,
PAX8,GATA3,1,dorothea,
PAX8,TERT,1,dorothea,
PBX2,PHF21A,1,dorothea,
PBX2,6430548M08RIK,1,dorothea,
PBX2,ANKRD11,1,dorothea,
PBX2,ARHGAP6,1,dorothea,
PBX2,ARHGEF1,1,dorothea,
PBX2,ARHGEF2,1,dorothea,
PBX2,BCOR,1,dorothea,
PBX2,CDYL,1,dorothea,
PBX2,CREBBP,1,dorothea,
PBX2,DLG1,1,dorothea,
PBX2,DNM2,1,dorothea,
PBX2,DYRK1A,1,dorothea,
PBX2,DYSF,1,dorothea,
PBX2,FYN,1,dorothea,
PBX2,GALNT2,1,dorothea,
PBX2,GARNL3,1,dorothea,
PBX2,GTDC1,1,dorothea,
PBX2,HIP1,1,dorothea,
PBX2,JARID2,1,dorothea,
PBX2,KDM2B,1,dorothea,
PBX2,KSR1,1,dorothea,
PBX2,MAPKAP1,1,dorothea,
PBX2,MBNL2,1,dorothea,
PBX2,MEIS1,1,dorothea,
PBX2,MITF,1,dorothea,
PBX2,MSI2,1,dorothea,
PBX2,NAV2,1,dorothea,
PBX2,NBAS,1,dorothea,
PBX2,NFASC,1,dorothea,
PBX2,PACSIN2,1,dorothea,
PBX2,PIK3C2B,1,dorothea,
PBX2,PIK3R1,1,dorothea,
PBX2,PLCG2,1,dorothea,
PBX2,PRKCB,1,dorothea,
PBX2,RARA,1,dorothea,
PBX2,SLC25A25,1,dorothea,
PBX2,SOX6,1,dorothea,
PBX2,TACC1,1,dorothea,
PBX2,TLE3,1,dorothea,
PBX3,MEIS2,1,dorothea,
PBX3,PBX1,1,dorothea,
PBX3,APBB2,1,dorothea,
PBX3,BBX,1,dorothea,
PBX3,CACNA2D1,1,dorothea,
PBX3,CCDC97,1,dorothea,
PBX3,CHN1,1,dorothea,
PBX3,CSNK1D,1,dorothea,
PBX3,DAAM1,1,dorothea,
PBX3,DMD,1,dorothea,
PBX3,ERGIC1,1,dorothea,
PBX3,FAM110B,1,dorothea,
PBX3,FLNA,1,dorothea,
PBX3,FNDC3B,1,dorothea,
PBX3,FRMD4B,1,dorothea,
PBX3,FTO,1,dorothea,
PBX3,FYN,1,dorothea,
PBX3,GALNT2,1,dorothea,
PBX3,HMCN1,1,dorothea,
PBX3,IGF1R,1,dorothea,
PBX3,INPP5A,1,dorothea,
PBX3,JARID2,1,dorothea,
PBX3,MACF1,1,dorothea,
PBX3,MACROD2,1,dorothea,
PBX3,MAP4,1,dorothea,
PBX3,NBEA,1,dorothea,
PBX3,PACSIN2,1,dorothea,
PBX3,PARD3,1,dorothea,
PBX3,PDE4D,1,dorothea,
PBX3,PLCB1,1,dorothea,
PBX3,PRICKLE2,1,dorothea,
PBX3,RPS6KA2,1,dorothea,
PBX3,SEC14L1,1,dorothea,
PBX3,SLIT2,1,dorothea,
PBX3,SPATS2L,1,dorothea,
PBX3,ST7,1,dorothea,
PBX3,TLE4,1,dorothea,
PBX3,TNS1,1,dorothea,
PBX3,WWC1,1,dorothea,
PBX3,ZFP407,1,dorothea,
PKNOX1,6430548M08RIK,1,dorothea,
PKNOX1,AP4S1,1,dorothea,
PKNOX1,ARHGAP6,1,dorothea,
PKNOX1,DNM2,1,dorothea,
PKNOX1,FAM13A,1,dorothea,
PKNOX1,FGD6,1,dorothea,
PKNOX1,GALNT2,1,dorothea,
PKNOX1,GATAD2A,1,dorothea,
PKNOX1,HDAC4,1,dorothea,
PKNOX1,HIP1,1,dorothea,
PKNOX1,JARID2,1,dorothea,
PKNOX1,LIMS1,1,dorothea,
PKNOX1,LYRM9,1,dorothea,
PKNOX1,MCC,1,dorothea,
PKNOX1,MEIS1,1,dorothea,
PKNOX1,MICAL3,1,dorothea,
PKNOX1,PRKCB,1,dorothea,
PKNOX1,RNF220,1,dorothea,
PKNOX1,RPS6KC1,1,dorothea,
PKNOX1,SIL1,1,dorothea,
PKNOX1,SLC25A25,1,dorothea,
PKNOX1,SPRED2,1,dorothea,
PKNOX1,SPTB,1,dorothea,
PKNOX1,TBPL1,1,dorothea,
PKNOX1,TCF4,1,dorothea,
PKNOX1,TECR,1,dorothea,
PKNOX1,THADA,1,dorothea,
PKNOX1,TNS1,1,dorothea,
PKNOX1,TUSC3,1,dorothea,
PKNOX1,WSCD2,1,dorothea,
POU2F1,CCND1,1,dorothea,
POU2F1,HPGDS,1,dorothea,
POU2F1,MYC,1,dorothea,
POU2F1,RPTOR,1,dorothea,
POU2F1,RRM2B,1,dorothea,
POU2F1,SNAPC1,1,dorothea,
POU2F1,SPP1,1,dorothea,
POU2F1,ST6GAL1,1,dorothea,
POU2F1,TXNRD1,1,dorothea,
POU2F1,VWF,1,dorothea,
POU4F2,CCND1,1,dorothea,
POU4F2,BBX,1,dorothea,
POU4F2,CHN2,1,dorothea,
POU4F2,CUBN,1,dorothea,
POU4F2,DST,1,dorothea,
POU4F2,FAM13A,1,dorothea,
POU4F2,FOXP2,1,dorothea,
POU4F2,ITSN1,1,dorothea,
POU4F2,KCNIP4,1,dorothea,
POU4F2,NCOA1,1,dorothea,
POU4F2,NEB,1,dorothea,
POU4F2,RABGAP1L,1,dorothea,
POU4F2,ROBO1,1,dorothea,
POU4F2,SPIDR,1,dorothea,
POU4F2,STARD13,1,dorothea,
POU4F2,ZBTB20,1,dorothea,
POU4F2,ZMIZ1,1,dorothea,
POU5F1,LEFTY2,1,dorothea,
POU5F1,TDGF1,1,dorothea,
POU5F1,ADGRL2,1,dorothea,
POU5F1,ANK2,1,dorothea,
POU5F1,ANK3,1,dorothea,
POU5F1,BCAR3,1,dorothea,
POU5F1,BCR,1,dorothea,
POU5F1,DNMBP,1,dorothea,
POU5F1,EBF1,1,dorothea,
POU5F1,EPB41L2,1,dorothea,
POU5F1,EPHA4,1,dorothea,
POU5F1,FAT1,1,dorothea,
POU5F1,GALNT10,1,dorothea,
POU5F1,GAS7,1,dorothea,
POU5F1,GCNT2,1,dorothea,
POU5F1,GPC6,1,dorothea,
POU5F1,IGF2BP3,1,dorothea,
POU5F1,INPP5D,1,dorothea,
POU5F1,JMJD1C,1,dorothea,
POU5F1,KIFC3,1,dorothea,
POU5F1,LIMCH1,1,dorothea,
POU5F1,LRRK1,1,dorothea,
POU5F1,MACF1,1,dorothea,
POU5F1,NAV1,1,dorothea,
POU5F1,OSBPL10,1,dorothea,
POU5F1,PATJ,1,dorothea,
POU5F1,RABGAP1L,1,dorothea,
POU5F1,SASH1,1,dorothea,
POU5F1,SHROOM3,1,dorothea,
POU5F1,SMAD3,1,dorothea,
POU5F1,SNRPN,1,dorothea,
POU5F1,SPATS2L,1,dorothea,
POU5F1,SPTBN1,1,dorothea,
POU5F1,STK10,1,dorothea,
POU5F1,SYNE2,1,dorothea,
POU5F1,TACC2,1,dorothea,
POU5F1,TMEM131L,1,dorothea,
POU5F1,TRIM2,1,dorothea,
POU5F1,ZEB2,1,dorothea,
PPARA,ACOX1,1,dorothea,
PPARA,ACSL1,-1,dorothea,
PPARA,APOB,1,dorothea,
PPARA,APOBR,-1,dorothea,
PPARA,CCND1,1,dorothea,
PPARA,CPT1A,-1,dorothea,
PPARA,FABP3,1,dorothea,
PPARA,FADS2,1,dorothea,
PPARA,HMGCS1,1,dorothea,
PPARA,MYC,1,dorothea,
PPARA,PANK1,1,dorothea,
PPARA,TUBA1B,-1,dorothea,
PRDM1,MYC,-1,dorothea,
PRDM1,ACSS2,1,dorothea,
PRDM1,ANO10,1,dorothea,
PRDM1,AOAH,1,dorothea,
PRDM1,ARAP2,1,dorothea,
PRDM1,ARHGAP26,1,dorothea,
PRDM1,CREB1,1,dorothea,
PRDM1,CRYBG1,1,dorothea,
PRDM1,DMD,1,dorothea,
PRDM1,EVI5L,1,dorothea,
PRDM1,FXR2,1,dorothea,
PRDM1,IL18,1,dorothea,
PRDM1,KCNK1,1,dorothea,
PRDM1,LGR4,1,dorothea,
PRDM1,LMO7,1,dorothea,
PRDM1,MBNL3,1,dorothea,
PRDM1,MECOM,1,dorothea,
PRDM1,MID1,1,dorothea,
PRDM1,MYO1E,1,dorothea,
PRDM1,NFIX,1,dorothea,
PRDM1,NR3C1,1,dorothea,
PRDM1,PCNA,1,dorothea,
PRDM1,PLXNA2,1,dorothea,
PRDM1,PRKCH,1,dorothea,
PRDM1,S100A16,1,dorothea,
PRDM1,SLC37A1,1,dorothea,
PRDM1,TEAD1,1,dorothea,
PRDM1,TNIK,1,dorothea,
PRDM1,ZFP36L1,1,dorothea,
PRDM1,ZHX1,1,dorothea,
PRDM14,ABCA4,1,dorothea,
PRDM14,AGAP1,1,dorothea,
PRDM14,AGAP3,1,dorothea,
PRDM14,AGPAT3,1,dorothea,
PRDM14,AHDC1,1,dorothea,
PRDM14,AHNAK,1,dorothea,
PRDM14,AMPD3,1,dorothea,
PRDM14,ANO1,1,dorothea,
PRDM14,ARHGEF10L,1,dorothea,
PRDM14,ARHGEF17,1,dorothea,
PRDM14,ARHGEF2,1,dorothea,
PRDM14,ARID1A,1,dorothea,
PRDM14,ARID1B,1,dorothea,
PRDM14,ARID5A,1,dorothea,
PRDM14,ASS1,1,dorothea,
PRDM14,ATP13A2,1,dorothea,
PRDM14,AUTS2,1,dorothea,
PRDM14,AXIN2,1,dorothea,
PRDM14,BCAR3,1,dorothea,
PRDM14,BCOR,1,dorothea,
PRDM14,CAR4,1,dorothea,
PRDM14,CCDC57,1,dorothea,
PRDM14,CCND2,1,dorothea,
PRDM14,CD9,1,dorothea,
PRDM14,CDC42BPG,1,dorothea,
PRDM14,CDC42EP4,1,dorothea,
PRDM14,CDH23,1,dorothea,
PRDM14,CDYL,1,dorothea,
PRDM14,COBL,1,dorothea,
PRDM14,CORO2B,1,dorothea,
PRDM14,CROCC,1,dorothea,
PRDM14,CYP26B1,1,dorothea,
PRDM14,DAB2IP,1,dorothea,
PRDM14,DGKZ,1,dorothea,
PRDM14,DLGAP4,1,dorothea,
PRDM14,DNMT3A,1,dorothea,
PRDM14,DPYSL5,1,dorothea,
PRDM14,DYSF,1,dorothea,
PRDM14,ECE1,1,dorothea,
PRDM14,EFNB1,1,dorothea,
PRDM14,EPB41L1,1,dorothea,
PRDM14,EPHB3,1,dorothea,
PRDM14,EVA1B,1,dorothea,
PRDM14,FAM131C,1,dorothea,
PRDM14,FAM174B,1,dorothea,
PRDM14,FOSL2,1,dorothea,
PRDM14,GATA2,1,dorothea,
PRDM14,GATAD2A,1,dorothea,
PRDM14,GLI2,1,dorothea,
PRDM14,GMDS,1,dorothea,
PRDM14,GPC1,1,dorothea,
PRDM14,GPRC5C,1,dorothea,
PRDM14,GRAMD1B,1,dorothea,
PRDM14,GRB10,1,dorothea,
PRDM14,GRHL3,1,dorothea,
PRDM14,GRK2,1,dorothea,
PRDM14,GSE1,1,dorothea,
PRDM14,HDAC5,1,dorothea,
PRDM14,IGDCC4,1,dorothea,
PRDM14,IGF1R,1,dorothea,
PRDM14,IGF2R,1,dorothea,
PRDM14,INHBB,1,dorothea,
PRDM14,ISLR2,1,dorothea,
PRDM14,ITPKB,1,dorothea,
PRDM14,KAZN,1,dorothea,
PRDM14,KCNAB2,1,dorothea,
PRDM14,KDM4B,1,dorothea,
PRDM14,KDM6B,1,dorothea,
PRDM14,KIRREL,1,dorothea,
PRDM14,LHX2,1,dorothea,
PRDM14,LRRK1,1,dorothea,
PRDM14,MACF1,1,dorothea,
PRDM14,MAD1L1,1,dorothea,
PRDM14,MAP7D1,1,dorothea,
PRDM14,MATN1,1,dorothea,
PRDM14,MCF2L,1,dorothea,
PRDM14,MEF2D,1,dorothea,
PRDM14,MEGF6,1,dorothea,
PRDM14,MEIS1,1,dorothea,
PRDM14,MGAT5B,1,dorothea,
PRDM14,MNT,1,dorothea,
PRDM14,NADK,1,dorothea,
PRDM14,NECTIN1,1,dorothea,
PRDM14,NFATC2,1,dorothea,
PRDM14,NFIA,1,dorothea,
PRDM14,NFIC,1,dorothea,
PRDM14,NOL4L,1,dorothea,
PRDM14,NR4A1,1,dorothea,
PRDM14,NRP2,1,dorothea,
PRDM14,NTN1,1,dorothea,
PRDM14,NTRK1,1,dorothea,
PRDM14,NXN,1,dorothea,
PRDM14,PADI2,1,dorothea,
PRDM14,PEAR1,1,dorothea,
PRDM14,PHC2,1,dorothea,
PRDM14,PHLDB1,1,dorothea,
PRDM14,PKDCC,1,dorothea,
PRDM14,PKNOX2,1,dorothea,
PRDM14,PLEKHG5,1,dorothea,
PRDM14,PLXNA2,1,dorothea,
PRDM14,PREX1,1,dorothea,
PRDM14,PTCH1,1,dorothea,
PRDM14,PTH1R,1,dorothea,
PRDM14,PTMA,1,dorothea,
PRDM14,PTPRU,1,dorothea,
PRDM14,RAB25,1,dorothea,
PRDM14,RAI1,1,dorothea,
PRDM14,RCOR2,1,dorothea,
PRDM14,RGMA,1,dorothea,
PRDM14,RNF220,1,dorothea,
PRDM14,RPS6KA2,1,dorothea,
PRDM14,RPTOR,1,dorothea,
PRDM14,RUNX1,1,dorothea,
PRDM14,RUNX3,1,dorothea,
PRDM14,SDK2,1,dorothea,
PRDM14,SEMA4A,1,dorothea,
PRDM14,SFXN5,1,dorothea,
PRDM14,SH3BP4,1,dorothea,
PRDM14,SLC12A5,1,dorothea,
PRDM14,SLC22A23,1,dorothea,
PRDM14,SLIT3,1,dorothea,
PRDM14,SMAD6,1,dorothea,
PRDM14,SOX13,1,dorothea,
PRDM14,SREBF1,1,dorothea,
PRDM14,TACC2,1,dorothea,
PRDM14,TBC1D16,1,dorothea,
PRDM14,TBCD,1,dorothea,
PRDM14,TCF7L1,1,dorothea,
PRDM14,TENM4,1,dorothea,
PRDM14,TMCO4,1,dorothea,
PRDM14,TNS1,1,dorothea,
PRDM14,TNS3,1,dorothea,
PRDM14,TRIM2,1,dorothea,
PRDM14,TRIO,1,dorothea,
PRDM14,TRP53I11,1,dorothea,
PRDM14,TSPAN9,1,dorothea,
PRDM14,TTC7,1,dorothea,
PRDM14,WNT4,1,dorothea,
PRDM14,WWC1,1,dorothea,
PRDM14,XXYLT1,1,dorothea,
PRDM14,ZBTB17,1,dorothea,
PRDM14,ZBTB7B,1,dorothea,
PRDM14,ZFP423,1,dorothea,
PRDM14,ZMIZ1,1,dorothea,
PRDM14,ZMYND8,1,dorothea,
PROX1,NR5A2,-1,dorothea,
PROX1,ABCB1A,1,dorothea,
PROX1,ABCB1B,1,dorothea,
PROX1,ADD3,1,dorothea,
PROX1,AFAP1L2,1,dorothea,
PROX1,ARHGAP42,1,dorothea,
PROX1,ARHGEF2,1,dorothea,
PROX1,ATP1A1,1,dorothea,
PROX1,DNM2,1,dorothea,
PROX1,FZD10,1,dorothea,
PROX1,IGF1R,1,dorothea,
PROX1,MAPKAPK3,1,dorothea,
PROX1,NEDD4L,1,dorothea,
PROX1,NRP2,1,dorothea,
PROX1,OSBPL10,1,dorothea,
PROX1,PCYT1A,1,dorothea,
PROX1,PLCB4,1,dorothea,
PROX1,PLEKHA7,1,dorothea,
PROX1,SAP30BP,1,dorothea,
PROX1,SOX13,1,dorothea,
PROX1,SPRED2,1,dorothea,
PROX1,TNS3,1,dorothea,
PROX1,ZFP608,1,dorothea,
RARA,BTG2,1,dorothea,
RARA,CASP9,1,dorothea,
RARA,CDKN1A,1,dorothea,
RARA,CRABP2,1,dorothea,
RARA,CYP26A1,1,dorothea,
RARA,ETS1,1,dorothea,
RARA,GPRC5A,1,dorothea,
RARA,HNF4A,1,dorothea,
RARA,ICAM1,1,dorothea,
RARA,IER3,1,dorothea,
RARA,MYC,1,dorothea,
RARA,NRIP1,1,dorothea,
RARA,PLAT,1,dorothea,
RARA,PRKCA,1,dorothea,
RARA,RARG,1,dorothea,
RARA,RPTOR,1,dorothea,
RARA,SCD2,1,dorothea,
RARA,THBD,1,dorothea,
RARA,TNFAIP2,1,dorothea,
RBPJ,HEY2,1,dorothea,
RBPJ,NFKB1,1,dorothea,
RBPJ,PTEN,-1,dorothea,
RBPJ,FNDC3B,1,dorothea,
RBPJ,WIPF1,1,dorothea,
RBPJ,AMPD3,1,dorothea,
RBPJ,ANKRD44,1,dorothea,
RBPJ,ARHGEF3,1,dorothea,
RBPJ,ASAP1,1,dorothea,
RBPJ,BCAT1,1,dorothea,
RBPJ,CASP8,1,dorothea,
RBPJ,CBLB,1,dorothea,
RBPJ,CDK17,1,dorothea,
RBPJ,CEP85L,1,dorothea,
RBPJ,CXCR4,1,dorothea,
RBPJ,DPYSL2,1,dorothea,
RBPJ,FCHSD2,1,dorothea,
RBPJ,FMNL2,1,dorothea,
RBPJ,GAS7,1,dorothea,
RBPJ,GNA12,1,dorothea,
RBPJ,GPATCH2L,1,dorothea,
RBPJ,GPCPD1,1,dorothea,
RBPJ,GSN,1,dorothea,
RBPJ,IFNGR1,1,dorothea,
RBPJ,INPP4A,1,dorothea,
RBPJ,LIMS1,1,dorothea,
RBPJ,LPP,1,dorothea,
RBPJ,LYST,1,dorothea,
RBPJ,MKNK2,1,dorothea,
RBPJ,NIN,1,dorothea,
RBPJ,NSMCE2,1,dorothea,
RBPJ,NUMB,1,dorothea,
RBPJ,PAG1,1,dorothea,
RBPJ,PIK3AP1,1,dorothea,
RBPJ,PIP4K2A,1,dorothea,
RBPJ,PLEC,1,dorothea,
RBPJ,PMAIP1,1,dorothea,
RBPJ,RFX3,1,dorothea,
RBPJ,RUNX1,1,dorothea,
RBPJ,SEMA4D,1,dorothea,
RBPJ,SH3KBP1,1,dorothea,
RBPJ,SIPA1L1,1,dorothea,
RBPJ,SLC12A8,1,dorothea,
RBPJ,SNX25,1,dorothea,
RBPJ,TCF4,1,dorothea,
RBPJ,THADA,1,dorothea,
RBPJ,TNIP1,1,dorothea,
RBPJ,WWTR1,1,dorothea,
RBPJ,ZBTB38,1,dorothea,
REL,CSRP1,1,dorothea,
REL,EPHB2,-1,dorothea,
REL,F3,1,dorothea,
REL,ICAM1,1,dorothea,
REL,IER3,1,dorothea,
REL,IL6,-1,dorothea,
REL,NFKBIA,1,dorothea,
RELA,ABCB1A,1,dorothea,
RELA,ABCB1B,1,dorothea,
RELA,BAX,-1,dorothea,
RELA,BCL3,1,dorothea,
RELA,BIRC2,1,dorothea,
RELA,BIRC5,1,dorothea,
RELA,BNIP3,-1,dorothea,
RELA,BRCA2,1,dorothea,
RELA,CCR5,1,dorothea,
RELA,CD74,1,dorothea,
RELA,CDK4,1,dorothea,
RELA,CDK6,1,dorothea,
RELA,CDKN1A,1,dorothea,
RELA,CTSB,1,dorothea,
RELA,CXCR4,1,dorothea,
RELA,EGFR,1,dorothea,
RELA,EGR1,-1,dorothea,
RELA,ELF3,1,dorothea,
RELA,F3,1,dorothea,
RELA,GADD45G,1,dorothea,
RELA,GATA3,1,dorothea,
RELA,GSTP1,1,dorothea,
RELA,GSTP2,1,dorothea,
RELA,HDAC1,1,dorothea,
RELA,HIF1A,1,dorothea,
RELA,ICAM1,1,dorothea,
RELA,IER3,1,dorothea,
RELA,IL18,1,dorothea,
RELA,IRF1,1,dorothea,
RELA,IRF4,1,dorothea,
RELA,IRF7,1,dorothea,
RELA,MAT2A,1,dorothea,
RELA,MCL1,1,dorothea,
RELA,MMP2,1,dorothea,
RELA,NCAM1,1,dorothea,
RELA,NFKB2,1,dorothea,
RELA,NFKBIA,1,dorothea,
RELA,NOLC1,1,dorothea,
RELA,NOS3,1,dorothea,
RELA,NR4A1,1,dorothea,
RELA,OPTN,1,dorothea,
RELA,PCK2,-1,dorothea,
RELA,PLAUR,1,dorothea,
RELA,PPARD,-1,dorothea,
RELA,PTPN13,1,dorothea,
RELA,S100A6,1,dorothea,
RELA,SIRT1,1,dorothea,
RELA,SLC25A27,1,dorothea,
RELA,SNAI1,1,dorothea,
RELA,SOCS3,1,dorothea,
RELA,THBD,-1,dorothea,
RELA,TIMP1,-1,dorothea,
RELA,TRAF1,1,dorothea,
RELA,TRAF2,1,dorothea,
RELA,TRIB3,-1,dorothea,
RELA,TRP53,1,dorothea,
RELA,VEGFA,1,dorothea,
RELA,VEGFD,1,dorothea,
RELB,ABCB1A,1,dorothea,
RELB,ABCB1B,1,dorothea,
RELB,CD40,1,dorothea,
RELB,TNFAIP3,1,dorothea,
REST,GRIN1,-1,dorothea,
REST,KCNQ2,-1,dorothea,
REST,LIN28A,-1,dorothea,
REST,TUBB3,-1,dorothea,
REST,CACNA1H,-1,dorothea,
REST,CHGA,-1,dorothea,
RFX1,MYC,-1,dorothea,
RFX1,PCNA,-1,dorothea,
RFX1,FBRS,1,dorothea,
RFX1,MZF1,1,dorothea,
RFX1,STK32C,1,dorothea,
RFX1,VRK3,1,dorothea,
RFX1,ARMC9,1,dorothea,
RFX1,BTBD3,1,dorothea,
RFX1,CAMK2A,1,dorothea,
RFX1,CBX8,1,dorothea,
RFX1,CEP112,1,dorothea,
RFX1,CFAP20,1,dorothea,
RFX1,CRIP2,1,dorothea,
RFX1,DIS3L2,1,dorothea,
RFX1,DSE,1,dorothea,
RFX1,EHD1,1,dorothea,
RFX1,GPR137,1,dorothea,
RFX1,IP6K2,1,dorothea,
RFX1,ITFG2,1,dorothea,
RFX1,MAPRE2,1,dorothea,
RFX1,PDE4A,1,dorothea,
RFX1,PSMB7,1,dorothea,
RFX1,RFX2,1,dorothea,
RFX1,RIIAD1,1,dorothea,
RFX1,SPATA2,1,dorothea,
RFX1,SWSAP1,1,dorothea,
RFX1,SYNGAP1,1,dorothea,
RFX1,TRIT1,1,dorothea,
RFX1,TRP53BP1,1,dorothea,
RFX1,ZFP398,1,dorothea,
RFX2,4933427D14RIK,1,dorothea,
RFX2,5730480H06RIK,1,dorothea,
RFX2,CFAP61,1,dorothea,
RFX2,ENDOV,1,dorothea,
RFX2,MAPRE2,1,dorothea,
RFX2,MAPRE3,1,dorothea,
RFX2,PDE4A,1,dorothea,
RFX2,PICK1,1,dorothea,
RFX2,POLL,1,dorothea,
RFX2,POLRMT,1,dorothea,
RFX2,PRKCG,1,dorothea,
RFX2,STRN4,1,dorothea,
RFX2,TBCEL,1,dorothea,
RFX2,TXNDC17,1,dorothea,
RFX5,CD74,1,dorothea,
RFX5,H2-DMA,1,dorothea,
RFX5,BTN2A2,1,dorothea,
RFX5,TSPAN3,1,dorothea,
RUNX1,ARHGAP10,1,dorothea,
RUNX1,FYB,1,dorothea,
RUNX1,HIVEP3,1,dorothea,
RUNX1,LGALS3,1,dorothea,
RUNX1,MAD2L1,-1,dorothea,
RUNX1,MECOM,1,dorothea,
RUNX1,NFKB1,1,dorothea,
RUNX1,PIK3CD,1,dorothea,
RUNX1,PRKCB,1,dorothea,
RUNX1,PRR5L,1,dorothea,
RUNX1,SMAD3,1,dorothea,
RUNX2,PSD3,1,dorothea,
RUNX2,RUNX1,1,dorothea,
RUNX2,AFF3,1,dorothea,
RUNX2,ALCAM,1,dorothea,
RUNX2,AMPD3,1,dorothea,
RUNX2,ANKRD44,1,dorothea,
RUNX2,APP,1,dorothea,
RUNX2,CBLB,1,dorothea,
RUNX2,CHN2,1,dorothea,
RUNX2,CSGALNACT1,1,dorothea,
RUNX2,CUEDC1,1,dorothea,
RUNX2,ETL4,1,dorothea,
RUNX2,ETS1,1,dorothea,
RUNX2,FARP1,1,dorothea,
RUNX2,FAT1,1,dorothea,
RUNX2,GLI3,1,dorothea,
RUNX2,GRAMD3,1,dorothea,
RUNX2,GULP1,1,dorothea,
RUNX2,HMCN1,1,dorothea,
RUNX2,ITPR1,1,dorothea,
RUNX2,LRIG1,1,dorothea,
RUNX2,MAPKAP1,1,dorothea,
RUNX2,MET,1,dorothea,
RUNX2,MICAL2,1,dorothea,
RUNX2,MID1,1,dorothea,
RUNX2,MRPS27,1,dorothea,
RUNX2,MYOF,1,dorothea,
RUNX2,NABP1,1,dorothea,
RUNX2,NEDD4L,1,dorothea,
RUNX2,NRG1,1,dorothea,
RUNX2,OSBPL3,1,dorothea,
RUNX2,PACSIN2,1,dorothea,
RUNX2,PBX1,1,dorothea,
RUNX2,PIP4K2A,1,dorothea,
RUNX2,PLCB1,1,dorothea,
RUNX2,PTK2,1,dorothea,
RUNX2,PTPRM,1,dorothea,
RUNX2,RFTN1,1,dorothea,
RUNX2,SEMA5A,1,dorothea,
RUNX2,SVIL,1,dorothea,
RUNX2,TBXAS1,1,dorothea,
RUNX2,TCF4,1,dorothea,
RUNX2,TLE4,1,dorothea,
RUNX2,TNS1,1,dorothea,
RUNX2,TSPAN5,1,dorothea,
RUNX2,WIPF1,1,dorothea,
RUNX3,CASP8,1,dorothea,
RUNX3,CFLAR,-1,dorothea,
RUNX3,RUNX1,-1,dorothea,
RUNX3,TCF4,1,dorothea,
RUNX3,FYN,1,dorothea,
RUNX3,TCF7,1,dorothea,
RXRA,ABCC3,-1,dorothea,
RXRA,CPT1B,1,dorothea,
RXRA,HNF1A,1,dorothea,
RXRA,NOL7,1,dorothea,
RXRA,NR1H3,1,dorothea,
RXRA,PLD1,1,dorothea,
SIX5,APBA3,1,dorothea,
SIX5,BAHCC1,1,dorothea,
SIX5,BCAT2,1,dorothea,
SIX5,BOLA1,1,dorothea,
SIX5,FAM168A,1,dorothea,
SIX5,FUZ,1,dorothea,
SIX5,IRF2BP1,1,dorothea,
SIX5,MAF1,1,dorothea,
SIX5,MED25,1,dorothea,
SIX5,MGRN1,1,dorothea,
SIX5,NME4,1,dorothea,
SIX5,RFX1,1,dorothea,
SIX5,SCRIB,1,dorothea,
SIX5,SH2B1,1,dorothea,
SIX5,SLC4A2,1,dorothea,
SIX5,SPHK2,1,dorothea,
SIX5,TBC1D17,1,dorothea,
SIX5,TCEA2,1,dorothea,
SIX5,THAP11,1,dorothea,
SIX5,TSPAN4,1,dorothea,
SIX5,ZFP219,1,dorothea,
SIX5,ZFP524,1,dorothea,
SMAD1,ID2,1,dorothea,
SMAD1,ZEB2,1,dorothea,
SMAD1,ARHGEF3,1,dorothea,
SMAD1,ARID1A,1,dorothea,
SMAD1,CTNNB1,1,dorothea,
SMAD1,IGF2R,1,dorothea,
SMAD1,LYN,1,dorothea,
SMAD1,MRPS27,1,dorothea,
SMAD1,TANC1,1,dorothea,
SMAD1,XPO7,1,dorothea,
SMAD3,AHR,1,dorothea,
SMAD3,BAMBI,1,dorothea,
SMAD3,BGLAP,1,dorothea,
SMAD3,BGLAP3,1,dorothea,
SMAD3,CCND2,1,dorothea,
SMAD3,CDKN1A,1,dorothea,
SMAD3,FSTL3,1,dorothea,
SMAD3,GLI2,1,dorothea,
SMAD3,JUN,1,dorothea,
SMAD3,MET,1,dorothea,
SMAD3,POR,1,dorothea,
SMAD3,TERT,-1,dorothea,
SMAD3,TGFB1,-1,dorothea,
SMAD3,TIMP1,1,dorothea,
SMAD3,ZFP36,1,dorothea,
SMAD4,AHR,1,dorothea,
SMAD4,BAMBI,1,dorothea,
SMAD4,BGLAP,1,dorothea,
SMAD4,BGLAP3,1,dorothea,
SMAD4,BTRC,-1,dorothea,
SMAD4,CCN1,1,dorothea,
SMAD4,FSTL3,1,dorothea,
SMAD4,IHH,1,dorothea,
SMAD4,JUN,1,dorothea,
SMAD4,MET,1,dorothea,
SMAD4,MYC,1,dorothea,
SMAD4,POR,1,dorothea,
SMAD4,SMAD7,1,dorothea,
SMAD4,ZFP36,1,dorothea,
SMAD5,ARID1B,1,dorothea,
SMAD5,ATXN2,1,dorothea,
SMAD5,DMTF1,1,dorothea,
SMAD5,HMGB1,1,dorothea,
SMAD5,HNRNPA3,1,dorothea,
SMAD5,NR3C1,1,dorothea,
SMAD5,REV1,1,dorothea,
SMAD5,RHOBTB3,1,dorothea,
SMAD5,SMC4,1,dorothea,
SMAD5,SP3,1,dorothea,
SNAPC4,ANAPC7,1,dorothea,
SNAPC4,BRF1,1,dorothea,
SNAPC4,CACTIN,1,dorothea,
SNAPC4,DNMT1,1,dorothea,
SNAPC4,ELAC2,1,dorothea,
SNAPC4,FBXL19,1,dorothea,
SNAPC4,LRSAM1,1,dorothea,
SNAPC4,MBD3,1,dorothea,
SNAPC4,MYO9B,1,dorothea,
SNAPC4,NUP85,1,dorothea,
SNAPC4,PARP2,1,dorothea,
SNAPC4,PASK,1,dorothea,
SNAPC4,PELP1,1,dorothea,
SNAPC4,PRPF31,1,dorothea,
SNAPC4,PRR19,1,dorothea,
SNAPC4,QTRT1,1,dorothea,
SNAPC4,RAB40C,1,dorothea,
SNAPC4,RINT1,1,dorothea,
SNAPC4,SCAP,1,dorothea,
SNAPC4,SPG7,1,dorothea,
SNAPC4,TAB1,1,dorothea,
SNAPC4,TBCD,1,dorothea,
SNAPC4,TECPR1,1,dorothea,
SNAPC4,TMEM259,1,dorothea,
SNAPC4,WDR59,1,dorothea,
SNAPC4,WDR74,1,dorothea,
SNAPC4,ZBTB48,1,dorothea,
SNAPC4,ZFP335,1,dorothea,
SOX13,GSN,1,dorothea,
SOX13,LRP5,1,dorothea,
SOX13,AFF1,1,dorothea,
SOX13,AXIN2,1,dorothea,
SOX13,BMF,1,dorothea,
SOX13,CARD10,1,dorothea,
SOX13,CBX2,1,dorothea,
SOX13,CFLAR,1,dorothea,
SOX13,CLMN,1,dorothea,
SOX13,CTDSP1,1,dorothea,
SOX13,DAB2IP,1,dorothea,
SOX13,DUSP6,1,dorothea,
SOX13,EPS8,1,dorothea,
SOX13,ETL4,1,dorothea,
SOX13,FRY,1,dorothea,
SOX13,GPRC5C,1,dorothea,
SOX13,JAG1,1,dorothea,
SOX13,KYAT1,1,dorothea,
SOX13,LIMD1,1,dorothea,
SOX13,MAP4K4,1,dorothea,
SOX13,MTSS1,1,dorothea,
SOX13,NID1,1,dorothea,
SOX13,NR2F2,1,dorothea,
SOX13,PIK3R1,1,dorothea,
SOX13,PIM1,1,dorothea,
SOX13,PTP4A1,1,dorothea,
SOX13,RCAN1,1,dorothea,
SOX13,RERE,1,dorothea,
SOX13,RGS12,1,dorothea,
SOX13,SCARB1,1,dorothea,
SOX13,SORBS3,1,dorothea,
SOX13,SOX6,1,dorothea,
SOX13,SYN3,1,dorothea,
SOX13,TGIF1,1,dorothea,
SOX13,TTLL4,1,dorothea,
SOX2,GLI2,1,dorothea,
SOX2,GLI3,1,dorothea,
SOX2,HHAT,1,dorothea,
SOX2,ISL1,-1,dorothea,
SOX2,NTRK3,1,dorothea,
SOX6,ANK3,1,dorothea,
SOX6,APLF,1,dorothea,
SOX6,ATP2B4,1,dorothea,
SOX6,BCOR,1,dorothea,
SOX6,DNAJC6,1,dorothea,
SOX6,DUSP10,1,dorothea,
SOX6,EPB41L2,1,dorothea,
SOX6,FAM49B,1,dorothea,
SOX6,GTDC1,1,dorothea,
SOX6,LDLR,1,dorothea,
SOX6,LYN,1,dorothea,
SOX6,MAGI1,1,dorothea,
SOX6,NFASC,1,dorothea,
SOX6,PIP5K1B,1,dorothea,
SOX6,PPFIBP2,1,dorothea,
SOX6,SCARB1,1,dorothea,
SOX6,SMAD3,1,dorothea,
SOX6,STXBP5,1,dorothea,
SOX6,TBC1D14,1,dorothea,
SOX6,TGIF1,1,dorothea,
SOX6,UTRN,1,dorothea,
SOX6,ZEB2,1,dorothea,
SP1,ABCB1A,1,dorothea,
SP1,ABCB1B,1,dorothea,
SP1,ABCC3,1,dorothea,
SP1,ADA,1,dorothea,
SP1,ADAM10,1,dorothea,
SP1,ADAM17,1,dorothea,
SP1,ADGRE5,1,dorothea,
SP1,ADRA2B,1,dorothea,
SP1,ADRB3,1,dorothea,
SP1,AGTR1A,1,dorothea,
SP1,ALDOA,1,dorothea,
SP1,APEX1,-1,dorothea,
SP1,APOE,1,dorothea,
SP1,ATF2,1,dorothea,
SP1,ATM,1,dorothea,
SP1,ATP1A3,1,dorothea,
SP1,ATP2A2,1,dorothea,
SP1,B4GALT1,1,dorothea,
SP1,BAX,1,dorothea,
SP1,BIRC5,1,dorothea,
SP1,BLMH,1,dorothea,
SP1,BRCA1,1,dorothea,
SP1,BRD7,1,dorothea,
SP1,C1QBP,1,dorothea,
SP1,CAR9,1,dorothea,
SP1,CAT,1,dorothea,
SP1,CCN2,1,dorothea,
SP1,CD151,1,dorothea,
SP1,CD9,1,dorothea,
SP1,CDC25C,1,dorothea,
SP1,CDH3,1,dorothea,
SP1,CDK1,1,dorothea,
SP1,CDK6,-1,dorothea,
SP1,CDKN1B,1,dorothea,
SP1,CDKN2B,1,dorothea,
SP1,CDKN2D,1,dorothea,
SP1,CENPW,1,dorothea,
SP1,CERS2,1,dorothea,
SP1,COL18A1,1,dorothea,
SP1,CREM,1,dorothea,
SP1,CRMP1,-1,dorothea,
SP1,CSNK2A1,1,dorothea,
SP1,CTSD,1,dorothea,
SP1,CYP27A1,1,dorothea,
SP1,DCK,1,dorothea,
SP1,DRG2,1,dorothea,
SP1,E2F1,1,dorothea,
SP1,EAPP,1,dorothea,
SP1,EGFR,-1,dorothea,
SP1,ETS2,1,dorothea,
SP1,EZR,1,dorothea,
SP1,F2R,1,dorothea,
SP1,F3,1,dorothea,
SP1,FES,1,dorothea,
SP1,FN1,1,dorothea,
SP1,FOS,1,dorothea,
SP1,FURIN,1,dorothea,
SP1,FXR2,1,dorothea,
SP1,GCLC,1,dorothea,
SP1,GFER,1,dorothea,
SP1,GJA6,1,dorothea,
SP1,GSTP1,1,dorothea,
SP1,GSTP2,1,dorothea,
SP1,H2-BL,1,dorothea,
SP1,H2-Q5,1,dorothea,
SP1,HDAC4,1,dorothea,
SP1,HNF4A,1,dorothea,
SP1,HRAS,1,dorothea,
SP1,HSPA1A,1,dorothea,
SP1,HSPB1,1,dorothea,
SP1,HTT,1,dorothea,
SP1,IER3,1,dorothea,
SP1,IFI204,1,dorothea,
SP1,IFNGR1,1,dorothea,
SP1,IGF1R,1,dorothea,
SP1,IGF2,1,dorothea,
SP1,IGFBP3,1,dorothea,
SP1,IGFBP4,1,dorothea,
SP1,IMPDH2,1,dorothea,
SP1,INSR,1,dorothea,
SP1,IRS2,1,dorothea,
SP1,ITGAD,1,dorothea,
SP1,ITGAV,-1,dorothea,
SP1,JUN,1,dorothea,
SP1,KDR,-1,dorothea,
SP1,KIF2C,1,dorothea,
SP1,KIT,1,dorothea,
SP1,KLF8,1,dorothea,
SP1,KRT18,1,dorothea,
SP1,KRT19,1,dorothea,
SP1,LCAT,1,dorothea,
SP1,LDHA,1,dorothea,
SP1,LDLR,1,dorothea,
SP1,LRP5,1,dorothea,
SP1,LTC4S,1,dorothea,
SP1,MAT2A,1,dorothea,
SP1,MAT2B,1,dorothea,
SP1,MCL1,1,dorothea,
SP1,MCTS1,1,dorothea,
SP1,MME,1,dorothea,
SP1,MMP11,1,dorothea,
SP1,MMP14,1,dorothea,
SP1,MMP2,1,dorothea,
SP1,MPG,1,dorothea,
SP1,MYBL1,1,dorothea,
SP1,MYBL2,1,dorothea,
SP1,NFKB1,1,dorothea,
SP1,NFKB2,1,dorothea,
SP1,NOL7,1,dorothea,
SP1,NQO2,1,dorothea,
SP1,NR3C1,1,dorothea,
SP1,ODC1,1,dorothea,
SP1,PAX6,1,dorothea,
SP1,PCNA,1,dorothea,
SP1,PDHA1,1,dorothea,
SP1,PIM1,1,dorothea,
SP1,PLAT,1,dorothea,
SP1,PLAUR,1,dorothea,
SP1,POLB,-1,dorothea,
SP1,PRKCE,-1,dorothea,
SP1,PSEN1,1,dorothea,
SP1,PTK6,1,dorothea,
SP1,PTTG1,1,dorothea,
SP1,RARA,1,dorothea,
SP1,RB1,1,dorothea,
SP1,REL,1,dorothea,
SP1,RELA,1,dorothea,
SP1,RORA,1,dorothea,
SP1,RPS3A1,1,dorothea,
SP1,SIGIRR,1,dorothea,
SP1,SKP2,1,dorothea,
SP1,SLC19A1,1,dorothea,
SP1,SLC25A5,1,dorothea,
SP1,SMAD4,1,dorothea,
SP1,SMPD1,1,dorothea,
SP1,SOCS1,1,dorothea,
SP1,SOD1,1,dorothea,
SP1,SOD2,-1,dorothea,
SP1,SP3,1,dorothea,
SP1,SPN,1,dorothea,
SP1,SPP1,1,dorothea,
SP1,SPRY2,1,dorothea,
SP1,STAR,1,dorothea,
SP1,STARD3,1,dorothea,
SP1,STK11,1,dorothea,
SP1,TAF7,1,dorothea,
SP1,TCN2,1,dorothea,
SP1,TGFA,1,dorothea,
SP1,TGFB1,1,dorothea,
SP1,TGFBR2,1,dorothea,
SP1,THBD,1,dorothea,
SP1,TIMP1,1,dorothea,
SP1,TIMP2,1,dorothea,
SP1,TINF2,1,dorothea,
SP1,TMPO,1,dorothea,
SP1,TNF,1,dorothea,
SP1,TNNC1,1,dorothea,
SP1,TPMT,1,dorothea,
SP1,TRP53,1,dorothea,
SP1,TYMS,1,dorothea,
SP1,UBC,1,dorothea,
SP1,UGDH,1,dorothea,
SP1,UNG,1,dorothea,
SP1,UTRN,1,dorothea,
SP1,VAMP2,1,dorothea,
SP1,VIM,1,dorothea,
SP1,WT1,1,dorothea,
SP1,XIAP,1,dorothea,
SP1,YY1,1,dorothea,
SP2,DNMT3B,1,dorothea,
SP2,RFX1,1,dorothea,
SP2,ARHGEF1,1,dorothea,
SP2,BCAS3,1,dorothea,
SP2,CHD8,1,dorothea,
SP2,HNRNPUL1,1,dorothea,
SP2,JUP,1,dorothea,
SP2,MON1B,1,dorothea,
SP2,NFYC,1,dorothea,
SP2,NUP214,1,dorothea,
SP2,RERE,1,dorothea,
SP2,RFWD3,1,dorothea,
SP2,SAP130,1,dorothea,
SP2,SCAF8,1,dorothea,
SP2,SOD2,1,dorothea,
SP2,USP16,1,dorothea,
SP2,ZFP768,1,dorothea,
SP2,ZSCAN25,1,dorothea,
SP3,ABCA1,-1,dorothea,
SP3,ADGRE5,1,dorothea,
SP3,AGTR1A,1,dorothea,
SP3,ALPL,1,dorothea,
SP3,CAR9,1,dorothea,
SP3,CCND1,1,dorothea,
SP3,CD2AP,1,dorothea,
SP3,CDKN2B,1,dorothea,
SP3,CDKN2D,1,dorothea,
SP3,CTSB,1,dorothea,
SP3,CYP27A1,1,dorothea,
SP3,DNASE2A,1,dorothea,
SP3,EAPP,-1,dorothea,
SP3,ETF1,-1,dorothea,
SP3,F2,1,dorothea,
SP3,F2R,1,dorothea,
SP3,IGFBP3,1,dorothea,
SP3,ITGAD,1,dorothea,
SP3,ITGAV,1,dorothea,
SP3,KDR,1,dorothea,
SP3,LCAT,1,dorothea,
SP3,LTC4S,1,dorothea,
SP3,MMP2,1,dorothea,
SP3,MSH6,1,dorothea,
SP3,MYC,1,dorothea,
SP3,MYCN,1,dorothea,
SP3,NOS3,1,dorothea,
SP3,NOX4,1,dorothea,
SP3,PLAT,1,dorothea,
SP3,PLAUR,1,dorothea,
SP3,RORA,1,dorothea,
SP3,SLC1A3,1,dorothea,
SP3,TCN2,1,dorothea,
SP3,TIMP1,1,dorothea,
SP3,TIMP2,1,dorothea,
SP3,TNF,1,dorothea,
SP3,TPMT,1,dorothea,
SP3,UBC,1,dorothea,
SP3,UTRN,1,dorothea,
SP4,CCND1,1,dorothea,
SP4,ERBB2,1,dorothea,
SP4,KDR,1,dorothea,
SP4,YY1,1,dorothea,
SP4,RNF38,1,dorothea,
SP4,ZFP131,1,dorothea,
SP4,APOE,1,dorothea,
SP4,ASAH1,1,dorothea,
SP4,BAZ2B,1,dorothea,
SP4,BICRAL,1,dorothea,
SP4,CCDC114,1,dorothea,
SP4,CDC42EP4,1,dorothea,
SP4,CFL1,1,dorothea,
SP4,DDX54,1,dorothea,
SP4,DLC1,1,dorothea,
SP4,FCHO1,1,dorothea,
SP4,GPR137,1,dorothea,
SP4,GTF2A1,1,dorothea,
SP4,HNRNPA3,1,dorothea,
SP4,HYOU1,1,dorothea,
SP4,ILF3,1,dorothea,
SP4,JADE1,1,dorothea,
SP4,KANSL1,1,dorothea,
SP4,KCNC3,1,dorothea,
SP4,KCNIP2,1,dorothea,
SP4,LTBP4,1,dorothea,
SP4,MAD2L2,1,dorothea,
SP4,MAN2A1,1,dorothea,
SP4,MAT2B,1,dorothea,
SP4,MGA,1,dorothea,
SP4,MUS81,1,dorothea,
SP4,MXI1,1,dorothea,
SP4,MYADM,1,dorothea,
SP4,NECTIN2,1,dorothea,
SP4,NFYC,1,dorothea,
SP4,NMT2,1,dorothea,
SP4,NR1H2,1,dorothea,
SP4,PCM1,1,dorothea,
SP4,PPFIA3,1,dorothea,
SP4,PSIP1,1,dorothea,
SP4,PTPN4,1,dorothea,
SP4,RABEP2,1,dorothea,
SP4,RERE,1,dorothea,
SP4,SAP130,1,dorothea,
SP4,SLC12A5,1,dorothea,
SP4,SLC1A5,1,dorothea,
SP4,SNX8,1,dorothea,
SP4,SP3,1,dorothea,
SP4,SPTBN4,1,dorothea,
SP4,STAG2,1,dorothea,
SP4,SYDE2,1,dorothea,
SP4,THRA,1,dorothea,
SP4,TMEM18,1,dorothea,
SP4,TRPM7,1,dorothea,
SP4,TSPAN9,1,dorothea,
SREBF1,ACACB,1,dorothea,
SREBF1,ACLY,1,dorothea,
SREBF1,FDFT1,1,dorothea,
SREBF1,FDPS,1,dorothea,
SREBF1,HK2,1,dorothea,
SREBF1,HMGCR,1,dorothea,
SREBF1,HMGCS1,1,dorothea,
SREBF1,HMOX1,1,dorothea,
SREBF1,INSIG1,1,dorothea,
SREBF1,IRS2,-1,dorothea,
SREBF1,LDLR,1,dorothea,
SREBF1,LRP1,-1,dorothea,
SREBF1,PCYT2,1,dorothea,
SREBF1,PIK3R3,1,dorothea,
SREBF1,SCD2,1,dorothea,
SREBF1,SQLE,1,dorothea,
SREBF2,ABCA1,-1,dorothea,
SREBF2,ACLY,1,dorothea,
SREBF2,ACOT7,1,dorothea,
SREBF2,FDFT1,1,dorothea,
SREBF2,HMGCR,1,dorothea,
SREBF2,INSIG1,1,dorothea,
SREBF2,LDLR,1,dorothea,
SREBF2,LRP1,-1,dorothea,
SREBF2,MTTP,-1,dorothea,
SREBF2,PCYT2,1,dorothea,
SREBF2,SQLE,1,dorothea,
SREBF2,STARD4,1,dorothea,
SRF,ACTB,1,dorothea,
SRF,DMD,1,dorothea,
SRF,FOS,1,dorothea,
SRF,SAMD4,1,dorothea,
STAT1,A2M,1,dorothea,
STAT1,ADAR,1,dorothea,
STAT1,AGFG2,-1,dorothea,
STAT1,AIM2,1,dorothea,
STAT1,APOE,1,dorothea,
STAT1,APP,1,dorothea,
STAT1,ATG4C,1,dorothea,
STAT1,B3GAT3,1,dorothea,
STAT1,BAX,1,dorothea,
STAT1,BRD8,1,dorothea,
STAT1,BST2,1,dorothea,
STAT1,CCND1,1,dorothea,
STAT1,CCND2,1,dorothea,
STAT1,CCND3,1,dorothea,
STAT1,CCR5,1,dorothea,
STAT1,CD40,1,dorothea,
STAT1,CDC7,-1,dorothea,
STAT1,CDKN1A,1,dorothea,
STAT1,CISH,1,dorothea,
STAT1,CREM,1,dorothea,
STAT1,CSF1,1,dorothea,
STAT1,CTSB,1,dorothea,
STAT1,CX3CL1,1,dorothea,
STAT1,DCLRE1C,1,dorothea,
STAT1,DDX50,1,dorothea,
STAT1,DIMT1,1,dorothea,
STAT1,EARS2,1,dorothea,
STAT1,EDEM2,1,dorothea,
STAT1,EGFR,1,dorothea,
STAT1,EGLN3,1,dorothea,
STAT1,EIF2AK1,1,dorothea,
STAT1,EIF2AK2,1,dorothea,
STAT1,EIF2AK3,1,dorothea,
STAT1,ELP3,1,dorothea,
STAT1,FBXO5,1,dorothea,
STAT1,FGFR3,-1,dorothea,
STAT1,FOS,1,dorothea,
STAT1,GATA3,1,dorothea,
STAT1,GLS,1,dorothea,
STAT1,GREB1,1,dorothea,
STAT1,GSTK1,1,dorothea,
STAT1,H2-BL,1,dorothea,
STAT1,H2-DMA,1,dorothea,
STAT1,H2-Q5,1,dorothea,
STAT1,HCFC1,-1,dorothea,
STAT1,HDAC7,1,dorothea,
STAT1,HMOX1,1,dorothea,
STAT1,HSP90AA1,-1,dorothea,
STAT1,HSPB1,1,dorothea,
STAT1,ICAM1,1,dorothea,
STAT1,IGF1,1,dorothea,
STAT1,IGFBP3,1,dorothea,
STAT1,IGFLR1,1,dorothea,
STAT1,IL6ST,1,dorothea,
STAT1,INO80,1,dorothea,
STAT1,IRF2,1,dorothea,
STAT1,IRF9,1,dorothea,
STAT1,ISG15,1,dorothea,
STAT1,ISG20,1,dorothea,
STAT1,JAK2,1,dorothea,
STAT1,JUN,1,dorothea,
STAT1,JUNB,1,dorothea,
STAT1,KIF2A,1,dorothea,
STAT1,KRT17,1,dorothea,
STAT1,LAP3,1,dorothea,
STAT1,LY96,1,dorothea,
STAT1,MAN1A,1,dorothea,
STAT1,MAT2A,1,dorothea,
STAT1,MCL1,1,dorothea,
STAT1,MED16,1,dorothea,
STAT1,MET,1,dorothea,
STAT1,MTMR9,1,dorothea,
STAT1,MUC1,1,dorothea,
STAT1,MVP,1,dorothea,
STAT1,MYC,1,dorothea,
STAT1,MYD88,1,dorothea,
STAT1,NAA35,-1,dorothea,
STAT1,OAS1C,1,dorothea,
STAT1,OAS2,1,dorothea,
STAT1,PARP14,1,dorothea,
STAT1,PIM1,1,dorothea,
STAT1,PLSCR1,1,dorothea,
STAT1,PLSCR2,1,dorothea,
STAT1,PML,1,dorothea,
STAT1,PPARA,1,dorothea,
STAT1,PPIP5K2,1,dorothea,
STAT1,PRKCE,-1,dorothea,
STAT1,PROS1,1,dorothea,
STAT1,PSMB9,1,dorothea,
STAT1,PTTG1IP,1,dorothea,
STAT1,PWP2,1,dorothea,
STAT1,RBAK,1,dorothea,
STAT1,REV3L,1,dorothea,
STAT1,RIPK1,1,dorothea,
STAT1,RNF213,1,dorothea,
STAT1,S100A10,1,dorothea,
STAT1,SBNO2,1,dorothea,
STAT1,SCARB1,1,dorothea,
STAT1,SEMA4B,1,dorothea,
STAT1,SMARCA4,1,dorothea,
STAT1,SNRNP27,1,dorothea,
STAT1,SOCS2,1,dorothea,
STAT1,SOCS4,1,dorothea,
STAT1,SOCS6,1,dorothea,
STAT1,SOCS7,1,dorothea,
STAT1,STAT2,1,dorothea,
STAT1,STAT3,1,dorothea,
STAT1,TAP1,1,dorothea,
STAT1,TIMP1,1,dorothea,
STAT1,TRIM25,1,dorothea,
STAT1,UBR1,1,dorothea,
STAT1,VEGFA,1,dorothea,
STAT1,VEGFC,1,dorothea,
STAT1,VEGFD,1,dorothea,
STAT1,VPS33B,1,dorothea,
STAT1,WARS,1,dorothea,
STAT1,ZC3HAV1,1,dorothea,
STAT1,ZFP1,1,dorothea,
STAT1,ZFP12,1,dorothea,
STAT1,ZFP128,1,dorothea,
STAT1,ZFP13,1,dorothea,
STAT1,ZFP169,1,dorothea,
STAT1,ZFP251,1,dorothea,
STAT1,ZFP282,1,dorothea,
STAT1,ZFP30,1,dorothea,
STAT1,ZFP354A,1,dorothea,
STAT1,ZFP367,-1,dorothea,
STAT1,ZFP398,1,dorothea,
STAT1,ZFP61,1,dorothea,
STAT1,ZFP612,1,dorothea,
STAT1,ZFP655,1,dorothea,
STAT1,ZFP689,1,dorothea,
STAT1,ZFP746,1,dorothea,
STAT1,ZFP777,1,dorothea,
STAT1,ZFP786,1,dorothea,
STAT1,ZFP9,1,dorothea,
STAT1,ZFP961,1,dorothea,
STAT2,BST2,1,dorothea,
STAT2,CFB,1,dorothea,
STAT2,IRF1,1,dorothea,
STAT2,OAS1C,1,dorothea,
STAT2,OAS2,1,dorothea,
STAT2,PML,1,dorothea,
STAT3,A2M,1,dorothea,
STAT3,BIRC3,1,dorothea,
STAT3,BIRC5,1,dorothea,
STAT3,CCND1,1,dorothea,
STAT3,CCND2,1,dorothea,
STAT3,CCND3,1,dorothea,
STAT3,CDK4,1,dorothea,
STAT3,CDKN1A,1,dorothea,
STAT3,CFB,1,dorothea,
STAT3,CHIL1,1,dorothea,
STAT3,CISH,1,dorothea,
STAT3,COPS5,1,dorothea,
STAT3,CSRP1,1,dorothea,
STAT3,EGFR,1,dorothea,
STAT3,ETV6,1,dorothea,
STAT3,HMOX1,1,dorothea,
STAT3,HSPB1,1,dorothea,
STAT3,IFNAR1,1,dorothea,
STAT3,IGF1,1,dorothea,
STAT3,IL6ST,1,dorothea,
STAT3,IRF1,1,dorothea,
STAT3,JUNB,1,dorothea,
STAT3,KLF11,1,dorothea,
STAT3,LTBP1,-1,dorothea,
STAT3,MCL1,1,dorothea,
STAT3,MUC1,1,dorothea,
STAT3,MYD88,1,dorothea,
STAT3,PIM1,1,dorothea,
STAT3,PTPN13,1,dorothea,
STAT3,ROR1,1,dorothea,
STAT3,RORA,1,dorothea,
STAT3,S100A11,1,dorothea,
STAT3,SOCS1,1,dorothea,
STAT3,STAT1,1,dorothea,
STAT3,TIMP1,1,dorothea,
STAT3,USP7,-1,dorothea,
STAT3,VEGFB,1,dorothea,
STAT3,ZFP36,1,dorothea,
STAT4,IRF1,1,dorothea,
STAT4,MYC,1,dorothea,
STAT4,PIM1,1,dorothea,
STAT4,SOCS3,-1,dorothea,
STAT4,CCND2,1,dorothea,
STAT5A,CCND1,1,dorothea,
STAT5A,CCND2,-1,dorothea,
STAT5A,CCND3,1,dorothea,
STAT5A,IGF1,1,dorothea,
STAT5A,IL6ST,1,dorothea,
STAT5A,IRF1,1,dorothea,
STAT5A,LONP1,1,dorothea,
STAT5A,MUC1,1,dorothea,
STAT5A,MYD88,1,dorothea,
STAT5A,PIM1,1,dorothea,
STAT5B,BCL2L1,1,dorothea,
STAT5B,CCND1,1,dorothea,
STAT5B,CCND3,1,dorothea,
STAT5B,IGF1,1,dorothea,
STAT5B,IL6ST,1,dorothea,
STAT5B,MUC1,1,dorothea,
STAT5B,PIM1,1,dorothea,
STAT6,CISH,1,dorothea,
STAT6,FOS,1,dorothea,
STAT6,IRF1,1,dorothea,
STAT6,RHOA,1,dorothea,
STAT6,SOCS1,1,dorothea,
TBP,APP,1,dorothea,
TBP,CDKN1A,1,dorothea,
TBP,FN1,1,dorothea,
TBP,FUS,-1,dorothea,
TBP,LIN28B,1,dorothea,
TBP,MYC,1,dorothea,
TBP,PMF1,1,dorothea,
TBP,ACTB,1,dorothea,
TBP,ABT1,1,dorothea,
TBP,ANXA2,1,dorothea,
TBP,BSG,1,dorothea,
TBP,C77080,1,dorothea,
TBP,CFLAR,1,dorothea,
TBP,DES,1,dorothea,
TBP,DNAJB12,1,dorothea,
TBP,FAM49B,1,dorothea,
TBP,FBXL5,1,dorothea,
TBP,HBP1,1,dorothea,
TBP,HIVEP1,1,dorothea,
TBP,ITPR1,1,dorothea,
TBP,KDM2A,1,dorothea,
TBP,KLF6,1,dorothea,
TBP,LIMA1,1,dorothea,
TBP,LUC7L2,1,dorothea,
TBP,NCOR2,1,dorothea,
TBP,PICALM,1,dorothea,
TBP,PNKP,1,dorothea,
TBP,PRPF31,1,dorothea,
TBP,PRRC2B,1,dorothea,
TBP,RABGAP1L,1,dorothea,
TBP,RUNX1,1,dorothea,
TBP,SAMD4,1,dorothea,
TBP,SEC22C,1,dorothea,
TBP,SMTN,1,dorothea,
TBP,ST6GAL1,1,dorothea,
TBP,TGIF1,1,dorothea,
TBP,THUMPD3,1,dorothea,
TBP,USP3,1,dorothea,
TBP,USP45,1,dorothea,
TBP,ZMYND8,1,dorothea,
TCF12,ERC1,1,dorothea,
TCF12,PPP3CA,1,dorothea,
TCF12,WWTR1,1,dorothea,
TCF12,ABLIM1,1,dorothea,
TCF12,ABR,1,dorothea,
TCF12,ADGRL2,1,dorothea,
TCF12,ANTXR2,1,dorothea,
TCF12,ARHGAP23,1,dorothea,
TCF12,ARHGEF3,1,dorothea,
TCF12,ARID1B,1,dorothea,
TCF12,BNC2,1,dorothea,
TCF12,CAST,1,dorothea,
TCF12,CCDC12,1,dorothea,
TCF12,CEMIP2,1,dorothea,
TCF12,CHD9,1,dorothea,
TCF12,CLIP2,1,dorothea,
TCF12,CRIM1,1,dorothea,
TCF12,CTNNA1,1,dorothea,
TCF12,CUEDC1,1,dorothea,
TCF12,DAAM1,1,dorothea,
TCF12,DIP2C,1,dorothea,
TCF12,DPYSL2,1,dorothea,
TCF12,FNDC3B,1,dorothea,
TCF12,FTO,1,dorothea,
TCF12,GAS7,1,dorothea,
TCF12,HIVEP3,1,dorothea,
TCF12,IQGAP2,1,dorothea,
TCF12,ITPR2,1,dorothea,
TCF12,JARID2,1,dorothea,
TCF12,KDM2B,1,dorothea,
TCF12,KLF13,1,dorothea,
TCF12,LIMCH1,1,dorothea,
TCF12,LIMS1,1,dorothea,
TCF12,LPP,1,dorothea,
TCF12,LRCH1,1,dorothea,
TCF12,LTBP1,1,dorothea,
TCF12,MACF1,1,dorothea,
TCF12,MBNL1,1,dorothea,
TCF12,MED15,1,dorothea,
TCF12,NFIB,1,dorothea,
TCF12,NRP2,1,dorothea,
TCF12,PALLD,1,dorothea,
TCF12,PCX,1,dorothea,
TCF12,PDE4D,1,dorothea,
TCF12,PLCB1,1,dorothea,
TCF12,PLXNA2,1,dorothea,
TCF12,PRICKLE2,1,dorothea,
TCF12,PRKCE,1,dorothea,
TCF12,PRRC2B,1,dorothea,
TCF12,PTK2,1,dorothea,
TCF12,PTPRK,1,dorothea,
TCF12,RBPJ,1,dorothea,
TCF12,SBNO2,1,dorothea,
TCF12,SERTAD2,1,dorothea,
TCF12,SH3RF1,1,dorothea,
TCF12,SLC37A1,1,dorothea,
TCF12,SPATS2L,1,dorothea,
TCF12,SVIL,1,dorothea,
TCF12,TBC1D1,1,dorothea,
TCF12,TCF4,1,dorothea,
TCF12,TEAD1,1,dorothea,
TCF12,THADA,1,dorothea,
TCF12,TNRC6B,1,dorothea,
TCF12,VGLL4,1,dorothea,
TCF12,WIPF1,1,dorothea,
TCF12,WWC1,1,dorothea,
TCF12,ZBTB38,1,dorothea,
TCF12,ZFHX3,1,dorothea,
TCF12,ZFP608,1,dorothea,
TCF3,CDK6,-1,dorothea,
TCF3,ANP32A,1,dorothea,
TCF3,AXIN1,1,dorothea,
TCF3,KDM2B,1,dorothea,
TCF3,MAD1L1,1,dorothea,
TCF3,MED15,1,dorothea,
TCF3,NUP210,1,dorothea,
TCF3,PIEZO1,1,dorothea,
TCF3,PSTPIP1,1,dorothea,
TCF3,RALGDS,1,dorothea,
TCF3,SLC37A1,1,dorothea,
TCF3,VAV2,1,dorothea,
TCF4,ABCB1A,1,dorothea,
TCF4,ABCB1B,1,dorothea,
TCF4,CCND1,1,dorothea,
TCF4,VIM,1,dorothea,
TCF4,HDAC7,1,dorothea,
TCF4,NOL4L,1,dorothea,
TCF4,SPTBN1,1,dorothea,
TCF4,ADD3,1,dorothea,
TCF4,ARID5B,1,dorothea,
TCF4,ASAP2,1,dorothea,
TCF4,C77080,1,dorothea,
TCF4,CD9,1,dorothea,
TCF4,CDK6,1,dorothea,
TCF4,CEP112,1,dorothea,
TCF4,CHN2,1,dorothea,
TCF4,DAAM1,1,dorothea,
TCF4,EHBP1,1,dorothea,
TCF4,EPB41L1,1,dorothea,
TCF4,EPB41L2,1,dorothea,
TCF4,ERI3,1,dorothea,
TCF4,FGD5,1,dorothea,
TCF4,GLS,1,dorothea,
TCF4,GOLIM4,1,dorothea,
TCF4,IL33,1,dorothea,
TCF4,LIMA1,1,dorothea,
TCF4,LIMCH1,1,dorothea,
TCF4,MEF2C,1,dorothea,
TCF4,NR3C2,1,dorothea,
TCF4,OXR1,1,dorothea,
TCF4,PCDH1,1,dorothea,
TCF4,PHACTR2,1,dorothea,
TCF4,PLCB1,1,dorothea,
TCF4,PLEKHG1,1,dorothea,
TCF4,PRKCH,1,dorothea,
TCF4,PRR5L,1,dorothea,
TCF4,SLC25A28,1,dorothea,
TCF4,SPRED2,1,dorothea,
TCF4,ST14,1,dorothea,
TCF4,TBL1XR1,1,dorothea,
TCF4,TEAD1,1,dorothea,
TCF4,TGIF1,1,dorothea,
TCF4,TMEM131,1,dorothea,
TCF4,TRIO,1,dorothea,
TCF4,TRPC6,1,dorothea,
TCF4,TRPS1,1,dorothea,
TCF4,USP3,1,dorothea,
TCF4,UTRN,1,dorothea,
TCF4,WNT4,1,dorothea,
TCF4,YAP1,1,dorothea,
TCF4,ZBTB7B,1,dorothea,
TCF4,ZFP608,1,dorothea,
TCF7,AXIN2,1,dorothea,
TCF7,BIRC5,1,dorothea,
TCF7,CCND2,1,dorothea,
TCF7,ETL4,1,dorothea,
TCF7,TCF3,1,dorothea,
TCF7,ANKRD28,1,dorothea,
TCF7,ANTXR2,1,dorothea,
TCF7,BIRC3,1,dorothea,
TCF7,CCND1,1,dorothea,
TCF7,CDK17,1,dorothea,
TCF7,CDYL,1,dorothea,
TCF7,CORO1C,1,dorothea,
TCF7,CPPED1,1,dorothea,
TCF7,CREM,1,dorothea,
TCF7,DMD,1,dorothea,
TCF7,DST,1,dorothea,
TCF7,FYB,1,dorothea,
TCF7,GTF2F2,1,dorothea,
TCF7,HBS1L,1,dorothea,
TCF7,KCNK1,1,dorothea,
TCF7,MAP3K1,1,dorothea,
TCF7,NUMB,1,dorothea,
TCF7,PDE7A,1,dorothea,
TCF7,PHACTR1,1,dorothea,
TCF7,PLEC,1,dorothea,
TCF7,PRR5L,1,dorothea,
TCF7,QPCT,1,dorothea,
TCF7,RBPJ,1,dorothea,
TCF7,RIN3,1,dorothea,
TCF7,RTN4,1,dorothea,
TCF7,SKAP1,1,dorothea,
TCF7,SOX6,1,dorothea,
TCF7,SP100,1,dorothea,
TCF7,TGFBR3,1,dorothea,
TCF7,TRIO,1,dorothea,
TCF7,USP48,1,dorothea,
TCF7,WNK1,1,dorothea,
TCF7,ZBTB20,1,dorothea,
TCF7L2,ABCB1A,1,dorothea,
TCF7L2,ABCB1B,1,dorothea,
TCF7L2,AXIN2,1,dorothea,
TCF7L2,BIRC5,1,dorothea,
TCF7L2,CCND1,1,dorothea,
TCF7L2,CTNNB1,1,dorothea,
TCF7L2,DKK1,1,dorothea,
TCF7L2,FGF18,1,dorothea,
TCF7L2,GLCE,1,dorothea,
TCF7L2,GLI2,1,dorothea,
TCF7L2,MYC,1,dorothea,
TCF7L2,STAT3,1,dorothea,
TCF7L2,TCF7,1,dorothea,
TCF7L2,VIM,-1,dorothea,
TEAD1,MSLN,1,dorothea,
TEAD1,ADGRL2,1,dorothea,
TEAD1,AMOTL2,1,dorothea,
TEAD1,GTDC1,1,dorothea,
TEAD1,OSBPL9,1,dorothea,
TEAD1,TACC1,1,dorothea,
TEAD1,AFAP1,1,dorothea,
TEAD1,AHNAK,1,dorothea,
TEAD1,ANK3,1,dorothea,
TEAD1,ANO6,1,dorothea,
TEAD1,APBB2,1,dorothea,
TEAD1,ARHGAP29,1,dorothea,
TEAD1,ARHGAP35,1,dorothea,
TEAD1,ARNT2,1,dorothea,
TEAD1,ASAP1,1,dorothea,
TEAD1,ASAP2,1,dorothea,
TEAD1,BCAR3,1,dorothea,
TEAD1,CACNA2D1,1,dorothea,
TEAD1,CALD1,1,dorothea,
TEAD1,CAPN2,1,dorothea,
TEAD1,CAST,1,dorothea,
TEAD1,CLIC5,1,dorothea,
TEAD1,CLIP4,1,dorothea,
TEAD1,CNOT1,1,dorothea,
TEAD1,CRIM1,1,dorothea,
TEAD1,CTNNA1,1,dorothea,
TEAD1,DAAM1,1,dorothea,
TEAD1,DLC1,1,dorothea,
TEAD1,DNMBP,1,dorothea,
TEAD1,DST,1,dorothea,
TEAD1,EGFR,1,dorothea,
TEAD1,EML1,1,dorothea,
TEAD1,EPS8,1,dorothea,
TEAD1,EXT1,1,dorothea,
TEAD1,FAM160A1,1,dorothea,
TEAD1,FAT1,1,dorothea,
TEAD1,FEZ2,1,dorothea,
TEAD1,FHL2,1,dorothea,
TEAD1,FLNB,1,dorothea,
TEAD1,FMN2,1,dorothea,
TEAD1,FRMD6,1,dorothea,
TEAD1,FTO,1,dorothea,
TEAD1,GMDS,1,dorothea,
TEAD1,GULP1,1,dorothea,
TEAD1,ITGB1,1,dorothea,
TEAD1,ITSN1,1,dorothea,
TEAD1,JCAD,1,dorothea,
TEAD1,KDM4C,1,dorothea,
TEAD1,KIF13A,1,dorothea,
TEAD1,KTN1,1,dorothea,
TEAD1,LAMC1,1,dorothea,
TEAD1,LAMC2,1,dorothea,
TEAD1,LIMCH1,1,dorothea,
TEAD1,LPP,1,dorothea,
TEAD1,MACF1,1,dorothea,
TEAD1,MBNL1,1,dorothea,
TEAD1,MBNL2,1,dorothea,
TEAD1,MICAL2,1,dorothea,
TEAD1,NAV2,1,dorothea,
TEAD1,NDST1,1,dorothea,
TEAD1,NEK7,1,dorothea,
TEAD1,NRP2,1,dorothea,
TEAD1,PALLD,1,dorothea,
TEAD1,PAM,1,dorothea,
TEAD1,PBX1,1,dorothea,
TEAD1,PCYT1A,1,dorothea,
TEAD1,PDE4D,1,dorothea,
TEAD1,PDLIM5,1,dorothea,
TEAD1,PRICKLE2,1,dorothea,
TEAD1,PRKAG2,1,dorothea,
TEAD1,PRKCH,1,dorothea,
TEAD1,PTPN14,1,dorothea,
TEAD1,PTPRM,1,dorothea,
TEAD1,RAPGEF2,1,dorothea,
TEAD1,RASAL2,1,dorothea,
TEAD1,RB1CC1,1,dorothea,
TEAD1,RBMS1,1,dorothea,
TEAD1,RERE,1,dorothea,
TEAD1,RTN4,1,dorothea,
TEAD1,SAMD4,1,dorothea,
TEAD1,SASH1,1,dorothea,
TEAD1,SCHIP1,1,dorothea,
TEAD1,SH3BP4,1,dorothea,
TEAD1,SHROOM3,1,dorothea,
TEAD1,SMYD3,1,dorothea,
TEAD1,SORBS1,1,dorothea,
TEAD1,SORCS2,1,dorothea,
TEAD1,SPIDR,1,dorothea,
TEAD1,SPTBN1,1,dorothea,
TEAD1,STARD13,1,dorothea,
TEAD1,SVIL,1,dorothea,
TEAD1,TANC1,1,dorothea,
TEAD1,TCF4,1,dorothea,
TEAD1,TENM3,1,dorothea,
TEAD1,TGFB2,1,dorothea,
TEAD1,TGFBR3,1,dorothea,
TEAD1,TLN2,1,dorothea,
TEAD1,TMEM245,1,dorothea,
TEAD1,TRIO,1,dorothea,
TEAD1,UACA,1,dorothea,
TEAD1,UBE2H,1,dorothea,
TEAD1,VPS13D,1,dorothea,
TEAD1,WWC2,1,dorothea,
TEAD1,WWTR1,1,dorothea,
TEAD1,YAP1,1,dorothea,
TEAD2,CCND2,1,dorothea,
TEAD2,RIN3,1,dorothea,
TEAD2,AJUBA,1,dorothea,
TEAD2,ASAP3,1,dorothea,
TEAD2,ATP6V1A,1,dorothea,
TEAD2,ATP8B2,1,dorothea,
TEAD2,CTDSP2,1,dorothea,
TEAD2,DLGAP4,1,dorothea,
TEAD2,DNAJB5,1,dorothea,
TEAD2,DTNBP1,1,dorothea,
TEAD2,FAM89A,1,dorothea,
TEAD2,GALNT2,1,dorothea,
TEAD2,JMJD1C,1,dorothea,
TEAD2,LAMB2,1,dorothea,
TEAD2,LSM10,1,dorothea,
TEAD2,MAP1S,1,dorothea,
TEAD2,RHBDF1,1,dorothea,
TEAD2,SNRPC,1,dorothea,
TEAD2,SPEG,1,dorothea,
TEAD2,ST3GAL2,1,dorothea,
TEAD2,TBC1D25,1,dorothea,
TEAD2,TRAF4,1,dorothea,
TEAD2,TRIP6,1,dorothea,
TEAD2,VPS37B,1,dorothea,
TEAD4,ABLIM2,1,dorothea,
TEAD4,ADAMTSL1,1,dorothea,
TEAD4,ADGRL2,1,dorothea,
TEAD4,ANXA2,1,dorothea,
TEAD4,BCAR3,1,dorothea,
TEAD4,BCR,1,dorothea,
TEAD4,CCN2,1,dorothea,
TEAD4,CEMIP2,1,dorothea,
TEAD4,CMIP,1,dorothea,
TEAD4,DAB2IP,1,dorothea,
TEAD4,DENND1A,1,dorothea,
TEAD4,ETV6,1,dorothea,
TEAD4,EXT1,1,dorothea,
TEAD4,FAM129B,1,dorothea,
TEAD4,FGFR2,1,dorothea,
TEAD4,FNDC3B,1,dorothea,
TEAD4,FOXO3,1,dorothea,
TEAD4,GALNT2,1,dorothea,
TEAD4,GLIS3,1,dorothea,
TEAD4,GMDS,1,dorothea,
TEAD4,GTDC1,1,dorothea,
TEAD4,HIVEP3,1,dorothea,
TEAD4,HSPG2,1,dorothea,
TEAD4,IQSEC1,1,dorothea,
TEAD4,ITPR1,1,dorothea,
TEAD4,KAZN,1,dorothea,
TEAD4,KDM4C,1,dorothea,
TEAD4,KRT18,1,dorothea,
TEAD4,LITAF,1,dorothea,
TEAD4,MACF1,1,dorothea,
TEAD4,MAP4K4,1,dorothea,
TEAD4,MID1,1,dorothea,
TEAD4,MPZL1,1,dorothea,
TEAD4,MYH9,1,dorothea,
TEAD4,NEK6,1,dorothea,
TEAD4,PDLIM1,1,dorothea,
TEAD4,PHLDB2,1,dorothea,
TEAD4,PHLPP1,1,dorothea,
TEAD4,PICALM,1,dorothea,
TEAD4,PLXNA2,1,dorothea,
TEAD4,PRKCH,1,dorothea,
TEAD4,PTPRJ,1,dorothea,
TEAD4,RABGAP1L,1,dorothea,
TEAD4,RAI14,1,dorothea,
TEAD4,RBPMS,1,dorothea,
TEAD4,RIN3,1,dorothea,
TEAD4,RND3,1,dorothea,
TEAD4,SIK3,1,dorothea,
TEAD4,SPIDR,1,dorothea,
TEAD4,SPTB,1,dorothea,
TEAD4,STK10,1,dorothea,
TEAD4,TACC2,1,dorothea,
TEAD4,TCF4,1,dorothea,
TEAD4,TGFBI,1,dorothea,
TEAD4,TGM2,1,dorothea,
TEAD4,TJP2,1,dorothea,
TEAD4,TLE4,1,dorothea,
TEAD4,TRIM2,1,dorothea,
TEAD4,VMP1,1,dorothea,
TEAD4,ZMYND8,1,dorothea,
TFAP2C,CRABP2,1,dorothea,
TFAP2C,ECM1,1,dorothea,
TFAP2C,ERBB2,1,dorothea,
TFAP2C,FOXA1,1,dorothea,
TFAP2C,FREM2,1,dorothea,
TFAP2C,GREB1,1,dorothea,
TFAP2C,MMP2,1,dorothea,
TFAP2C,MYC,1,dorothea,
TFAP2C,RET,1,dorothea,
TFAP4,MDM2,-1,dorothea,
TFAP4,PENK,1,dorothea,
TFAP4,ZFP395,1,dorothea,
TFAP4,ABTB2,1,dorothea,
TFAP4,AGPAT3,1,dorothea,
TFAP4,ARHGEF10L,1,dorothea,
TFAP4,ATP2B2,1,dorothea,
TFAP4,BCAR1,1,dorothea,
TFAP4,CRTC1,1,dorothea,
TFAP4,CSNK1D,1,dorothea,
TFAP4,CYTH1,1,dorothea,
TFAP4,DENND1A,1,dorothea,
TFAP4,DENND3,1,dorothea,
TFAP4,EGFR,1,dorothea,
TFAP4,ELL,1,dorothea,
TFAP4,ETL4,1,dorothea,
TFAP4,FGFR3,1,dorothea,
TFAP4,GNA12,1,dorothea,
TFAP4,GREB1,1,dorothea,
TFAP4,HDAC5,1,dorothea,
TFAP4,JADE2,1,dorothea,
TFAP4,JUP,1,dorothea,
TFAP4,KRT8,1,dorothea,
TFAP4,MED15,1,dorothea,
TFAP4,MICAL2,1,dorothea,
TFAP4,PEMT,1,dorothea,
TFAP4,PLEKHA7,1,dorothea,
TFAP4,PLEKHG5,1,dorothea,
TFAP4,PLXNA2,1,dorothea,
TFAP4,PRKCZ,1,dorothea,
TFAP4,RGS3,1,dorothea,
TFAP4,SRGAP3,1,dorothea,
TFAP4,SVIL,1,dorothea,
TFAP4,SYNJ2,1,dorothea,
TFAP4,TBC1D2B,1,dorothea,
TFAP4,TPM4,1,dorothea,
TFAP4,TRIO,1,dorothea,
TGIF2,AHCY,-1,dorothea,
TGIF2,AKAP1,-1,dorothea,
TGIF2,ASXL1,-1,dorothea,
TGIF2,COQ8A,-1,dorothea,
TGIF2,DPAGT1,-1,dorothea,
TGIF2,FAM102A,-1,dorothea,
TGIF2,HMGXB3,-1,dorothea,
TGIF2,IST1,-1,dorothea,
TGIF2,MSH6,-1,dorothea,
TGIF2,NELFA,-1,dorothea,
TGIF2,NFKB2,-1,dorothea,
TGIF2,OGFR,-1,dorothea,
TGIF2,PRR3,-1,dorothea,
TGIF2,RPL3,-1,dorothea,
TGIF2,SMOX,-1,dorothea,
TGIF2,TCIRG1,-1,dorothea,
TGIF2,ZBTB2,-1,dorothea,
TGIF2,ZSCAN2,-1,dorothea,
THAP1,FAM20B,1,dorothea,
THAP1,ACAP3,1,dorothea,
THAP1,ARHGDIA,1,dorothea,
THAP1,BCOR,1,dorothea,
THAP1,COL18A1,1,dorothea,
THAP1,CORO2A,1,dorothea,
THAP1,CSNK1D,1,dorothea,
THAP1,CYFIP1,1,dorothea,
THAP1,DOCK6,1,dorothea,
THAP1,EPS8L2,1,dorothea,
THAP1,FAAP100,1,dorothea,
THAP1,FAM78A,1,dorothea,
THAP1,FGFR3,1,dorothea,
THAP1,FGFRL1,1,dorothea,
THAP1,FNDC10,1,dorothea,
THAP1,GAK,1,dorothea,
THAP1,GALE,1,dorothea,
THAP1,GNB1,1,dorothea,
THAP1,GPT2,1,dorothea,
THAP1,GRAMD1A,1,dorothea,
THAP1,HDAC11,1,dorothea,
THAP1,HOOK2,1,dorothea,
THAP1,HSP90AA1,1,dorothea,
THAP1,IER2,1,dorothea,
THAP1,IQSEC1,1,dorothea,
THAP1,LTBP3,1,dorothea,
THAP1,LYSMD2,1,dorothea,
THAP1,MAST3,1,dorothea,
THAP1,METRNL,1,dorothea,
THAP1,MTCL1,1,dorothea,
THAP1,MYO1C,1,dorothea,
THAP1,NCOR2,1,dorothea,
THAP1,PIDD1,1,dorothea,
THAP1,PIEZO1,1,dorothea,
THAP1,PLEC,1,dorothea,
THAP1,PPM1F,1,dorothea,
THAP1,PPP6R1,1,dorothea,
THAP1,RREB1,1,dorothea,
THAP1,RXRA,1,dorothea,
THAP1,SGMS1,1,dorothea,
THAP1,SKI,1,dorothea,
THAP1,STIP1,1,dorothea,
THAP1,SYMPK,1,dorothea,
THAP1,TCF25,1,dorothea,
THAP1,TRABD,1,dorothea,
THAP1,UBTF,1,dorothea,
THAP1,UNKL,1,dorothea,
THAP1,USF2,1,dorothea,
THAP1,YWHAZ,1,dorothea,
THAP1,ZFP276,1,dorothea,
THAP11,CNIH4,-1,dorothea,
THAP11,LSM10,-1,dorothea,
THAP11,PRPF31,-1,dorothea,
THAP11,SLC4A2,-1,dorothea,
THAP11,SNX17,-1,dorothea,
THAP11,TMEM115,-1,dorothea,
THAP11,AFG1L,-1,dorothea,
THAP11,AP2S1,-1,dorothea,
THAP11,ATL3,-1,dorothea,
THAP11,AU015836,-1,dorothea,
THAP11,BABAM1,-1,dorothea,
THAP11,BANP,-1,dorothea,
THAP11,BOLA1,-1,dorothea,
THAP11,BUB1B,-1,dorothea,
THAP11,BUB3,-1,dorothea,
THAP11,CALCOCO1,-1,dorothea,
THAP11,CCDC191,-1,dorothea,
THAP11,CCDC90B,-1,dorothea,
THAP11,CEP128,-1,dorothea,
THAP11,CHCHD3,-1,dorothea,
THAP11,CHCHD4,-1,dorothea,
THAP11,CHRNB1,-1,dorothea,
THAP11,CLDN12,-1,dorothea,
THAP11,CLP1,-1,dorothea,
THAP11,CNPY2,-1,dorothea,
THAP11,COPS7B,-1,dorothea,
THAP11,DCAKD,-1,dorothea,
THAP11,DESI2,-1,dorothea,
THAP11,DFFA,-1,dorothea,
THAP11,DNAJC17,-1,dorothea,
THAP11,DNAJC18,-1,dorothea,
THAP11,DNM1L,-1,dorothea,
THAP11,DPM3,-1,dorothea,
THAP11,EIF1B,-1,dorothea,
THAP11,EIF2B4,-1,dorothea,
THAP11,EIF2S2,-1,dorothea,
THAP11,ENY2,-1,dorothea,
THAP11,ERP44,-1,dorothea,
THAP11,FAM168A,-1,dorothea,
THAP11,FBXL19,-1,dorothea,
THAP11,FTO,-1,dorothea,
THAP11,FYCO1,-1,dorothea,
THAP11,GPKOW,-1,dorothea,
THAP11,HCFC1R1,-1,dorothea,
THAP11,HEXIM2,-1,dorothea,
THAP11,HSP90B1,-1,dorothea,
THAP11,HSPH1,-1,dorothea,
THAP11,INVS,-1,dorothea,
THAP11,ITCH,-1,dorothea,
THAP11,ITPR1,-1,dorothea,
THAP11,LMBRD2,-1,dorothea,
THAP11,LMNA,-1,dorothea,
THAP11,LRRC29,-1,dorothea,
THAP11,LYSMD1,-1,dorothea,
THAP11,MAD2L1BP,-1,dorothea,
THAP11,MED11,-1,dorothea,
THAP11,MITF,-1,dorothea,
THAP11,MRPL24,-1,dorothea,
THAP11,MRPL42,-1,dorothea,
THAP11,MRPL50,-1,dorothea,
THAP11,MTR,-1,dorothea,
THAP11,NDC1,-1,dorothea,
THAP11,NMT1,-1,dorothea,
THAP11,NOP14,-1,dorothea,
THAP11,NUDCD1,-1,dorothea,
THAP11,NUP153,-1,dorothea,
THAP11,NUTF2,-1,dorothea,
THAP11,NUTF2-PS1,-1,dorothea,
THAP11,PCM1,-1,dorothea,
THAP11,PDCD10,-1,dorothea,
THAP11,PEMT,-1,dorothea,
THAP11,PHB,-1,dorothea,
THAP11,PHF23,-1,dorothea,
THAP11,PNKD,-1,dorothea,
THAP11,PNPLA6,-1,dorothea,
THAP11,POP1,-1,dorothea,
THAP11,PPCDC,-1,dorothea,
THAP11,PPP1R12B,-1,dorothea,
THAP11,PPP2R5B,-1,dorothea,
THAP11,PRCC,-1,dorothea,
THAP11,RANGAP1,-1,dorothea,
THAP11,RIDA,-1,dorothea,
THAP11,RPGRIP1L,-1,dorothea,
THAP11,SEL1L,-1,dorothea,
THAP11,SIRT2,-1,dorothea,
THAP11,SKP2,-1,dorothea,
THAP11,SLC25A19,-1,dorothea,
THAP11,SLC35B4,-1,dorothea,
THAP11,SMARCAL1,-1,dorothea,
THAP11,SMIM13,-1,dorothea,
THAP11,SNAP47,-1,dorothea,
THAP11,SNX16,-1,dorothea,
THAP11,SNX27,-1,dorothea,
THAP11,SOX6,-1,dorothea,
THAP11,SWT1,-1,dorothea,
THAP11,SYMPK,-1,dorothea,
THAP11,TBC1D31,-1,dorothea,
THAP11,THRAP3,-1,dorothea,
THAP11,TMEM109,-1,dorothea,
THAP11,TMEM208,-1,dorothea,
THAP11,TRAPPC3,-1,dorothea,
THAP11,TRMT1L,-1,dorothea,
THAP11,UBA1,-1,dorothea,
THAP11,UBR2,-1,dorothea,
THAP11,USP48,-1,dorothea,
THAP11,VPS41,-1,dorothea,
THAP11,VPS50,-1,dorothea,
THAP11,WBP2,-1,dorothea,
THAP11,WNK1,-1,dorothea,
THAP11,ZCCHC8,-1,dorothea,
THAP11,ZFP444,-1,dorothea,
THAP11,ZFP605,-1,dorothea,
THAP11,ZSCAN22,-1,dorothea,
TRP53,ABCB1A,-1,dorothea,
TRP53,ABCB1B,-1,dorothea,
TRP53,ABCC1,1,dorothea,
TRP53,ADA,1,dorothea,
TRP53,ADGRB1,1,dorothea,
TRP53,ADGRB2,1,dorothea,
TRP53,AIFM2,1,dorothea,
TRP53,AKT1,-1,dorothea,
TRP53,ALDH1A3,1,dorothea,
TRP53,ANTXR1,1,dorothea,
TRP53,ARID3A,1,dorothea,
TRP53,ASCC3,1,dorothea,
TRP53,BCL2L1,1,dorothea,
TRP53,BCL2L14,1,dorothea,
TRP53,BCL3,-1,dorothea,
TRP53,BID,1,dorothea,
TRP53,BIRC5,-1,dorothea,
TRP53,BNIP3L,1,dorothea,
TRP53,BRCA1,-1,dorothea,
TRP53,BRCA2,-1,dorothea,
TRP53,BTG1,1,dorothea,
TRP53,BTG3,1,dorothea,
TRP53,CASP3,1,dorothea,
TRP53,CCNA2,1,dorothea,
TRP53,CCND1,-1,dorothea,
TRP53,CCNG1,1,dorothea,
TRP53,CCNG2,1,dorothea,
TRP53,CCNK,1,dorothea,
TRP53,CD82,1,dorothea,
TRP53,CDC25C,1,dorothea,
TRP53,CDK1,-1,dorothea,
TRP53,CDKN1B,1,dorothea,
TRP53,CHEK2,-1,dorothea,
TRP53,CHMP4C,1,dorothea,
TRP53,CHUK,-1,dorothea,
TRP53,COL18A1,1,dorothea,
TRP53,COP1,1,dorothea,
TRP53,CTNNB1,-1,dorothea,
TRP53,CTSD,1,dorothea,
TRP53,CX3CL1,1,dorothea,
TRP53,DDB1,1,dorothea,
TRP53,DDB2,1,dorothea,
TRP53,DDR1,1,dorothea,
TRP53,DKK1,1,dorothea,
TRP53,DNMT1,-1,dorothea,
TRP53,DUSP1,1,dorothea,
TRP53,DUSP11,1,dorothea,
TRP53,DUSP5,1,dorothea,
TRP53,E2F3,-1,dorothea,
TRP53,E2F7,1,dorothea,
TRP53,EDN2,1,dorothea,
TRP53,EGFR,1,dorothea,
TRP53,EGR1,1,dorothea,
TRP53,EI24,1,dorothea,
TRP53,EPCAM,1,dorothea,
TRP53,EPHA2,1,dorothea,
TRP53,EZH2,-1,dorothea,
TRP53,FANCC,1,dorothea,
TRP53,FBLN1,1,dorothea,
TRP53,FBLN2,1,dorothea,
TRP53,FLT1,1,dorothea,
TRP53,FRMD5,1,dorothea,
TRP53,GADD45G,1,dorothea,
TRP53,GHR,1,dorothea,
TRP53,GPX1,1,dorothea,
TRP53,GSTP1,1,dorothea,
TRP53,GSTP2,1,dorothea,
TRP53,HNF4A,-1,dorothea,
TRP53,HNRNPUL1,1,dorothea,
TRP53,HSP90AB1,-1,dorothea,
TRP53,HTT,1,dorothea,
TRP53,IER3,1,dorothea,
TRP53,IGF1R,-1,dorothea,
TRP53,IGFBP3,1,dorothea,
TRP53,ING1,1,dorothea,
TRP53,INTS7,-1,dorothea,
TRP53,IRF5,1,dorothea,
TRP53,JAK2,1,dorothea,
TRP53,KAT2B,1,dorothea,
TRP53,KRT8,1,dorothea,
TRP53,LIF,1,dorothea,
TRP53,LIG1,1,dorothea,
TRP53,LITAF,1,dorothea,
TRP53,MAD1L1,-1,dorothea,
TRP53,MAP4,-1,dorothea,
TRP53,MAPK8,1,dorothea,
TRP53,MDM4,1,dorothea,
TRP53,MKI67,1,dorothea,
TRP53,MLH1,1,dorothea,
TRP53,MMP2,1,dorothea,
TRP53,MRPL27,1,dorothea,
TRP53,MSH2,1,dorothea,
TRP53,MYC,-1,dorothea,
TRP53,NFATC4,-1,dorothea,
TRP53,NINJ1,1,dorothea,
TRP53,NME1,1,dorothea,
TRP53,OGG1,1,dorothea,
TRP53,PCBP4,1,dorothea,
TRP53,PEG3,1,dorothea,
TRP53,PIDD1,1,dorothea,
TRP53,PLK1,-1,dorothea,
TRP53,PLK2,1,dorothea,
TRP53,PMAIP1,1,dorothea,
TRP53,POLD1,1,dorothea,
TRP53,PPM1D,1,dorothea,
TRP53,PPM1J,1,dorothea,
TRP53,PRDM1,1,dorothea,
TRP53,PRKAB1,1,dorothea,
TRP53,PRODH,1,dorothea,
TRP53,PTEN,-1,dorothea,
TRP53,PTPA,-1,dorothea,
TRP53,PTPN13,1,dorothea,
TRP53,PTTG1,1,dorothea,
TRP53,PYCARD,1,dorothea,
TRP53,RABGGTA,1,dorothea,
TRP53,RAD51,1,dorothea,
TRP53,RAD51B,1,dorothea,
TRP53,RASSF1,-1,dorothea,
TRP53,RB1,-1,dorothea,
TRP53,RCHY1,1,dorothea,
TRP53,RELA,1,dorothea,
TRP53,RHOA,1,dorothea,
TRP53,RRM1,1,dorothea,
TRP53,RRM2B,1,dorothea,
TRP53,SCN3B,1,dorothea,
TRP53,SERTAD1,1,dorothea,
TRP53,SESN2,1,dorothea,
TRP53,SFN,1,dorothea,
TRP53,SIAH1A,1,dorothea,
TRP53,SLC2A1,-1,dorothea,
TRP53,STAT1,1,dorothea,
TRP53,STAT3,-1,dorothea,
TRP53,STEAP3,1,dorothea,
TRP53,SYK,1,dorothea,
TRP53,TAP1,1,dorothea,
TRP53,TBC1D31,1,dorothea,
TRP53,TBXAS1,-1,dorothea,
TRP53,TENT4A,1,dorothea,
TRP53,TGFA,1,dorothea,
TRP53,TGFB1,1,dorothea,
TRP53,TRIAP1,1,dorothea,
TRP53,TSC2,1,dorothea,
TRP53,UBE2L3,1,dorothea,
TRP53,VCAN,1,dorothea,
TRP53,VEGFA,-1,dorothea,
TRP53,WRN,-1,dorothea,
TRP53,XPC,1,dorothea,
TRP53,ZMAT3,1,dorothea,
TWIST1,AKT2,1,dorothea,
TWIST1,FOS,1,dorothea,
TWIST1,GLI1,1,dorothea,
TWIST1,MDM2,1,dorothea,
TWIST1,MMP2,1,dorothea,
TWIST1,TIMP1,-1,dorothea,
TWIST1,VEGFA,1,dorothea,
USF1,ABCA1,1,dorothea,
USF1,APC,1,dorothea,
USF1,APEX1,1,dorothea,
USF1,B2M,1,dorothea,
USF1,BRCA2,1,dorothea,
USF1,CCNB1,1,dorothea,
USF1,CDK4,1,dorothea,
USF1,CEBPA,1,dorothea,
USF1,CTSB,1,dorothea,
USF1,CTSD,1,dorothea,
USF1,CXCR4,1,dorothea,
USF1,FBP1,1,dorothea,
USF1,HMOX1,1,dorothea,
USF1,ID4,1,dorothea,
USF1,ISG20,1,dorothea,
USF1,MYH9,1,dorothea,
USF1,NUP188,1,dorothea,
USF1,OGN,1,dorothea,
USF1,P4HA1,1,dorothea,
USF1,PKLR,1,dorothea,
USF1,PTPN6,1,dorothea,
USF1,S100A6,1,dorothea,
USF1,SERBP1,1,dorothea,
USF1,SF1,1,dorothea,
USF1,SLC19A1,1,dorothea,
USF1,SLC1A3,1,dorothea,
USF1,TCN2,1,dorothea,
USF1,TERT,1,dorothea,
USF1,TGFB1,1,dorothea,
USF1,TGFB2,1,dorothea,
USF1,TOP3A,1,dorothea,
USF1,TRIM25,1,dorothea,
USF1,TYMS,1,dorothea,
USF2,ABCA1,1,dorothea,
USF2,APC,1,dorothea,
USF2,ATP5A1,1,dorothea,
USF2,B2M,1,dorothea,
USF2,BRCA1,1,dorothea,
USF2,BRCA2,1,dorothea,
USF2,CTSB,1,dorothea,
USF2,CTSD,1,dorothea,
USF2,CXCR4,1,dorothea,
USF2,FBP1,1,dorothea,
USF2,IGF2R,1,dorothea,
USF2,MYH9,1,dorothea,
USF2,P4HA1,1,dorothea,
USF2,PKLR,1,dorothea,
USF2,PTPN6,1,dorothea,
USF2,SF1,1,dorothea,
USF2,SLC19A1,1,dorothea,
USF2,TCN2,1,dorothea,
USF2,TERT,1,dorothea,
USF2,TGFB1,1,dorothea,
USF2,TGFB2,1,dorothea,
USF2,THBS1,1,dorothea,
USF2,TOP3A,1,dorothea,
WT1,ABCB1A,1,dorothea,
WT1,ABCB1B,1,dorothea,
WT1,CCN2,1,dorothea,
WT1,CDH1,-1,dorothea,
WT1,CDKN1A,1,dorothea,
WT1,CIAO1,-1,dorothea,
WT1,EGFR,-1,dorothea,
WT1,ETS1,1,dorothea,
WT1,IGF1,-1,dorothea,
WT1,IGF1R,-1,dorothea,
WT1,MYC,-1,dorothea,
WT1,MYCN,-1,dorothea,
WT1,ODC1,1,dorothea,
WT1,PDGFA,-1,dorothea,
WT1,PODXL,1,dorothea,
WT1,SMAD3,1,dorothea,
WT1,TERT,-1,dorothea,
WT1,THBS1,1,dorothea,
WT1,UBE2I,-1,dorothea,
WT1,WTAP,1,dorothea,
XBP1,AMOTL1,1,dorothea,
XBP1,CACNB2,1,dorothea,
XBP1,CTNNA1,1,dorothea,
XBP1,DOCK1,1,dorothea,
XBP1,FANCC,1,dorothea,
XBP1,FRMD4B,1,dorothea,
XBP1,JCAD,1,dorothea,
XBP1,PRNP,1,dorothea,
XBP1,PRPF31,1,dorothea,
XBP1,RUNX1,1,dorothea,
XBP1,SND1,1,dorothea,
XBP1,ZZEF1,1,dorothea,
YY1,ACTR5,1,dorothea,
YY1,ADA,1,dorothea,
YY1,AFG1L,-1,dorothea,
YY1,APH1A,1,dorothea,
YY1,ATP13A1,-1,dorothea,
YY1,ATXN10,1,dorothea,
YY1,CCDC43,1,dorothea,
YY1,CDK5RAP2,1,dorothea,
YY1,COQ5,1,dorothea,
YY1,COQ9,1,dorothea,
YY1,CPSF2,1,dorothea,
YY1,CREBBP,-1,dorothea,
YY1,CTCF,1,dorothea,
YY1,CXCR4,-1,dorothea,
YY1,DEK,1,dorothea,
YY1,DLG1,1,dorothea,
YY1,DNAJA3,-1,dorothea,
YY1,DNAJB4,1,dorothea,
YY1,EGFR,1,dorothea,
YY1,EP300,1,dorothea,
YY1,EPAS1,-1,dorothea,
YY1,ERBB2,1,dorothea,
YY1,FDPS,-1,dorothea,
YY1,FGFR1OP,-1,dorothea,
YY1,HACD2,1,dorothea,
YY1,HCFC1,1,dorothea,
YY1,HNRNPL,-1,dorothea,
YY1,HSF1,1,dorothea,
YY1,IRAK1,-1,dorothea,
YY1,KAT6A,-1,dorothea,
YY1,LDLR,-1,dorothea,
YY1,LSS,1,dorothea,
YY1,MANF,1,dorothea,
YY1,MICU2,-1,dorothea,
YY1,MKLN1,-1,dorothea,
YY1,MRPL46,1,dorothea,
YY1,MRPS10,-1,dorothea,
YY1,MRPS18B,-1,dorothea,
YY1,MRPS24,1,dorothea,
YY1,MYC,1,dorothea,
YY1,NARS,1,dorothea,
YY1,NR3C1,1,dorothea,
YY1,PAK4,1,dorothea,
YY1,PBDC1,-1,dorothea,
YY1,PPP2R1A,-1,dorothea,
YY1,PRDM2,1,dorothea,
YY1,PSMD8,-1,dorothea,
YY1,PTPA,1,dorothea,
YY1,RAB3GAP1,1,dorothea,
YY1,RANBP10,-1,dorothea,
YY1,RAVER1,-1,dorothea,
YY1,RNF26,1,dorothea,
YY1,RNF40,1,dorothea,
YY1,RPRD2,-1,dorothea,
YY1,SNX27,-1,dorothea,
YY1,SPNS1,-1,dorothea,
YY1,SRP68,-1,dorothea,
YY1,TTC17,-1,dorothea,
YY1,WDR82,1,dorothea,
ZBTB11,ADAM17,1,dorothea,
ZBTB11,AP1AR,1,dorothea,
ZBTB11,AZIN1,1,dorothea,
ZBTB11,CEPT1,1,dorothea,
ZBTB11,CGGBP1,1,dorothea,
ZBTB11,ELK4,1,dorothea,
ZBTB11,ERBIN,1,dorothea,
ZBTB11,FBXO28,1,dorothea,
ZBTB11,GABPA,1,dorothea,
ZBTB11,GNA13,1,dorothea,
ZBTB11,GTF3C3,1,dorothea,
ZBTB11,KDM5A,1,dorothea,
ZBTB11,PPP1R15B,1,dorothea,
ZBTB11,RO60,1,dorothea,
ZBTB11,SEC22B,1,dorothea,
ZBTB11,UBE2D3,1,dorothea,
ZBTB11,UCHL5,1,dorothea,
ZBTB11,USPL1,1,dorothea,
ZBTB11,VCPIP1,1,dorothea,
ZBTB11,YY1,1,dorothea,
ZBTB11,ZFP131,1,dorothea,
ZBTB33,CUL3,1,dorothea,
ZBTB33,GTF2A1,1,dorothea,
ZBTB33,IREB2,1,dorothea,
ZBTB33,LSM14A,1,dorothea,
ZBTB33,NANP,1,dorothea,
ZBTB33,PURA,1,dorothea,
ZBTB33,RBM15,1,dorothea,
ZBTB33,RMI1,1,dorothea,
ZBTB33,SLC39A9,1,dorothea,
ZBTB33,UBE2D3,1,dorothea,
ZBTB33,YOD1,1,dorothea,
ZBTB33,ZZZ3,1,dorothea,
ZBTB7A,PFKP,-1,dorothea,
ZBTB7A,PNPLA6,-1,dorothea,
ZBTB7A,ABR,-1,dorothea,
ZBTB7A,ACAP3,-1,dorothea,
ZBTB7A,ACTB,-1,dorothea,
ZBTB7A,ADAM8,-1,dorothea,
ZBTB7A,AGRN,-1,dorothea,
ZBTB7A,AHDC1,-1,dorothea,
ZBTB7A,AKT1,-1,dorothea,
ZBTB7A,AP3D1,-1,dorothea,
ZBTB7A,ARHGAP23,-1,dorothea,
ZBTB7A,ARHGAP45,-1,dorothea,
ZBTB7A,ASPSCR1,-1,dorothea,
ZBTB7A,ATP2B2,-1,dorothea,
ZBTB7A,BCAR1,-1,dorothea,
ZBTB7A,BCL9L,-1,dorothea,
ZBTB7A,BCR,-1,dorothea,
ZBTB7A,BHLHE40,-1,dorothea,
ZBTB7A,C77080,-1,dorothea,
ZBTB7A,CDC42BPG,-1,dorothea,
ZBTB7A,CDC42EP4,-1,dorothea,
ZBTB7A,CIC,-1,dorothea,
ZBTB7A,COMT,-1,dorothea,
ZBTB7A,CUX1,-1,dorothea,
ZBTB7A,DAB2IP,-1,dorothea,
ZBTB7A,DNMT3A,-1,dorothea,
ZBTB7A,ECE1,-1,dorothea,
ZBTB7A,EFNA2,-1,dorothea,
ZBTB7A,EHD1,-1,dorothea,
ZBTB7A,EML2,-1,dorothea,
ZBTB7A,EPS8L2,-1,dorothea,
ZBTB7A,FAM129B,-1,dorothea,
ZBTB7A,FBXL16,-1,dorothea,
ZBTB7A,FMNL1,-1,dorothea,
ZBTB7A,GATAD2A,-1,dorothea,
ZBTB7A,HS6ST1,-1,dorothea,
ZBTB7A,IGF2BP1,-1,dorothea,
ZBTB7A,KAZN,-1,dorothea,
ZBTB7A,KHSRP,-1,dorothea,
ZBTB7A,KRT8,-1,dorothea,
ZBTB7A,LAMA5,-1,dorothea,
ZBTB7A,LMNA,-1,dorothea,
ZBTB7A,LTBP3,-1,dorothea,
ZBTB7A,MARK4,-1,dorothea,
ZBTB7A,METRNL,-1,dorothea,
ZBTB7A,MGRN1,-1,dorothea,
ZBTB7A,MKNK2,-1,dorothea,
ZBTB7A,MNT,-1,dorothea,
ZBTB7A,MSLN,-1,dorothea,
ZBTB7A,MXRA8,-1,dorothea,
ZBTB7A,NACC2,-1,dorothea,
ZBTB7A,NCOR2,-1,dorothea,
ZBTB7A,NDRG2,-1,dorothea,
ZBTB7A,NFIC,-1,dorothea,
ZBTB7A,NOTCH1,-1,dorothea,
ZBTB7A,NR2F6,-1,dorothea,
ZBTB7A,OBSL1,-1,dorothea,
ZBTB7A,PALM,-1,dorothea,
ZBTB7A,PCBP1,-1,dorothea,
ZBTB7A,PCDH1,-1,dorothea,
ZBTB7A,PIAS4,-1,dorothea,
ZBTB7A,PIEZO1,-1,dorothea,
ZBTB7A,PLEC,-1,dorothea,
ZBTB7A,PLXNB2,-1,dorothea,
ZBTB7A,PPP1R9B,-1,dorothea,
ZBTB7A,PTBP1,-1,dorothea,
ZBTB7A,PTCH1,-1,dorothea,
ZBTB7A,PWWP2B,-1,dorothea,
ZBTB7A,RAI1,-1,dorothea,
ZBTB7A,RNF220,-1,dorothea,
ZBTB7A,RXRA,-1,dorothea,
ZBTB7A,SIGIRR,-1,dorothea,
ZBTB7A,SKI,-1,dorothea,
ZBTB7A,SLC19A1,-1,dorothea,
ZBTB7A,SLC22A23,-1,dorothea,
ZBTB7A,SRC,-1,dorothea,
ZBTB7A,STAT6,-1,dorothea,
ZBTB7A,THRA,-1,dorothea,
ZBTB7A,TRIM8,-1,dorothea,
ZBTB7A,ZBTB7B,-1,dorothea,
ZBTB7A,ZFPM1,-1,dorothea,
ZEB1,GRHL2,-1,dorothea,
ZEB1,ITGB4,-1,dorothea,
ZEB1,LAMC2,-1,dorothea,
ZEB1,CSRP1,-1,dorothea,
ZEB1,FLNA,-1,dorothea,
ZEB1,ITGB1,-1,dorothea,
ZEB1,LAD1,-1,dorothea,
ZEB1,PHLDB1,-1,dorothea,
ZEB1,PXN,-1,dorothea,
ZEB1,SLC25A10,-1,dorothea,
ZEB1,TECR,-1,dorothea,
ZEB2,VIM,1,dorothea,
ZEB2,ACVR1,-1,dorothea,
ZEB2,ANXA4,-1,dorothea,
ZEB2,ARHGEF2,-1,dorothea,
ZEB2,ASAP1,-1,dorothea,
ZEB2,ATP2B4,-1,dorothea,
ZEB2,CREB3L2,-1,dorothea,
ZEB2,CREG1,-1,dorothea,
ZEB2,DENND1A,-1,dorothea,
ZEB2,DMXL2,-1,dorothea,
ZEB2,DOCK11,-1,dorothea,
ZEB2,EPB41L2,-1,dorothea,
ZEB2,FNDC3B,-1,dorothea,
ZEB2,FYN,-1,dorothea,
ZEB2,GTDC1,-1,dorothea,
ZEB2,HIP1,-1,dorothea,
ZEB2,ITPR1,-1,dorothea,
ZEB2,LHFPL2,-1,dorothea,
ZEB2,LIMS1,-1,dorothea,
ZEB2,LTBP1,-1,dorothea,
ZEB2,LTBP4,-1,dorothea,
ZEB2,MAP4,-1,dorothea,
ZEB2,MBNL1,-1,dorothea,
ZEB2,MEF2C,-1,dorothea,
ZEB2,NFIA,-1,dorothea,
ZEB2,NSMAF,-1,dorothea,
ZEB2,PICALM,-1,dorothea,
ZEB2,PIP4K2A,-1,dorothea,
ZEB2,PRKAR2B,-1,dorothea,
ZEB2,PRKCB,-1,dorothea,
ZEB2,QK,-1,dorothea,
ZEB2,RAB31,-1,dorothea,
ZEB2,RAB8B,-1,dorothea,
ZEB2,RELN,-1,dorothea,
ZEB2,SERTAD2,-1,dorothea,
ZEB2,SGMS1,-1,dorothea,
ZEB2,SOX6,-1,dorothea,
ZEB2,SPTBN1,-1,dorothea,
ZEB2,ST3GAL2,-1,dorothea,
ZEB2,SUSD1,-1,dorothea,
ZEB2,TBC1D5,-1,dorothea,
ZEB2,TBL1XR1,-1,dorothea,
ZEB2,TCF4,-1,dorothea,
ZEB2,UTRN,-1,dorothea,
ZFP110,CACNA1D,-1,dorothea,
ZFP110,SLC25A37,-1,dorothea,
ZFP110,TJP2,-1,dorothea,
ZFP110,TNFAIP8,-1,dorothea,
ZFP110,ZFP12,-1,dorothea,
ZFP110,ZFP263,-1,dorothea,
ZFP110,ZFP317,-1,dorothea,
ZFP110,ZFP397,-1,dorothea,
ZFP110,ZSCAN18,-1,dorothea,
ZFP143,ESCO2,1,dorothea,
ZFP143,CDYL,1,dorothea,
ZFP143,CEP162,1,dorothea,
ZFP143,DENND1A,1,dorothea,
ZFP143,DGKI,1,dorothea,
ZFP143,DIP2C,1,dorothea,
ZFP143,DLG4,1,dorothea,
ZFP143,DNAJB6,1,dorothea,
ZFP143,DOCK4,1,dorothea,
ZFP143,DPYSL5,1,dorothea,
ZFP143,ELMSAN1,1,dorothea,
ZFP143,FBXL19,1,dorothea,
ZFP143,FNDC3B,1,dorothea,
ZFP143,FRMD4A,1,dorothea,
ZFP143,FTO,1,dorothea,
ZFP143,GATAD2A,1,dorothea,
ZFP143,ITPR1,1,dorothea,
ZFP143,LMNA,1,dorothea,
ZFP143,MAP4K4,1,dorothea,
ZFP143,MED13L,1,dorothea,
ZFP143,MGRN1,1,dorothea,
ZFP143,MRPS22,1,dorothea,
ZFP143,MSI2,1,dorothea,
ZFP143,NCOA1,1,dorothea,
ZFP143,NUCB1,1,dorothea,
ZFP143,PARD3,1,dorothea,
ZFP143,PCBP1,1,dorothea,
ZFP143,PDE4A,1,dorothea,
ZFP143,PLEC,1,dorothea,
ZFP143,PNPLA6,1,dorothea,
ZFP143,PRDM11,1,dorothea,
ZFP143,PRKCE,1,dorothea,
ZFP143,PRKN,1,dorothea,
ZFP143,PRPF31,1,dorothea,
ZFP143,RABGAP1L,1,dorothea,
ZFP143,RPTOR,1,dorothea,
ZFP143,SLC38A1,1,dorothea,
ZFP143,SPTBN1,1,dorothea,
ZFP143,SYN3,1,dorothea,
ZFP143,TALDO1,1,dorothea,
ZFP143,TARBP1,1,dorothea,
ZFP143,TPD52L1,1,dorothea,
ZFP143,USP7,1,dorothea,
ZFP143,VASP,1,dorothea,
ZFP143,WWC1,1,dorothea,
ZFP143,ZMIZ1,1,dorothea,
ZFP217,ARID5B,1,dorothea,
ZFP217,CEMIP2,1,dorothea,
ZFP217,FMN1,1,dorothea,
ZFP217,FNDC3B,1,dorothea,
ZFP217,IQGAP1,1,dorothea,
ZFP217,OSBPL8,1,dorothea,
ZFP217,SERINC5,1,dorothea,
ZFP217,TET3,1,dorothea,
ZFP217,USP32,1,dorothea,
ZFP217,VAV3,1,dorothea,
ZFP24,ADCK1,-1,dorothea,
ZFP24,AKAP9,-1,dorothea,
ZFP24,CLEC16A,-1,dorothea,
ZFP24,CRTC1,-1,dorothea,
ZFP24,DNAJC6,-1,dorothea,
ZFP24,FCHO1,-1,dorothea,
ZFP24,NCS1,-1,dorothea,
ZFP24,OTUD3,-1,dorothea,
ZFP24,RB1CC1,-1,dorothea,
ZFP24,SGK1,-1,dorothea,
ZFP24,SNX8,-1,dorothea,
ZFP24,TBXAS1,-1,dorothea,
ZFP24,TRPV4,-1,dorothea,
ZFP24,USP31,-1,dorothea,
ZFP24,ZFP131,-1,dorothea,
ZFP263,6430548M08RIK,-1,dorothea,
ZFP263,ABCA7,-1,dorothea,
ZFP263,ABR,-1,dorothea,
ZFP263,ACOT7,-1,dorothea,
ZFP263,ACSF3,-1,dorothea,
ZFP263,ADCY3,-1,dorothea,
ZFP263,ADGRB1,-1,dorothea,
ZFP263,AGAP1,-1,dorothea,
ZFP263,AGAP3,-1,dorothea,
ZFP263,AGPAT2,-1,dorothea,
ZFP263,AGPAT3,-1,dorothea,
ZFP263,AGRN,-1,dorothea,
ZFP263,AHDC1,-1,dorothea,
ZFP263,AKT2,-1,dorothea,
ZFP263,ANK1,-1,dorothea,
ZFP263,ANKRD11,-1,dorothea,
ZFP263,AP2A2,-1,dorothea,
ZFP263,APBA2,-1,dorothea,
ZFP263,ARAP1,-1,dorothea,
ZFP263,ARHGAP22,-1,dorothea,
ZFP263,ARHGAP23,-1,dorothea,
ZFP263,ARHGEF1,-1,dorothea,
ZFP263,ARHGEF16,-1,dorothea,
ZFP263,ARHGEF17,-1,dorothea,
ZFP263,ARID1B,-1,dorothea,
ZFP263,ASAP1,-1,dorothea,
ZFP263,ASAP2,-1,dorothea,
ZFP263,ASS1,-1,dorothea,
ZFP263,ATP11A,-1,dorothea,
ZFP263,ATP2B2,-1,dorothea,
ZFP263,BAHCC1,-1,dorothea,
ZFP263,BAIAP2,-1,dorothea,
ZFP263,BCOR,-1,dorothea,
ZFP263,BCR,-1,dorothea,
ZFP263,BIN1,-1,dorothea,
ZFP263,C2CD2,-1,dorothea,
ZFP263,C77080,-1,dorothea,
ZFP263,CACNA1A,-1,dorothea,
ZFP263,CAMK2B,-1,dorothea,
ZFP263,CBX8,-1,dorothea,
ZFP263,CCNY,-1,dorothea,
ZFP263,CDC42EP4,-1,dorothea,
ZFP263,CDH23,-1,dorothea,
ZFP263,CFAP46,-1,dorothea,
ZFP263,CHD5,-1,dorothea,
ZFP263,CLIP2,-1,dorothea,
ZFP263,COL13A1,-1,dorothea,
ZFP263,COL16A1,-1,dorothea,
ZFP263,COL18A1,-1,dorothea,
ZFP263,COL26A1,-1,dorothea,
ZFP263,COL27A1,-1,dorothea,
ZFP263,CPNE5,-1,dorothea,
ZFP263,CRTC1,-1,dorothea,
ZFP263,CSNK1D,-1,dorothea,
ZFP263,CTNNA1,-1,dorothea,
ZFP263,CUX1,-1,dorothea,
ZFP263,CUX2,-1,dorothea,
ZFP263,CXXC5,-1,dorothea,
ZFP263,DCAKD,-1,dorothea,
ZFP263,DENND1A,-1,dorothea,
ZFP263,DGCR8,-1,dorothea,
ZFP263,DGKZ,-1,dorothea,
ZFP263,DIP2C,-1,dorothea,
ZFP263,DLG5,-1,dorothea,
ZFP263,DLGAP4,-1,dorothea,
ZFP263,DNAH17,-1,dorothea,
ZFP263,DNAJB12,-1,dorothea,
ZFP263,DNAJB6,-1,dorothea,
ZFP263,DNM1,-1,dorothea,
ZFP263,DYSF,-1,dorothea,
ZFP263,EHD1,-1,dorothea,
ZFP263,ELL,-1,dorothea,
ZFP263,EPB41L1,-1,dorothea,
ZFP263,EPHA2,-1,dorothea,
ZFP263,EPHB2,-1,dorothea,
ZFP263,EPHB4,-1,dorothea,
ZFP263,ERGIC1,-1,dorothea,
ZFP263,FADS2,-1,dorothea,
ZFP263,FAM102A,-1,dorothea,
ZFP263,FAM178B,-1,dorothea,
ZFP263,FAM78A,-1,dorothea,
ZFP263,FBLN2,-1,dorothea,
ZFP263,FBRS,-1,dorothea,
ZFP263,FBRSL1,-1,dorothea,
ZFP263,FGFR3,-1,dorothea,
ZFP263,FLNC,-1,dorothea,
ZFP263,GAK,-1,dorothea,
ZFP263,GLI2,-1,dorothea,
ZFP263,GNAO1,-1,dorothea,
ZFP263,GNAZ,-1,dorothea,
ZFP263,GRIN1,-1,dorothea,
ZFP263,GRIP2,-1,dorothea,
ZFP263,GSE1,-1,dorothea,
ZFP263,GSN,-1,dorothea,
ZFP263,HDAC4,-1,dorothea,
ZFP263,HDAC5,-1,dorothea,
ZFP263,HK1,-1,dorothea,
ZFP263,HPCAL1,-1,dorothea,
ZFP263,HSPG2,-1,dorothea,
ZFP263,IGF1R,-1,dorothea,
ZFP263,IGSF21,-1,dorothea,
ZFP263,IQSEC1,-1,dorothea,
ZFP263,IQSEC2,-1,dorothea,
ZFP263,ITPK1,-1,dorothea,
ZFP263,ITPKB,-1,dorothea,
ZFP263,ITPR1,-1,dorothea,
ZFP263,KCNAB2,-1,dorothea,
ZFP263,KCNH2,-1,dorothea,
ZFP263,KCNQ2,-1,dorothea,
ZFP263,KCP,-1,dorothea,
ZFP263,KDM2B,-1,dorothea,
ZFP263,KIF1A,-1,dorothea,
ZFP263,KSR1,-1,dorothea,
ZFP263,LAMA5,-1,dorothea,
ZFP263,LDLRAP1,-1,dorothea,
ZFP263,LGR6,-1,dorothea,
ZFP263,LHFPL2,-1,dorothea,
ZFP263,LMNA,-1,dorothea,
ZFP263,LPCAT1,-1,dorothea,
ZFP263,LTBP3,-1,dorothea,
ZFP263,LTBP4,-1,dorothea,
ZFP263,MACF1,-1,dorothea,
ZFP263,MAD1L1,-1,dorothea,
ZFP263,MAP2K2,-1,dorothea,
ZFP263,MCF2L,-1,dorothea,
ZFP263,MDGA1,-1,dorothea,
ZFP263,MED15,-1,dorothea,
ZFP263,MEGF11,-1,dorothea,
ZFP263,MEGF6,-1,dorothea,
ZFP263,MGAT3,-1,dorothea,
ZFP263,MICAL3,-1,dorothea,
ZFP263,MKNK2,-1,dorothea,
ZFP263,MLXIPL,-1,dorothea,
ZFP263,MSI2,-1,dorothea,
ZFP263,MTCL1,-1,dorothea,
ZFP263,MYO15B,-1,dorothea,
ZFP263,MYO18A,-1,dorothea,
ZFP263,MYO7A,-1,dorothea,
ZFP263,NACC2,-1,dorothea,
ZFP263,NADK,-1,dorothea,
ZFP263,NCOR2,-1,dorothea,
ZFP263,NCS1,-1,dorothea,
ZFP263,NDST1,-1,dorothea,
ZFP263,NEDD4L,-1,dorothea,
ZFP263,NFASC,-1,dorothea,
ZFP263,NFIC,-1,dorothea,
ZFP263,NFIX,-1,dorothea,
ZFP263,NOL4L,-1,dorothea,
ZFP263,NOTCH1,-1,dorothea,
ZFP263,NRXN2,-1,dorothea,
ZFP263,NTRK1,-1,dorothea,
ZFP263,NUP210,-1,dorothea,
ZFP263,OSBPL5,-1,dorothea,
ZFP263,PCBP3,-1,dorothea,
ZFP263,PCSK6,-1,dorothea,
ZFP263,PDXK,-1,dorothea,
ZFP263,PFKL,-1,dorothea,
ZFP263,PFKP,-1,dorothea,
ZFP263,PGBD5,-1,dorothea,
ZFP263,PI4KA,-1,dorothea,
ZFP263,PIEZO1,-1,dorothea,
ZFP263,PIP5K1C,-1,dorothea,
ZFP263,PITPNM2,-1,dorothea,
ZFP263,PLA2G6,-1,dorothea,
ZFP263,PLCG2,-1,dorothea,
ZFP263,PLEC,-1,dorothea,
ZFP263,PLEKHG5,-1,dorothea,
ZFP263,PLXNA2,-1,dorothea,
ZFP263,PLXND1,-1,dorothea,
ZFP263,PNPLA7,-1,dorothea,
ZFP263,POLE,-1,dorothea,
ZFP263,POR,-1,dorothea,
ZFP263,PPARGC1B,-1,dorothea,
ZFP263,PPIL2,-1,dorothea,
ZFP263,PPM1F,-1,dorothea,
ZFP263,PQLC2,-1,dorothea,
ZFP263,PRDM16,-1,dorothea,
ZFP263,PRKAG2,-1,dorothea,
ZFP263,PRKAR1B,-1,dorothea,
ZFP263,PRKCE,-1,dorothea,
ZFP263,PRKCZ,-1,dorothea,
ZFP263,PRR5,-1,dorothea,
ZFP263,PSD4,-1,dorothea,
ZFP263,PTK7,-1,dorothea,
ZFP263,PTPRF,-1,dorothea,
ZFP263,PTPRU,-1,dorothea,
ZFP263,PXN,-1,dorothea,
ZFP263,RAB11FIP3,-1,dorothea,
ZFP263,RADIL,-1,dorothea,
ZFP263,RALGDS,-1,dorothea,
ZFP263,RALGPS1,-1,dorothea,
ZFP263,RAP1GAP,-1,dorothea,
ZFP263,RBM19,-1,dorothea,
ZFP263,RET,-1,dorothea,
ZFP263,RGS12,-1,dorothea,
ZFP263,RGS3,-1,dorothea,
ZFP263,RNF220,-1,dorothea,
ZFP263,ROR2,-1,dorothea,
ZFP263,RPS6KA1,-1,dorothea,
ZFP263,RPS6KA2,-1,dorothea,
ZFP263,RPTOR,-1,dorothea,
ZFP263,RUNX1,-1,dorothea,
ZFP263,RXRA,-1,dorothea,
ZFP263,RYR1,-1,dorothea,
ZFP263,SBNO2,-1,dorothea,
ZFP263,SCARB1,-1,dorothea,
ZFP263,SDC3,-1,dorothea,
ZFP263,SDK2,-1,dorothea,
ZFP263,SEC14L1,-1,dorothea,
ZFP263,SH3TC1,-1,dorothea,
ZFP263,SKI,-1,dorothea,
ZFP263,SLC12A7,-1,dorothea,
ZFP263,SLC22A23,-1,dorothea,
ZFP263,SLC25A10,-1,dorothea,
ZFP263,SLC38A10,-1,dorothea,
ZFP263,SLC6A6,-1,dorothea,
ZFP263,SLC9A1,-1,dorothea,
ZFP263,SMAD3,-1,dorothea,
ZFP263,SMAD7,-1,dorothea,
ZFP263,SMARCD3,-1,dorothea,
ZFP263,SND1,-1,dorothea,
ZFP263,SOGA1,-1,dorothea,
ZFP263,SORCS2,-1,dorothea,
ZFP263,SPEG,-1,dorothea,
ZFP263,SPSB1,-1,dorothea,
ZFP263,SRC,-1,dorothea,
ZFP263,SSBP3,-1,dorothea,
ZFP263,STK32C,-1,dorothea,
ZFP263,STX1A,-1,dorothea,
ZFP263,SYNJ2,-1,dorothea,
ZFP263,TACC2,-1,dorothea,
ZFP263,TACC3,-1,dorothea,
ZFP263,TANGO2,-1,dorothea,
ZFP263,TBCD,-1,dorothea,
ZFP263,TCERG1L,-1,dorothea,
ZFP263,TCF3,-1,dorothea,
ZFP263,TFEB,-1,dorothea,
ZFP263,TLE3,-1,dorothea,
ZFP263,TMEM201,-1,dorothea,
ZFP263,TNS1,-1,dorothea,
ZFP263,TNS3,-1,dorothea,
ZFP263,TOP3B,-1,dorothea,
ZFP263,TRAPPC9,-1,dorothea,
ZFP263,TRIO,-1,dorothea,
ZFP263,TTC7,-1,dorothea,
ZFP263,TTYH3,-1,dorothea,
ZFP263,TXNRD2,-1,dorothea,
ZFP263,UBAC1,-1,dorothea,
ZFP263,VAV2,-1,dorothea,
ZFP263,WDR86,-1,dorothea,
ZFP263,WNK2,-1,dorothea,
ZFP263,WNT4,-1,dorothea,
ZFP263,XXYLT1,-1,dorothea,
ZFP263,YEATS2,-1,dorothea,
ZFP263,ZBTB7C,-1,dorothea,
ZFP263,ZC3H18,-1,dorothea,
ZFP263,ZFP608,-1,dorothea,
ZFP263,ZFYVE28,-1,dorothea,
ZFP263,ZMIZ1,-1,dorothea,
ZFP369,CACNA1D,-1,dorothea,
ZFP369,SLC25A37,-1,dorothea,
ZFP369,TJP2,-1,dorothea,
ZFP369,TNFAIP8,-1,dorothea,
ZFP369,ZFP12,-1,dorothea,
ZFP369,ZFP263,-1,dorothea,
ZFP369,ZFP317,-1,dorothea,
ZFP369,ZFP397,-1,dorothea,
ZFP369,ZSCAN18,-1,dorothea,
ZFP384,PANK2,1,dorothea,
ZFP384,ANKRD11,1,dorothea,
ZFP384,AP3D1,1,dorothea,
ZFP384,ARID1A,1,dorothea,
ZFP384,ATXN2,1,dorothea,
ZFP384,BRD4,1,dorothea,
ZFP384,CACNA1A,1,dorothea,
ZFP384,CDKAL1,1,dorothea,
ZFP384,CNOT1,1,dorothea,
ZFP384,CREBBP,1,dorothea,
ZFP384,CTSB,1,dorothea,
ZFP384,DENND5A,1,dorothea,
ZFP384,DYRK1A,1,dorothea,
ZFP384,EGLN3,1,dorothea,
ZFP384,EHBP1,1,dorothea,
ZFP384,EIF4G3,1,dorothea,
ZFP384,ELF1,1,dorothea,
ZFP384,ETFBKMT,1,dorothea,
ZFP384,FDFT1,1,dorothea,
ZFP384,FLNB,1,dorothea,
ZFP384,GON4L,1,dorothea,
ZFP384,GTF2I,1,dorothea,
ZFP384,H13,1,dorothea,
ZFP384,HERPUD1,1,dorothea,
ZFP384,IGF2BP3,1,dorothea,
ZFP384,IGF2R,1,dorothea,
ZFP384,JMJD1C,1,dorothea,
ZFP384,KANSL1,1,dorothea,
ZFP384,KDM4C,1,dorothea,
ZFP384,KEAP1,1,dorothea,
ZFP384,KPNA6,1,dorothea,
ZFP384,MAP4K4,1,dorothea,
ZFP384,MARF1,1,dorothea,
ZFP384,MED15,1,dorothea,
ZFP384,MEIS2,1,dorothea,
ZFP384,NDE1,1,dorothea,
ZFP384,NFAT5,1,dorothea,
ZFP384,NFIX,1,dorothea,
ZFP384,PHACTR4,1,dorothea,
ZFP384,PHF21A,1,dorothea,
ZFP384,PI4KA,1,dorothea,
ZFP384,PRPF31,1,dorothea,
ZFP384,PRRC2B,1,dorothea,
ZFP384,PTK2,1,dorothea,
ZFP384,RACGAP1,1,dorothea,
ZFP384,SAMD4,1,dorothea,
ZFP384,SMAD7,1,dorothea,
ZFP384,SORBS1,1,dorothea,
ZFP384,SOX6,1,dorothea,
ZFP384,SPEN,1,dorothea,
ZFP384,SRPK2,1,dorothea,
ZFP384,TAOK3,1,dorothea,
ZFP384,TBC1D14,1,dorothea,
ZFP384,TCF4,1,dorothea,
ZFP384,TGIF1,1,dorothea,
ZFP384,THRAP3,1,dorothea,
ZFP384,TLE2,1,dorothea,
ZFP384,TNRC18,1,dorothea,
ZFP384,TRAPPC9,1,dorothea,
ZFP384,USP34,1,dorothea,
ZFP384,USP7,1,dorothea,
ZFP384,VEGFA,1,dorothea,
ZFP384,ZMYND8,1,dorothea,
ZFP592,AHDC1,1,dorothea,
ZFP592,BCL9L,1,dorothea,
ZFP592,FBXL18,1,dorothea,
ZFP592,FTSJ3,1,dorothea,
ZFP592,LRRC41,1,dorothea,
ZFP592,PCIF1,1,dorothea,
ZFP592,PHF8,1,dorothea,
ZFP592,PREX1,1,dorothea,
ZFP592,PRPF8,1,dorothea,
ZFP592,SART3,1,dorothea,
ZFP592,STRIP1,1,dorothea,
ZFP592,VPS26C,1,dorothea,
ZFP592,WIPF2,1,dorothea,
ZFP592,ZFP646,1,dorothea,
ZFP639,AHCTF1,-1,dorothea,
ZFP639,CSDE1,-1,dorothea,
ZFP639,CTBS,-1,dorothea,
ZFP639,DNM1L,-1,dorothea,
ZFP639,HIPK3,-1,dorothea,
ZFP639,HMGB1,-1,dorothea,
ZFP639,MAPK9,-1,dorothea,
ZFP639,MEF2A,-1,dorothea,
ZFP639,MTDH,-1,dorothea,
ZFP639,PDS5B,-1,dorothea,
ZFP639,PHF10,-1,dorothea,
ZFP639,PPP2R5C,-1,dorothea,
ZFP639,PPP4R3A,-1,dorothea,
ZFP639,PTP4A2,-1,dorothea,
ZFP639,PTPN11,-1,dorothea,
ZFP639,RHEB,-1,dorothea,
ZFP639,RNF38,-1,dorothea,
ZFP639,RO60,-1,dorothea,
ZFP639,SAMD8,-1,dorothea,
ZFP639,SEC22C,-1,dorothea,
ZFP639,SIN3A,-1,dorothea,
ZFP639,SLC30A5,-1,dorothea,
ZFP639,UBE3A,-1,dorothea,
ZFP639,URI1,-1,dorothea,
ZFP639,ZC3H7A,-1,dorothea,
ZFP639,ZFP143,-1,dorothea,
ZFP639,ZZZ3,-1,dorothea,
ZFP740,MBD6,1,dorothea,
ZFP740,SETD1B,1,dorothea,
ZFP740,ADNP,1,dorothea,
ZFP740,ANKRD11,1,dorothea,
ZFP740,BRD2,1,dorothea,
ZFP740,CIRBP,1,dorothea,
ZFP740,CREBBP,1,dorothea,
ZFP740,CUX1,1,dorothea,
ZFP740,DNMT1,1,dorothea,
ZFP740,FBXL19,1,dorothea,
ZFP740,HMGA1,1,dorothea,
ZFP740,HMGA1B,1,dorothea,
ZFP740,HNRNPL,1,dorothea,
ZFP740,JUP,1,dorothea,
ZFP740,KDM2B,1,dorothea,
ZFP740,LARP1,1,dorothea,
ZFP740,MAP1A,1,dorothea,
ZFP740,MECP2,1,dorothea,
ZFP740,MEPCE,1,dorothea,
ZFP740,NFIA,1,dorothea,
ZFP740,NOL4L,1,dorothea,
ZFP740,PCBP4,1,dorothea,
ZFP740,PDGFA,1,dorothea,
ZFP740,PPFIA3,1,dorothea,
ZFP740,PPP2R1A,1,dorothea,
ZFP740,PRR12,1,dorothea,
ZFP740,RHOF,1,dorothea,
ZFP740,TAOK1,1,dorothea,
ZFP740,VAPB,1,dorothea,
ZFP740,WNK1,1,dorothea,
ZFP740,ZBTB7A,1,dorothea,
ZFP740,ZFP385A,1,dorothea,
ZFP740,ZFP512B,1,dorothea,
ZFP740,ZFP687,1,dorothea,
ZFP740,ZFP91,1,dorothea,
ZFX,ADD1,1,dorothea,
ZFX,ANP32B,1,dorothea,
ZFX,ARID1B,1,dorothea,
ZFX,ASH2L,1,dorothea,
ZFX,ATG16L2,1,dorothea,
ZFX,CARS2,1,dorothea,
ZFX,CDK13,1,dorothea,
ZFX,CELF1,1,dorothea,
ZFX,CGGBP1,1,dorothea,
ZFX,CREB1,1,dorothea,
ZFX,DDX6,1,dorothea,
ZFX,DERL2,1,dorothea,
ZFX,DGCR8,1,dorothea,
ZFX,ERBIN,1,dorothea,
ZFX,FBXL5,1,dorothea,
ZFX,FCHSD2,1,dorothea,
ZFX,GABPA,1,dorothea,
ZFX,HNRNPF,1,dorothea,
ZFX,IFRD1,1,dorothea,
ZFX,KLHL21,1,dorothea,
ZFX,MAN2A2,1,dorothea,
ZFX,MCM7,1,dorothea,
ZFX,MRPL36,1,dorothea,
ZFX,MSH6,1,dorothea,
ZFX,MYADM,1,dorothea,
ZFX,MYO1C,1,dorothea,
ZFX,NAA38,1,dorothea,
ZFX,NELFA,1,dorothea,
ZFX,NIPBL,1,dorothea,
ZFX,NSD2,1,dorothea,
ZFX,NUP210,1,dorothea,
ZFX,PCGF5,1,dorothea,
ZFX,PHF12,1,dorothea,
ZFX,POGK,1,dorothea,
ZFX,PUM2,1,dorothea,
ZFX,QRICH1,1,dorothea,
ZFX,RBM33,1,dorothea,
ZFX,RNF4,1,dorothea,
ZFX,RPL22,1,dorothea,
ZFX,SEC22C,1,dorothea,
ZFX,SETD5,1,dorothea,
ZFX,SMAD2,1,dorothea,
ZFX,SMCHD1,1,dorothea,
ZFX,TEAD3,1,dorothea,
ZFX,TENT4A,1,dorothea,
ZFX,UBE2D3,1,dorothea,
ZFX,UBXN2A,1,dorothea,
ZFX,USF2,1,dorothea,
ZFX,USP37,1,dorothea,
ZFX,ZBTB7A,1,dorothea,
ZFX,ZFP143,1,dorothea,
ZFX,ZFP398,1,dorothea,
ZFX,ZMYND8,1,dorothea,
ZKSCAN1,ABLIM2,1,dorothea,
ZKSCAN1,ACTB,1,dorothea,
ZKSCAN1,ARHGAP22,1,dorothea,
ZKSCAN1,ARHGEF19,1,dorothea,
ZKSCAN1,BAZ2A,1,dorothea,
ZKSCAN1,BICRA,1,dorothea,
ZKSCAN1,CAPZB,1,dorothea,
ZKSCAN1,CHD9,1,dorothea,
ZKSCAN1,CRB2,1,dorothea,
ZKSCAN1,CYTH1,1,dorothea,
ZKSCAN1,DAB2IP,1,dorothea,
ZKSCAN1,EGLN3,1,dorothea,
ZKSCAN1,ELAVL1,1,dorothea,
ZKSCAN1,EPHB4,1,dorothea,
ZKSCAN1,EPOP,1,dorothea,
ZKSCAN1,FAM49B,1,dorothea,
ZKSCAN1,GAS2L1,1,dorothea,
ZKSCAN1,HOOK2,1,dorothea,
ZKSCAN1,IQCG,1,dorothea,
ZKSCAN1,LTBP3,1,dorothea,
ZKSCAN1,MED15,1,dorothea,
ZKSCAN1,MSI2,1,dorothea,
ZKSCAN1,NFASC,1,dorothea,
ZKSCAN1,PIP5KL1,1,dorothea,
ZKSCAN1,PRR5,1,dorothea,
ZKSCAN1,PTPRF,1,dorothea,
ZKSCAN1,RAB11FIP5,1,dorothea,
ZKSCAN1,RAI1,1,dorothea,
ZKSCAN1,RALGDS,1,dorothea,
ZKSCAN1,RAPGEF3,1,dorothea,
ZKSCAN1,RHOD,1,dorothea,
ZKSCAN1,RIPOR1,1,dorothea,
ZKSCAN1,SMOX,1,dorothea,
ZKSCAN1,SPAG9,1,dorothea,
ZKSCAN1,TICAM1,1,dorothea,
ZKSCAN1,TTC7B,1,dorothea,
ZKSCAN1,UBE2L3,1,dorothea,
ZKSCAN1,WHRN,1,dorothea,
