source,target,sign,source_db,confidence
AATF,TPT1,1,gold_standard,
AATF,TRP53,1,gold_standard,
AHR,IL6,-1,gold_standard,
AHR,NQO1,1,gold_standard,
AHR,PLA2G4A,1,gold_standard,
AHR,PTGS2,1,gold_standard,
AHR,VAV3,1,gold_standard,
APC,SPP1,1,gold_standard,
APC,TCF4,1,gold_standard,
APC,TRP53,-1,gold_standard,
APEX1,NFKB1,1,gold_standard,
APEX1,PTGS2,1,gold_standard,
APEX1,RELA,1,gold_standard,
APEX1,TLR4,-1,gold_standard,
ARL6IP5,PARP1,-1,gold_standard,
ATF1,HSPA5,1,gold_standard,
ATF2,CEBPA,1,gold_standard,
ATF2,ENTPD1,1,gold_standard,
ATF2,FOS,1,gold_standard,
ATF2,IL23A,-1,gold_standard,
ATF2,PPARG,1,gold_standard,
ATF2,RELA,1,gold_standard,
ATF2,RHOB,1,gold_standard,
ATF3,ATF3,-1,gold_standard,
ATF3,IL12B,-1,gold_standard,
ATF3,IL6,-1,gold_standard,
ATF3,SORT1,-1,gold_standard,
ATF3,TNFRSF10B,1,gold_standard,
ATF4,CDKN1A,1,gold_standard,
ATF4,CDKN1B,1,gold_standard,
ATF4,HSPA5,1,gold_standard,
ATF4,IL6,1,gold_standard,
ATF4,SPHK2,1,gold_standard,
ATF6,HSPA5,1,gold_standard,
ATF6,WBP1,1,gold_standard,
ATM,CDKN1A,-1,gold_standard,
ATM,TRP53,1,gold_standard,
BACH1,HMOX1,-1,gold_standard,
BACH1,TRP53,-1,gold_standard,
BATF3,IRF8,1,gold_standard,
BCL3,NFKB1,-1,gold_standard,
BCL3,TNF,-1,gold_standard,
BCL3,TNFAIP3,1,gold_standard,
BCL6,BATF,-1,gold_standard,
BCL6,BCL6,-1,gold_standard,
BCL6,CDKN1A,-1,gold_standard,
BCL6,CDKN1B,-1,gold_standard,
BCL6,CSF1R,1,gold_standard,
BCL6,GADD45A,-1,gold_standard,
BCL6,PRDM1,-1,gold_standard,
BHLHE40,IL2RA,1,gold_standard,
BMI1,CDKN1A,-1,gold_standard,
BMI1,CDKN2D,-1,gold_standard,
BMI1,IKZF1,-1,gold_standard,
BMI1,NFKB1,1,gold_standard,
BTG2,CREB1,1,gold_standard,
CEBPA,CFLAR,1,gold_standard,
CEBPA,IL12B,1,gold_standard,
CEBPA,LPIN1,1,gold_standard,
CEBPA,NFKB1,1,gold_standard,
CEBPA,NOS2,1,gold_standard,
CEBPA,PTGS2,1,gold_standard,
CEBPB,CEBPA,1,gold_standard,
CEBPB,CSF1R,-1,gold_standard,
CEBPB,FOS,1,gold_standard,
CEBPB,H2-K1,1,gold_standard,
CEBPB,IL1B,1,gold_standard,
CEBPB,PPARG,1,gold_standard,
CEBPB,PTGS2,1,gold_standard,
CEBPB,RUNX2,-1,gold_standard,
CEBPG,CEBPA,-1,gold_standard,
CEBPG,CEBPB,-1,gold_standard,
CHD4,ID2,-1,gold_standard,
CHD4,JUN,-1,gold_standard,
CHD7,JAG1,1,gold_standard,
CHD8,STAT3,-1,gold_standard,
CHD8,TCF4,-1,gold_standard,
CIITA,NFATC1,1,gold_standard,
CITED2,CEBPA,1,gold_standard,
CITED2,LDHB,1,gold_standard,
CITED2,PPARG,1,gold_standard,
CLOCK,BHLHE40,1,gold_standard,
CLOCK,NAMPT,1,gold_standard,
CLOCK,PER1,1,gold_standard,
CNOT7,TOB1,1,gold_standard,
CREB1,ENTPD1,1,gold_standard,
CREB1,ETV3,1,gold_standard,
CREB1,FOS,1,gold_standard,
CREB1,HSPA5,1,gold_standard,
CREB1,MIF,1,gold_standard,
CREB1,MITF,1,gold_standard,
CREB1,PTGS2,1,gold_standard,
CREB1,SLC20A1,1,gold_standard,
CREB3,HERPUD1,1,gold_standard,
CREBBP,BIRC5,1,gold_standard,
CREBBP,CREBBP,-1,gold_standard,
CREBBP,FOS,1,gold_standard,
CREBBP,FTH1,-1,gold_standard,
CREBBP,HMOX1,1,gold_standard,
CREBBP,MT1,1,gold_standard,
CREBBP,NFKB1,1,gold_standard,
CREBBP,SETDB1,-1,gold_standard,
CREBBP,TNF,1,gold_standard,
CREBBP,TRP53,1,gold_standard,
CSF1,CD36,1,gold_standard,
CTNNB1,BCL2L1,1,gold_standard,
CTNNB1,BIRC5,1,gold_standard,
CTNNB1,CCNE1,1,gold_standard,
CTNNB1,GLUL,1,gold_standard,
CTNNB1,PML,1,gold_standard,
CTNNB1,PTGS2,1,gold_standard,
CTNNB1,RUNX2,1,gold_standard,
CTNNB1,SLC2A1,1,gold_standard,
CTNNB1,TCF4,1,gold_standard,
CTNNB1,VEGFA,1,gold_standard,
CUX1,CDKN1A,-1,gold_standard,
CUX1,CDKN1B,-1,gold_standard,
CUX1,DCTN6,-1,gold_standard,
CUX1,RUNX2,-1,gold_standard,
DAB2,AXIN1,-1,gold_standard,
DAXX,TRP53,-1,gold_standard,
DDX54,MBP,1,gold_standard,
DDX58,IFNB1,1,gold_standard,
DMTF1,EGR1,-1,gold_standard,
DMTF1,JUNB,-1,gold_standard,
DNMT3A,MDM2,1,gold_standard,
DNMT3A,RB1,-1,gold_standard,
E2F4,MAP1LC3B,1,gold_standard,
E2F4,RAD51,-1,gold_standard,
E2F4,RB1,-1,gold_standard,
EGR1,BNIP3,-1,gold_standard,
EGR1,CCL2,1,gold_standard,
EGR1,CREBBP,1,gold_standard,
EGR1,CXCL2,1,gold_standard,
EGR1,GGPS1,1,gold_standard,
EGR1,ID3,1,gold_standard,
EGR1,IL1B,1,gold_standard,
EGR1,JUND,1,gold_standard,
EGR1,MAP1LC3B,1,gold_standard,
EGR1,MAPK14,1,gold_standard,
EGR1,MET,-1,gold_standard,
EGR1,MMP14,1,gold_standard,
EGR1,NR4A1,1,gold_standard,
EGR1,PTEN,1,gold_standard,
EGR1,STIM1,1,gold_standard,
EGR1,THBS1,1,gold_standard,
EGR1,TK1,1,gold_standard,
EGR1,TNF,1,gold_standard,
EGR1,TRP53,1,gold_standard,
EGR2,CBL,1,gold_standard,
EGR2,CEBPB,1,gold_standard,
EGR2,ID2,1,gold_standard,
EGR2,NAB1,1,gold_standard,
EHMT2,PPARG,-1,gold_standard,
EIF2AK2,STAT1,-1,gold_standard,
ELF1,CSF1R,1,gold_standard,
ELF1,FCER1G,-1,gold_standard,
ELF1,FLI1,1,gold_standard,
ELF1,TOLLIP,-1,gold_standard,
ELF4,TRP53,-1,gold_standard,
ELK3,NOS2,-1,gold_standard,
ELK3,PCYT1A,-1,gold_standard,
EP300,CDKN1A,1,gold_standard,
EP300,DNMT1,1,gold_standard,
EP300,FOS,1,gold_standard,
EP300,HMOX1,1,gold_standard,
EP300,MT1,1,gold_standard,
EP300,PPARG,1,gold_standard,
EP300,PTGS2,1,gold_standard,
EP300,SPP1,1,gold_standard,
EP300,STAT5A,1,gold_standard,
EP300,TNFSF10,1,gold_standard,
ETS2,BCL2L1,1,gold_standard,
ETS2,CSF1R,1,gold_standard,
ETS2,FLI1,1,gold_standard,
ETS2,HMOX1,1,gold_standard,
ETS2,HMOX2,1,gold_standard,
ETS2,MDM2,1,gold_standard,
ETS2,NOS2,1,gold_standard,
ETS2,PCYT1A,1,gold_standard,
ETS2,TLR13,1,gold_standard,
ETV6,FLI1,-1,gold_standard,
EWSR1,UPP1,1,gold_standard,
EZH1,TOLLIP,-1,gold_standard,
EZH2,BAD,-1,gold_standard,
FLI1,CCL2,1,gold_standard,
FLI1,EZH2,1,gold_standard,
FLI1,FLI1,1,gold_standard,
FLI1,INPP5D,-1,gold_standard,
FLI1,RB1,-1,gold_standard,
FLI1,UPP1,1,gold_standard,
FMR1,RAC1,-1,gold_standard,
FOS,FOS,-1,gold_standard,
FOS,IL27,1,gold_standard,
FOS,NFE2L2,-1,gold_standard,
FOS,NOS2,1,gold_standard,
FOS,NR3C1,1,gold_standard,
FOS,SRXN1,1,gold_standard,
FOSB,FOS,-1,gold_standard,
FOSL2,RELB,1,gold_standard,
FOXO1,ADIPOR1,1,gold_standard,
FOXO1,AKT1,1,gold_standard,
FOXO1,BAX,-1,gold_standard,
FOXO1,CASP8,1,gold_standard,
FOXO1,CCL2,1,gold_standard,
FOXO1,CCND2,-1,gold_standard,
FOXO1,CCNG2,1,gold_standard,
FOXO1,CDKN1A,1,gold_standard,
FOXO1,CDKN1B,1,gold_standard,
FOXO1,EGR1,-1,gold_standard,
FOXO1,IKZF1,1,gold_standard,
FOXO1,IL7R,1,gold_standard,
FOXO1,LPL,1,gold_standard,
FOXO1,PIK3R1,1,gold_standard,
FOXO1,PPARG,-1,gold_standard,
FOXO1,SREBF1,-1,gold_standard,
FUS,MDM2,-1,gold_standard,
GABPA,IL7R,1,gold_standard,
GTF2I,FOS,1,gold_standard,
GTF2I,TGFBR2,-1,gold_standard,
HDAC1,FAS,-1,gold_standard,
HDAC1,NFKBIA,-1,gold_standard,
HDAC1,PPP2CA,1,gold_standard,
HDAC1,SPP1,1,gold_standard,
HDAC2,CCNE1,-1,gold_standard,
HDAC2,NFKBIA,-1,gold_standard,
HDAC3,JUN,-1,gold_standard,
HDAC3,NFKBIA,-1,gold_standard,
HDAC4,RUNX2,-1,gold_standard,
HDGF,VEGFA,1,gold_standard,
HDGF,VEGFB,1,gold_standard,
HIF1A,BACE1,1,gold_standard,
HIF1A,BSG,1,gold_standard,
HIF1A,CITED2,1,gold_standard,
HIF1A,CREBBP,1,gold_standard,
HIF1A,MT1,1,gold_standard,
HIF1A,PFKFB3,1,gold_standard,
HIF1A,VEGFA,1,gold_standard,
HMGB2,RUNX2,-1,gold_standard,
HTATIP2,IGF1,-1,gold_standard,
ID2,RUNX2,-1,gold_standard,
ID2,TPT1,-1,gold_standard,
ID3,NOTCH1,-1,gold_standard,
ID3,RUNX2,-1,gold_standard,
ID3,SMARCC1,-1,gold_standard,
ID3,VCAM1,-1,gold_standard,
IFIH1,IFNB1,1,gold_standard,
IKBKB,CXCL10,1,gold_standard,
IKBKB,CXCL2,1,gold_standard,
IKBKB,CXCL9,1,gold_standard,
IKBKB,CXCR4,1,gold_standard,
IKBKB,NFKB1,1,gold_standard,
IKBKB,NFKBIA,-1,gold_standard,
IKBKB,PTGS2,1,gold_standard,
IKBKB,RPS6KB1,1,gold_standard,
IKBKB,TNF,1,gold_standard,
IKZF1,NOS2,-1,gold_standard,
ILF3,CCNE1,1,gold_standard,
ING4,TRP53,1,gold_standard,
IRF1,CCL5,1,gold_standard,
IRF1,CFB,1,gold_standard,
IRF1,CIITA,1,gold_standard,
IRF1,CXCL10,1,gold_standard,
IRF1,GBP2,1,gold_standard,
IRF1,IL12B,1,gold_standard,
IRF1,IL27,1,gold_standard,
IRF1,MAPK14,1,gold_standard,
IRF1,MYD88,1,gold_standard,
IRF1,NOS2,1,gold_standard,
IRF1,SOCS1,1,gold_standard,
IRF1,TAP2,1,gold_standard,
IRF1,TNF,1,gold_standard,
IRF3,IFNB1,1,gold_standard,
IRF3,PVR,1,gold_standard,
IRF3,SOCS2,1,gold_standard,
IRF3,USP18,1,gold_standard,
IRF4,CXCL9,1,gold_standard,
IRF4,IL1B,1,gold_standard,
IRF4,PRDM1,1,gold_standard,
IRF4,RUNX3,-1,gold_standard,
IRF4,ZBTB20,1,gold_standard,
IRF5,PRDM1,1,gold_standard,
IRF8,CCL5,1,gold_standard,
IRF8,DAB2,-1,gold_standard,
IRF8,IL12B,1,gold_standard,
IRF8,IL1B,1,gold_standard,
IRF8,IL27,1,gold_standard,
IRF8,JAK1,1,gold_standard,
IRF8,NF1,1,gold_standard,
IRF8,NOS2,1,gold_standard,
IRF8,SLC11A1,-1,gold_standard,
IRF9,IRF7,1,gold_standard,
JARID2,NOTCH1,-1,gold_standard,
JUN,B4GALNT1,1,gold_standard,
JUN,BCL3,1,gold_standard,
JUN,CAT,1,gold_standard,
JUN,CCND2,1,gold_standard,
JUN,CSF1R,1,gold_standard,
JUN,CTSK,1,gold_standard,
JUN,CXCL2,1,gold_standard,
JUN,FOS,-1,gold_standard,
JUN,GCLC,1,gold_standard,
JUN,SLC2A1,1,gold_standard,
JUN,HMOX1,1,gold_standard,
JUN,IL12B,1,gold_standard,
JUN,IL27,1,gold_standard,
JUN,IL6,1,gold_standard,
JUN,ITGA5,1,gold_standard,
JUN,JUN,1,gold_standard,
JUN,MAF,1,gold_standard,
JUN,MET,1,gold_standard,
JUN,NFE2L2,-1,gold_standard,
JUN,NFKB1,1,gold_standard,
JUN,NOS2,1,gold_standard,
JUN,NR3C1,1,gold_standard,
JUN,ODC1,1,gold_standard,
JUN,PTGS2,1,gold_standard,
JUN,RAB18,1,gold_standard,
JUN,RELB,1,gold_standard,
JUN,SPP1,1,gold_standard,
JUN,SRXN1,1,gold_standard,
JUN,TBP,1,gold_standard,
JUN,TRP53,-1,gold_standard,
JUNB,CTSK,1,gold_standard,
JUNB,PLAU,-1,gold_standard,
KAT5,TPT1,-1,gold_standard,
KAT5,TRP53,1,gold_standard,
KEAP1,NFE2L2,-1,gold_standard,
KHDRBS1,ECE1,-1,gold_standard,
KLF2,PPARG,-1,gold_standard,
KLF4,CCND2,1,gold_standard,
KLF4,CEBPB,1,gold_standard,
KLF4,RLIM,1,gold_standard,
KLF4,TSIX,1,gold_standard,
KLF6,CDKN1A,1,gold_standard,
KLF6,PTTG1,-1,gold_standard,
KPNA2,KLF2,1,gold_standard,
KPNA2,KLF4,1,gold_standard,
LDB1,RUNX1,1,gold_standard,
LMO2,RUNX1,1,gold_standard,
MAF,CCND2,1,gold_standard,
MAF,MAF,1,gold_standard,
MAFG,NQO1,1,gold_standard,
MAFK,HMOX1,1,gold_standard,
MAFK,NQO1,1,gold_standard,
MAP3K7,NFKB1,1,gold_standard,
MAX,CAD,1,gold_standard,
MAX,CCNB1,-1,gold_standard,
MBD3,CDK2,-1,gold_standard,
MCM6,CD40,1,gold_standard,
MDM2,TRP53,-1,gold_standard,
MDM4,TRP53,-1,gold_standard,
MED1,PPARG,1,gold_standard,
MED23,CD52,1,gold_standard,
MED23,EGR1,1,gold_standard,
MED23,EGR2,1,gold_standard,
MEF2A,NRF1,1,gold_standard,
MEN1,JUND,-1,gold_standard,
MITF,ACP5,1,gold_standard,
MITF,CD40,1,gold_standard,
MITF,CDKN1A,1,gold_standard,
MITF,CLCN7,1,gold_standard,
MITF,FOS,1,gold_standard,
MITF,IRF4,-1,gold_standard,
MITF,ITGA4,1,gold_standard,
MITF,OSTM1,1,gold_standard,
MITF,PIK3R1,1,gold_standard,
MITF,SDC1,-1,gold_standard,
MKL1,ID3,1,gold_standard,
MTA1,CDKN1A,1,gold_standard,
MTA1,CLOCK,1,gold_standard,
MTA1,PTEN,-1,gold_standard,
MTA1,TIMP2,-1,gold_standard,
MTF1,EP300,1,gold_standard,
MTF1,MT1,1,gold_standard,
MTF1,SLC39A10,-1,gold_standard,
NAB1,EGR1,-1,gold_standard,
NAB1,EGR2,-1,gold_standard,
NCOA1,CDKN1A,1,gold_standard,
NCOA1,ITGA5,1,gold_standard,
NCOA1,NFKBIA,1,gold_standard,
NCOA2,NFKBIA,1,gold_standard,
NCOA3,KLF4,1,gold_standard,
NCOA3,NFKBIA,1,gold_standard,
NCOA3,PPARG,1,gold_standard,
NCOA6,FOS,1,gold_standard,
NCOR1,NFKBIA,-1,gold_standard,
NCOR2,NFKBIA,-1,gold_standard,
NF1,MT1,1,gold_standard,
NFAT5,AKR1B3,1,gold_standard,
NFAT5,BAX,1,gold_standard,
NFATC1,PAG1,-1,gold_standard,
NFE2L2,CD36,1,gold_standard,
NFE2L2,CEBPB,1,gold_standard,
NFE2L2,COX17,1,gold_standard,
NFE2L2,FAS,1,gold_standard,
NFE2L2,FOS,-1,gold_standard,
NFE2L2,GCLC,1,gold_standard,
NFE2L2,HMOX1,1,gold_standard,
NFE2L2,KEAP1,1,gold_standard,
NFE2L2,MDM2,1,gold_standard,
NFE2L2,MT1,1,gold_standard,
NFE2L2,NFATC1,-1,gold_standard,
NFE2L2,NFKB1,-1,gold_standard,
NFE2L2,NQO1,1,gold_standard,
NFE2L2,PPARG,1,gold_standard,
NFE2L2,PRDX1,1,gold_standard,
NFE2L2,RUNX2,-1,gold_standard,
NFE2L2,SCARB1,1,gold_standard,
NFE2L2,SLC7A11,1,gold_standard,
NFE2L2,SQSTM1,1,gold_standard,
NFE2L2,SRXN1,1,gold_standard,
NFE2L2,TXNIP,-1,gold_standard,
NFE2L2,TXNRD1,1,gold_standard,
NFIL3,ID2,1,gold_standard,
NFIL3,PTGS2,1,gold_standard,
NFKB1,BCL2A1D,1,gold_standard,
NFKB1,BCL2L1,1,gold_standard,
NFKB1,BIN1,1,gold_standard,
NFKB1,BIRC3,1,gold_standard,
NFKB1,XIAP,1,gold_standard,
NFKB1,BTK,1,gold_standard,
NFKB1,CCL2,1,gold_standard,
NFKB1,CCL22,-1,gold_standard,
NFKB1,CCL5,1,gold_standard,
NFKB1,CD40,1,gold_standard,
NFKB1,CD80,1,gold_standard,
NFKB1,CD86,1,gold_standard,
NFKB1,CDK4,1,gold_standard,
NFKB1,CEBPB,1,gold_standard,
NFKB1,CFB,1,gold_standard,
NFKB1,CFLAR,1,gold_standard,
NFKB1,CSF1,1,gold_standard,
NFKB1,CXCL1,1,gold_standard,
NFKB1,CXCL2,1,gold_standard,
NFKB1,DUSP1,1,gold_standard,
NFKB1,EGR2,1,gold_standard,
NFKB1,FAS,1,gold_standard,
NFKB1,FOS,1,gold_standard,
NFKB1,FTH1,1,gold_standard,
NFKB1,GADD45B,1,gold_standard,
NFKB1,GCLM,-1,gold_standard,
NFKB1,IFNB1,1,gold_standard,
NFKB1,IKBKB,1,gold_standard,
NFKB1,IL12B,1,gold_standard,
NFKB1,IL1A,1,gold_standard,
NFKB1,IL1B,1,gold_standard,
NFKB1,IL23A,-1,gold_standard,
NFKB1,IL2RA,1,gold_standard,
NFKB1,IL6,1,gold_standard,
NFKB1,ITGAM,1,gold_standard,
NFKB1,LTC4S,-1,gold_standard,
NFKB1,MAPK14,1,gold_standard,
NFKB1,MMP14,1,gold_standard,
NFKB1,NFKB1,1,gold_standard,
NFKB1,NFKBIA,1,gold_standard,
NFKB1,NFKBIZ,1,gold_standard,
NFKB1,NOS2,1,gold_standard,
NFKB1,NQO1,-1,gold_standard,
NFKB1,PER1,-1,gold_standard,
NFKB1,PMAIP1,1,gold_standard,
NFKB1,PTEN,-1,gold_standard,
NFKB1,PTGS2,1,gold_standard,
NFKB1,REL,1,gold_standard,
NFKB1,RELB,1,gold_standard,
NFKB1,RIPK2,1,gold_standard,
NFKB1,SLC2A1,1,gold_standard,
NFKB1,SOD2,1,gold_standard,
NFKB1,STK39,1,gold_standard,
NFKB1,TAPBP,1,gold_standard,
NFKB1,TEC,1,gold_standard,
NFKB1,TLR2,1,gold_standard,
NFKB1,TLR4,1,gold_standard,
NFKB1,TNF,1,gold_standard,
NFKB1,TNFAIP3,1,gold_standard,
NFKB1,UPP1,1,gold_standard,
NFKB1,VCAM1,1,gold_standard,
NFKB1,TRP53,-1,gold_standard,
NFKB2,HIF1A,-1,gold_standard,
NFKB2,IL23A,-1,gold_standard,
NFKB2,RELB,-1,gold_standard,
NFKB2,SND1,1,gold_standard,
NFKBIA,NFKB1,-1,gold_standard,
NFKBIZ,NFKB1,-1,gold_standard,
NFYA,CCND2,1,gold_standard,
NFYA,CDK1,1,gold_standard,
NFYA,HSPA5,1,gold_standard,
NFYA,MAPK1,1,gold_standard,
NFYA,TRP53,1,gold_standard,
NFYB,CCND2,1,gold_standard,
NFYC,CCND2,1,gold_standard,
NOTCH1,CASP3,1,gold_standard,
NOTCH1,CCNE1,1,gold_standard,
NOTCH1,CDKN1A,1,gold_standard,
NOTCH1,CTNNB1,-1,gold_standard,
NOTCH1,NFKB1,1,gold_standard,
NOTCH1,RBPJ,1,gold_standard,
NOTCH1,RUNX2,-1,gold_standard,
NOTCH1,SMARCC1,1,gold_standard,
NR1H2,ARG2,1,gold_standard,
NR1H2,NOS2,-1,gold_standard,
NR2C2,IKBKB,1,gold_standard,
NR2C2,JUNB,1,gold_standard,
NR2C2,NFKB1,1,gold_standard,
NR3C1,CCND3,-1,gold_standard,
NR3C1,CDK4,-1,gold_standard,
NR3C1,NFKBIA,1,gold_standard,
NR3C1,PDHX,-1,gold_standard,
NR3C1,PTX3,1,gold_standard,
NR3C1,RUNX2,-1,gold_standard,
NR4A2,GCH1,1,gold_standard,
NR4A2,SPP1,1,gold_standard,
NRF1,ATP1A1,-1,gold_standard,
NRF1,CD47,1,gold_standard,
NRF1,COX17,1,gold_standard,
NRF1,COX4I1,1,gold_standard,
NRF1,FCGR3,1,gold_standard,
NRF1,FMR1,1,gold_standard,
NRF1,HMOX1,1,gold_standard,
NRF1,IDE,1,gold_standard,
NRF1,IL1RN,1,gold_standard,
NRF1,MT1,1,gold_standard,
NRF1,SIRT6,1,gold_standard,
NRF1,TFAM,1,gold_standard,
NUPR1,HMOX1,-1,gold_standard,
PARP1,FN1,1,gold_standard,
PARP1,NFKB1,-1,gold_standard,
PARP1,NOS2,1,gold_standard,
PER1,CLOCK,1,gold_standard,
PIAS2,NR3C1,1,gold_standard,
PKNOX1,PTPN6,1,gold_standard,
PPARG,CAV1,1,gold_standard,
PPARG,COPS5,-1,gold_standard,
PPARG,CSF1,-1,gold_standard,
PPARG,EGR1,-1,gold_standard,
PPARG,FABP4,1,gold_standard,
PPARG,HMOX1,1,gold_standard,
PPARG,MAF,-1,gold_standard,
PPARG,PLIN2,1,gold_standard,
PPARG,PTGS2,-1,gold_standard,
PPARG,TMEM159,1,gold_standard,
PPARG,TRP53,1,gold_standard,
PPARG,UCP2,1,gold_standard,
PRDM1,BCL6,-1,gold_standard,
PRDM1,ID3,-1,gold_standard,
PRDM1,IFNB1,-1,gold_standard,
PRDM1,MAP3K5,-1,gold_standard,
PTTG1,PTTG1IP,1,gold_standard,
RAF1,MAPK1,1,gold_standard,
RB1,CDKN1A,1,gold_standard,
RB1,DNMT1,-1,gold_standard,
RB1,SP1,1,gold_standard,
RBL2,PCNA,-1,gold_standard,
RBL2,RAD51,-1,gold_standard,
RBPJ,FOS,-1,gold_standard,
RBPJ,NFATC1,-1,gold_standard,
RBPJ,PLCG2,-1,gold_standard,
RBPJ,PRDM1,-1,gold_standard,
RBPJ,RLIM,1,gold_standard,
RBPJ,TYROBP,1,gold_standard,
REL,BCL2A1D,1,gold_standard,
REL,BIRC3,1,gold_standard,
REL,CCL5,1,gold_standard,
REL,EZH2,1,gold_standard,
REL,IL12B,1,gold_standard,
REL,IL1B,1,gold_standard,
REL,IL23A,1,gold_standard,
REL,NOS2,1,gold_standard,
REL,RC3H1,1,gold_standard,
REL,SOD2,1,gold_standard,
REL,TNF,1,gold_standard,
REL,TNFAIP3,1,gold_standard,
RELA,AKT1,1,gold_standard,
RELA,BCL2A1D,1,gold_standard,
RELA,BCL2L1,1,gold_standard,
RELA,BIRC3,1,gold_standard,
RELA,XIAP,-1,gold_standard,
RELA,CCL2,1,gold_standard,
RELA,CD40,1,gold_standard,
RELA,CD80,1,gold_standard,
RELA,CD86,1,gold_standard,
RELA,CDK9,1,gold_standard,
RELA,CDKN1B,-1,gold_standard,
RELA,CFLAR,1,gold_standard,
RELA,CSF1,1,gold_standard,
RELA,CXCL10,1,gold_standard,
RELA,FAS,1,gold_standard,
RELA,FN1,1,gold_standard,
RELA,FTH1,1,gold_standard,
RELA,IFNB1,-1,gold_standard,
RELA,IL12B,1,gold_standard,
RELA,IL23A,1,gold_standard,
RELA,IL6,1,gold_standard,
RELA,ITCH,1,gold_standard,
RELA,LTC4S,-1,gold_standard,
RELA,MET,1,gold_standard,
RELA,MMP14,1,gold_standard,
RELA,NFKB1,1,gold_standard,
RELA,NOS2,1,gold_standard,
RELA,PTEN,-1,gold_standard,
RELA,PTGS2,1,gold_standard,
RELA,RIPK2,1,gold_standard,
RELA,SOD2,1,gold_standard,
RELA,STK39,1,gold_standard,
RELA,TEC,1,gold_standard,
RELA,TNF,1,gold_standard,
RELA,TNFAIP3,1,gold_standard,
RELA,UPP1,1,gold_standard,
REST,KCNN4,-1,gold_standard,
RUNX1,CD40,-1,gold_standard,
RUNX1,CSF1R,1,gold_standard,
RUNX2,BAX,1,gold_standard,
RUNX2,DDX5,-1,gold_standard,
RUNX2,LGALS3,1,gold_standard,
RUNX2,PPARG,-1,gold_standard,
RUNX2,PTTG1IP,1,gold_standard,
RUNX2,SMURF1,1,gold_standard,
RUNX2,SPP1,1,gold_standard,
RUNX3,CCR7,-1,gold_standard,
SERTAD1,TFDP1,1,gold_standard,
SIN3A,REST,-1,gold_standard,
SIN3A,SP3,1,gold_standard,
SIN3B,BMI1,-1,gold_standard,
SIRT1,BCLAF1,-1,gold_standard,
SIRT1,IL6,-1,gold_standard,
SIRT1,PARP1,-1,gold_standard,
SIRT1,PPARG,-1,gold_standard,
SIRT1,RELA,-1,gold_standard,
SIRT1,RICTOR,1,gold_standard,
SIRT1,SIRT6,1,gold_standard,
SIRT1,SREBF1,1,gold_standard,
SIRT1,TIMP1,1,gold_standard,
SIRT1,TRP53,1,gold_standard,
SIRT1,UCP2,-1,gold_standard,
SIX1,DUSP6,1,gold_standard,
SIX1,MTOR,1,gold_standard,
SKI,SREBF1,-1,gold_standard,
SKIL,AFP,-1,gold_standard,
SKIL,ITCH,-1,gold_standard,
SKIL,TPT1,-1,gold_standard,
SKIL,TRP53,1,gold_standard,
SMAD1,CDKN1A,1,gold_standard,
SMAD1,HHEX,1,gold_standard,
SMAD1,ID3,1,gold_standard,
SMAD1,IFI204,1,gold_standard,
SMAD1,RUNX1,1,gold_standard,
SMAD1,RUNX2,1,gold_standard,
SMAD1,SPP1,1,gold_standard,
SMAD2,AFP,1,gold_standard,
SMAD2,BECN1,-1,gold_standard,
SMAD2,CDKN1A,1,gold_standard,
SMAD2,DAPK1,1,gold_standard,
SMAD2,SKIL,1,gold_standard,
SMAD4,AFP,1,gold_standard,
SMAD4,CDKN1A,1,gold_standard,
SMAD4,DAPK1,1,gold_standard,
SMAD4,HHEX,1,gold_standard,
SMAD4,ID3,1,gold_standard,
SMAD4,IFI204,1,gold_standard,
SMAD4,SKIL,1,gold_standard,
SMAD4,TGFBR2,1,gold_standard,
SMAD4,VEGFA,1,gold_standard,
SMARCA2,CALM1,1,gold_standard,
SMARCA2,CD44,1,gold_standard,
SMARCA4,CALM1,1,gold_standard,
SMARCA4,CD44,1,gold_standard,
SMARCA4,HMOX1,1,gold_standard,
SMARCA4,NFKBIA,1,gold_standard,
SMARCA5,DIDO1,-1,gold_standard,
SMURF2,MAVS,-1,gold_standard,
SMURF2,RUNX2,-1,gold_standard,
SP1,ABCC1,1,gold_standard,
SP1,ACACA,1,gold_standard,
SP1,AHR,1,gold_standard,
SP1,APP,1,gold_standard,
SP1,BACE1,1,gold_standard,
SP1,BSG,1,gold_standard,
SP1,BTK,1,gold_standard,
SP1,CCL2,1,gold_standard,
SP1,CCND2,1,gold_standard,
SP1,CCND3,1,gold_standard,
SP1,CDKN1A,1,gold_standard,
SP1,CEBPA,-1,gold_standard,
SP1,CIRBP,1,gold_standard,
SP1,COPS5,1,gold_standard,
SP1,COX17,1,gold_standard,
SP1,COX4I1,-1,gold_standard,
SP1,CSF1,1,gold_standard,
SP1,CSF1R,1,gold_standard,
SP1,DNMT1,1,gold_standard,
SP1,ECM1,1,gold_standard,
SP1,EGR1,1,gold_standard,
SP1,FMR1,1,gold_standard,
SP1,ITGA5,1,gold_standard,
SP1,JUND,1,gold_standard,
SP1,KDM5A,1,gold_standard,
SP1,LGALS1,1,gold_standard,
SP1,MET,1,gold_standard,
SP1,MFN2,1,gold_standard,
SP1,MIF,1,gold_standard,
SP1,MRC1,-1,gold_standard,
SP1,NRP1,1,gold_standard,
SP1,PARP1,1,gold_standard,
SP1,PCYT1A,1,gold_standard,
SP1,PLD2,-1,gold_standard,
SP1,PRKRA,1,gold_standard,
SP1,PTDSS1,1,gold_standard,
SP1,PTGS1,1,gold_standard,
SP1,PTGS2,1,gold_standard,
SP1,RAC2,1,gold_standard,
SP1,REST,1,gold_standard,
SP1,RUNX2,1,gold_standard,
SP1,SETDB1,1,gold_standard,
SP1,SIRT1,1,gold_standard,
SP1,SLC2A1,1,gold_standard,
SP1,SREBF1,1,gold_standard,
SP1,TEC,1,gold_standard,
SP1,TPT1,1,gold_standard,
SP1,TXLNG,1,gold_standard,
SP1,VEGFA,1,gold_standard,
SP2,B4GALNT1,1,gold_standard,
SP2,PCYT1A,-1,gold_standard,
SP3,ACACA,1,gold_standard,
SP3,AHR,1,gold_standard,
SP3,BSG,1,gold_standard,
SP3,CDKN1A,1,gold_standard,
SP3,CEBPA,1,gold_standard,
SP3,CSF1,1,gold_standard,
SP3,DNMT1,1,gold_standard,
SP3,MET,-1,gold_standard,
SP3,PCYT1A,1,gold_standard,
SP3,PRKRA,1,gold_standard,
SP3,PTDSS1,1,gold_standard,
SP3,PTGS2,1,gold_standard,
SP3,RAC2,1,gold_standard,
SP3,SETDB1,1,gold_standard,
SP3,SP1,-1,gold_standard,
SP3,TXLNG,-1,gold_standard,
SP3,VEGFA,1,gold_standard,
SP3,ZFP143,1,gold_standard,
SREBF1,ACACA,1,gold_standard,
SREBF1,ACSS2,1,gold_standard,
SREBF1,CDKN1A,1,gold_standard,
SREBF1,FAS,1,gold_standard,
SREBF1,FASN,1,gold_standard,
SREBF1,FBXW7,-1,gold_standard,
SREBF1,NPC1,1,gold_standard,
SREBF2,ACSS2,1,gold_standard,
SREBF2,CDKN1A,1,gold_standard,
SREBF2,MVK,1,gold_standard,
SREBF2,NPC1,1,gold_standard,
STAT1,CD36,1,gold_standard,
STAT1,CFB,1,gold_standard,
STAT1,CIITA,1,gold_standard,
STAT1,CXCL10,1,gold_standard,
STAT1,FCGR1,1,gold_standard,
STAT1,GBP2,1,gold_standard,
STAT1,IFNB1,1,gold_standard,
STAT1,IL6,-1,gold_standard,
STAT1,IRF1,1,gold_standard,
STAT1,IRF7,1,gold_standard,
STAT1,MDM2,-1,gold_standard,
STAT1,MT1,1,gold_standard,
STAT1,NOS2,1,gold_standard,
STAT1,RC3H1,1,gold_standard,
STAT1,SOCS1,1,gold_standard,
STAT1,SOCS3,1,gold_standard,
STAT1,TRP53,1,gold_standard,
STAT1,UPP1,1,gold_standard,
STAT2,IRF7,1,gold_standard,
STAT3,AKT1,1,gold_standard,
STAT3,BATF,1,gold_standard,
STAT3,BCL2L1,-1,gold_standard,
STAT3,CAV1,1,gold_standard,
STAT3,CDKN2D,1,gold_standard,
STAT3,EGR1,1,gold_standard,
STAT3,ENTPD1,1,gold_standard,
STAT3,FOS,1,gold_standard,
STAT3,HIF1A,1,gold_standard,
STAT3,IL23A,1,gold_standard,
STAT3,IL6,1,gold_standard,
STAT3,KLF4,1,gold_standard,
STAT3,MAF,1,gold_standard,
STAT3,MT1,1,gold_standard,
STAT3,NOS2,1,gold_standard,
STAT3,NOSTRIN,-1,gold_standard,
STAT3,PRDM1,1,gold_standard,
STAT3,PTEN,1,gold_standard,
STAT3,RC3H1,1,gold_standard,
STAT3,RELA,-1,gold_standard,
STAT3,SOCS3,1,gold_standard,
STAT3,SREBF1,-1,gold_standard,
STAT3,STAT3,1,gold_standard,
STAT3,TCF4,1,gold_standard,
STAT3,TRP53,-1,gold_standard,
STAT3,VEGFA,1,gold_standard,
STAT5A,BCL2L1,1,gold_standard,
STAT5A,DPAGT1,1,gold_standard,
STAT5A,IL2RA,1,gold_standard,
STAT5A,NR3C1,-1,gold_standard,
STAT6,BCL2L1,1,gold_standard,
STAT6,NCOA3,1,gold_standard,
TAF9,TRP53,1,gold_standard,
TBP,FOS,1,gold_standard,
TBP,NF1,-1,gold_standard,
TBPL1,NF1,1,gold_standard,
TCF12,PTCRA,1,gold_standard,
TCF4,CD44,1,gold_standard,
TCF4,COPS5,1,gold_standard,
TCF4,FN1,1,gold_standard,
TCF4,ID3,1,gold_standard,
TCF4,MITF,-1,gold_standard,
TCF4,PLAUR,1,gold_standard,
TCF4,PTGS2,1,gold_standard,
TCF7L2,CD44,1,gold_standard,
TFDP1,CDKN1A,1,gold_standard,
TFDP1,TRP53,-1,gold_standard,
TFE3,TXNIP,-1,gold_standard,
THRAP3,CEBPA,1,gold_standard,
THRAP3,FABP4,1,gold_standard,
THRAP3,PPARG,1,gold_standard,
TNF,CASP3,1,gold_standard,
TNFAIP3,BAX,1,gold_standard,
TRP53,AFP,-1,gold_standard,
TRP53,APAF1,1,gold_standard,
TRP53,ATF3,1,gold_standard,
TRP53,BAX,1,gold_standard,
TRP53,BTG2,1,gold_standard,
TRP53,CASP6,1,gold_standard,
TRP53,CASP7,1,gold_standard,
TRP53,CCNB1,-1,gold_standard,
TRP53,CDK2,-1,gold_standard,
TRP53,CDK5,1,gold_standard,
TRP53,CDKN1A,1,gold_standard,
TRP53,CXCR2,1,gold_standard,
TRP53,DUSP2,1,gold_standard,
TRP53,DYRK1A,1,gold_standard,
TRP53,ELF4,-1,gold_standard,
TRP53,FAS,1,gold_standard,
TRP53,FOS,-1,gold_standard,
TRP53,GADD45A,1,gold_standard,
TRP53,GDF15,1,gold_standard,
TRP53,GSK3B,1,gold_standard,
TRP53,HDGF,1,gold_standard,
TRP53,HIPK2,1,gold_standard,
TRP53,HMOX1,1,gold_standard,
TRP53,KLF2,-1,gold_standard,
TRP53,MXI1,-1,gold_standard,
TRP53,MAPK1,1,gold_standard,
TRP53,MCM7,-1,gold_standard,
TRP53,MCTS1,-1,gold_standard,
TRP53,MDM2,1,gold_standard,
TRP53,MET,1,gold_standard,
TRP53,MGMT,-1,gold_standard,
TRP53,NDRG1,1,gold_standard,
TRP53,NOTCH1,1,gold_standard,
TRP53,NUPR1,-1,gold_standard,
TRP53,PCNA,-1,gold_standard,
TRP53,PLK3,1,gold_standard,
TRP53,PML,1,gold_standard,
TRP53,POLK,-1,gold_standard,
TRP53,PRNP,1,gold_standard,
TRP53,PSEN1,-1,gold_standard,
TRP53,PTGS2,-1,gold_standard,
TRP53,RAP2B,1,gold_standard,
TRP53,REEP5,-1,gold_standard,
TRP53,RPS6KA1,1,gold_standard,
TRP53,RUNX1,-1,gold_standard,
TRP53,SIN3A,1,gold_standard,
TRP53,SIVA1,1,gold_standard,
TRP53,SLC6A6,-1,gold_standard,
TRP53,SOD2,1,gold_standard,
TRP53,SREBF1,-1,gold_standard,
TRP53,TCF4,1,gold_standard,
TRP53,TCF7L2,-1,gold_standard,
TRP53,THBS1,1,gold_standard,
TRP53,TNFRSF10B,1,gold_standard,
TRP53,TPT1,1,gold_standard,
TRP53,TRP53,1,gold_standard,
TRP53,TRP53INP1,1,gold_standard,
TRP53,TYMS,-1,gold_standard,
TRP53,UHRF1,-1,gold_standard,
TRP53,UPP1,1,gold_standard,
TRP53,KLF4,1,gold_standard,
TRPS1,RUNX1,-1,gold_standard,
TRPS1,RUNX2,-1,gold_standard,
TRPS1,STAT3,-1,gold_standard,
TRRAP,MITF,-1,gold_standard,
TSG101,MDM2,1,gold_standard,
USF1,CIITA,1,gold_standard,
USF1,PF4,1,gold_standard,
USF1,FASN,1,gold_standard,
USF1,FMR1,1,gold_standard,
USF1,MT1,1,gold_standard,
USF1,PIGR,1,gold_standard,
USF1,SPP1,1,gold_standard,
USF1,TNFAIP3,1,gold_standard,
USF2,PF4,1,gold_standard,
USF2,FASN,1,gold_standard,
USF2,FMR1,1,gold_standard,
USF2,HMOX1,1,gold_standard,
USF2,PIGR,1,gold_standard,
USF2,SPP1,1,gold_standard,
VDR,CTNNB1,-1,gold_standard,
VEZF1,STMN1,1,gold_standard,
VHL,HIF1A,-1,gold_standard,
WWP1,TRP53,1,gold_standard,
XBP1,FASN,1,gold_standard,
XBP1,FOXO1,-1,gold_standard,
XBP1,HERPUD1,1,gold_standard,
XBP1,IRF4,-1,gold_standard,
XBP1,PRDM1,-1,gold_standard,
XBP1,STARD5,1,gold_standard,
XBP1,TMBIM6,-1,gold_standard,
YY1,FOS,-1,gold_standard,
YY1,HSPA5,1,gold_standard,
YY1,IFNB1,1,gold_standard,
YY1,TCF4,-1,gold_standard,
YY1,TRP53,1,gold_standard,
YY1,ZHX1,1,gold_standard,
ZBTB7A,BCL2L11,-1,gold_standard,
ZBTB7A,CREB3,-1,gold_standard,
ZBTB7A,NFATC1,1,gold_standard,
ZFP36,NFKB1,-1,gold_standard,
ZFP384,NFKB1,-1,gold_standard,
AHR,FOS,1,dorothea,
AHR,ASAP1,1,dorothea,
ARID2,AGTPBP1,1,dorothea,
ARID2,ATXN7,1,dorothea,
ARID2,BBX,1,dorothea,
ARID2,CDK17,1,dorothea,
ARID2,CHD2,1,dorothea,
ARID2,CHD9,1,dorothea,
ARID2,CPSF6,1,dorothea,
ARID2,FOXJ3,1,dorothea,
ARID2,HNRNPH1,1,dorothea,
ARID2,HNRNPL,1,dorothea,
ARID2,JMJD1C,1,dorothea,
ARID2,LRP6,1,dorothea,
ARID2,MLLT10,1,dorothea,
ARID2,NCOA2,1,dorothea,
ARID2,NFAT5,1,dorothea,
ARID2,RBPJ,1,dorothea,
ARID2,SIAH1A,1,dorothea,
ARID2,SOS1,1,dorothea,
ARID2,TIAL1,1,dorothea,
ARID2,TNPO1,1,dorothea,
ARID2,USP3,1,dorothea,
ARID2,WAC,1,dorothea,
ARID2,ZCCHC2,1,dorothea,
ARID2,ZFP131,1,dorothea,
ARNT,BHLHE40,1,dorothea,
ARNT,LDHA,1,dorothea,
ARNT,VEGFA,1,dorothea,
ATF1,CIITA,1,dorothea,
ATF1,LDHA,1,dorothea,
ATF1,MAP1LC3B,1,dorothea,
ATF1,PLAUR,1,dorothea,
ATF1,SLC20A1,1,dorothea,
ATF1,TOP2A,1,dorothea,
ATF2,ATF3,1,dorothea,
ATF2,CDKN1A,1,dorothea,
ATF2,DUSP1,1,dorothea,
ATF2,FN1,1,dorothea,
ATF2,IFNB1,1,dorothea,
ATF2,IMPDH2,1,dorothea,
ATF2,JUN,1,dorothea,
ATF2,NR4A2,1,dorothea,
ATF2,PTGS2,1,dorothea,
ATF2,RB1,1,dorothea,
ATF2,TNF,1,dorothea,
ATF3,ASNS,1,dorothea,
ATF3,CCL5,-1,dorothea,
ATF3,DDIT3,1,dorothea,
ATF3,GCLC,-1,dorothea,
ATF3,GDF15,1,dorothea,
ATF3,LDLR,-1,dorothea,
ATF3,STAT3,-1,dorothea,
ATF3,AKAP13,-1,dorothea,
ATF3,ANXA1,-1,dorothea,
ATF3,BHLHE40,-1,dorothea,
ATF3,ETS2,-1,dorothea,
ATF3,FAM49B,-1,dorothea,
ATF3,KDM4C,-1,dorothea,
ATF3,KDM6B,-1,dorothea,
ATF3,KLF6,-1,dorothea,
ATF3,MAPKAP1,-1,dorothea,
ATF3,MAPRE2,-1,dorothea,
ATF3,MED15,-1,dorothea,
ATF3,PCBP1,-1,dorothea,
ATF3,PDE4B,-1,dorothea,
ATF3,PER1,-1,dorothea,
ATF3,PRPF31,-1,dorothea,
ATF3,PTP4A1,-1,dorothea,
ATF3,RCAN1,-1,dorothea,
ATF3,RUNX1,-1,dorothea,
ATF3,SMOX,-1,dorothea,
ATF3,SND1,-1,dorothea,
ATF3,SREBF1,-1,dorothea,
ATF3,TRIB1,-1,dorothea,
ATF3,TSC22D2,-1,dorothea,
ATF3,UBC,-1,dorothea,
ATF3,ZBTB20,-1,dorothea,
ATF3,ZFP36L1,-1,dorothea,
ATF4,ASNS,1,dorothea,
ATF4,ATF3,1,dorothea,
ATF4,CEBPB,1,dorothea,
ATF4,DDIT3,1,dorothea,
ATF4,MCL1,1,dorothea,
ATF4,NUPR1,1,dorothea,
ATF4,PTGS2,1,dorothea,
ATF4,VEGFA,1,dorothea,
ATF6,ATP2A2,1,dorothea,
ATF6,CALR,1,dorothea,
ATF6,DDIT3,1,dorothea,
ATF6,DNAJC3,1,dorothea,
ATF6,HSP90B1,1,dorothea,
ATF6,RTN3,1,dorothea,
ATF6,SEL1L,1,dorothea,
ATF6,XBP1,1,dorothea,
BACH1,ALDOA,1,dorothea,
BACH1,ASAP1,1,dorothea,
BACH1,GCLC,1,dorothea,
BACH1,IFRD1,1,dorothea,
BACH1,KCTD20,1,dorothea,
BACH1,LBR,1,dorothea,
BACH1,MAFG,1,dorothea,
BACH1,NQO2,1,dorothea,
BACH1,PIK3CD,1,dorothea,
BACH1,PSAP,1,dorothea,
BACH1,SLC48A1,1,dorothea,
BACH1,SLC7A11,1,dorothea,
BACH1,SMARCA4,1,dorothea,
BACH1,SQSTM1,1,dorothea,
BACH1,SYNJ2,1,dorothea,
BACH1,TNFAIP2,1,dorothea,
BACH1,TRIM56,1,dorothea,
BATF,APBB1IP,1,dorothea,
BATF,ARHGAP25,1,dorothea,
BATF,CCR7,1,dorothea,
BATF,CTSC,1,dorothea,
BATF,DENND1A,1,dorothea,
BATF,DOCK2,1,dorothea,
BATF,ELF1,1,dorothea,
BATF,FAM49B,1,dorothea,
BATF,FGGY,1,dorothea,
BATF,IER5,1,dorothea,
BATF,IKZF1,1,dorothea,
BATF,IL1R2,1,dorothea,
BATF,LAPTM5,1,dorothea,
BATF,MAP3K5,1,dorothea,
BATF,NCOA1,1,dorothea,
BATF,NEK6,1,dorothea,
BATF,NFKB1,1,dorothea,
BATF,PIK3AP1,1,dorothea,
BATF,PIK3R5,1,dorothea,
BATF,PRKCB,1,dorothea,
BATF,PTPN2,1,dorothea,
BATF,RABGAP1L,1,dorothea,
BATF,RAPGEF1,1,dorothea,
BATF,RBM47,1,dorothea,
BATF,RIN3,1,dorothea,
BATF,RUNX1,1,dorothea,
BATF,SAMSN1,1,dorothea,
BATF,ST3GAL1,1,dorothea,
BATF,ST6GAL1,1,dorothea,
BATF,ST7,1,dorothea,
BATF,STK10,1,dorothea,
BATF,TBXAS1,1,dorothea,
BATF,VOPP1,1,dorothea,
BCL6,CCND2,-1,dorothea,
BCL6,IRF4,-1,dorothea,
BCL6,LITAF,-1,dorothea,
BCL6,ARHGAP26,-1,dorothea,
BCL6,ARID5B,-1,dorothea,
BCL6,BRD4,-1,dorothea,
BCL6,CABIN1,-1,dorothea,
BCL6,CBFA2T3,-1,dorothea,
BCL6,CCND3,-1,dorothea,
BCL6,CFLAR,-1,dorothea,
BCL6,DENND3,-1,dorothea,
BCL6,DUSP22,-1,dorothea,
BCL6,GMDS,-1,dorothea,
BCL6,GPCPD1,-1,dorothea,
BCL6,HDAC4,-1,dorothea,
BCL6,IL4RA,-1,dorothea,
BCL6,LDLR,-1,dorothea,
BCL6,LPP,-1,dorothea,
BCL6,MAP3K8,-1,dorothea,
BCL6,MAPKAPK3,-1,dorothea,
BCL6,NCOA7,-1,dorothea,
BCL6,PLCG2,-1,dorothea,
BCL6,RHOQ,-1,dorothea,
BCL6,RNF213,-1,dorothea,
BCL6,SEMA4B,-1,dorothea,
BCL6,SLA,-1,dorothea,
BCL6,ST3GAL1,-1,dorothea,
BCL6,SYNE2,-1,dorothea,
BCL6,SYPL,-1,dorothea,
BCL6,TLE3,-1,dorothea,
BCL6,TNS3,-1,dorothea,
BCL6,TPM4,-1,dorothea,
BHLHE40,NR4A1,-1,dorothea,
BHLHE40,ABCC1,-1,dorothea,
BHLHE40,ACTB,-1,dorothea,
BHLHE40,ANKRD11,-1,dorothea,
BHLHE40,ARHGEF3,-1,dorothea,
BHLHE40,BCL3,-1,dorothea,
BHLHE40,BCOR,-1,dorothea,
BHLHE40,CD83,-1,dorothea,
BHLHE40,CDKN1A,-1,dorothea,
BHLHE40,CSK,-1,dorothea,
BHLHE40,CTTN,-1,dorothea,
BHLHE40,CUX1,-1,dorothea,
BHLHE40,FKBP5,-1,dorothea,
BHLHE40,FLNB,-1,dorothea,
BHLHE40,GDF15,-1,dorothea,
BHLHE40,ID2,-1,dorothea,
BHLHE40,IRF2BP2,-1,dorothea,
BHLHE40,JMJD1C,-1,dorothea,
BHLHE40,LDLR,-1,dorothea,
BHLHE40,MAP2K3,-1,dorothea,
BHLHE40,PFKFB3,-1,dorothea,
BHLHE40,PIM1,-1,dorothea,
BHLHE40,PLEC,-1,dorothea,
BHLHE40,RALGDS,-1,dorothea,
BHLHE40,RASSF5,-1,dorothea,
BHLHE40,SEMA4B,-1,dorothea,
BHLHE40,SH3BP2,-1,dorothea,
BHLHE40,SLC16A3,-1,dorothea,
BHLHE40,SUB1,-1,dorothea,
BHLHE40,SYNJ2,-1,dorothea,
BHLHE40,TLE3,-1,dorothea,
BHLHE40,TNFSF9,-1,dorothea,
BHLHE40,TRAPPC9,-1,dorothea,
BHLHE40,UBE2D3,-1,dorothea,
BHLHE40,ZFP36L1,-1,dorothea,
CEBPA,9130401M01RIK,1,dorothea,
CEBPA,ABCC1,1,dorothea,
CEBPA,ACACA,1,dorothea,
CEBPA,AFP,1,dorothea,
CEBPA,ALOX5AP,1,dorothea,
CEBPA,APBB1IP,1,dorothea,
CEBPA,CCNB1,1,dorothea,
CEBPA,CCNE1,1,dorothea,
CEBPA,CDK2,1,dorothea,
CEBPA,CDKN1A,1,dorothea,
CEBPA,COMT,1,dorothea,
CEBPA,CREB1,1,dorothea,
CEBPA,CSF1,1,dorothea,
CEBPA,CXCR2,1,dorothea,
CEBPA,FAS,1,dorothea,
CEBPA,FASN,1,dorothea,
CEBPA,FGL2,1,dorothea,
CEBPA,FN1,1,dorothea,
CEBPA,GADD45A,1,dorothea,
CEBPA,GPX4,1,dorothea,
CEBPA,GSK3B,1,dorothea,
CEBPA,HMGB1,1,dorothea,
CEBPA,HOMER3,1,dorothea,
CEBPA,HSD17B11,1,dorothea,
CEBPA,HSPA4,1,dorothea,
CEBPA,IGF1,1,dorothea,
CEBPA,IL1A,1,dorothea,
CEBPA,IL6,1,dorothea,
CEBPA,ITGAL,1,dorothea,
CEBPA,ITGAX,1,dorothea,
CEBPA,ITGB2,1,dorothea,
CEBPA,LDLR,1,dorothea,
CEBPA,MAT2A,1,dorothea,
CEBPA,MSR1,1,dorothea,
CEBPA,NFYA,1,dorothea,
CEBPA,NFYC,1,dorothea,
CEBPA,PCNA,1,dorothea,
CEBPA,PPARG,1,dorothea,
CEBPA,RB1,1,dorothea,
CEBPA,SCD2,1,dorothea,
CEBPA,SLC9A1,1,dorothea,
CEBPA,SMYD2,1,dorothea,
CEBPA,SOCS3,1,dorothea,
CEBPA,SOD1,1,dorothea,
CEBPA,SP1,1,dorothea,
CEBPA,SPP1,1,dorothea,
CEBPA,SREBF1,1,dorothea,
CEBPA,SREBF2,1,dorothea,
CEBPA,STAT3,1,dorothea,
CEBPA,THOC1,1,dorothea,
CEBPA,TIMP2,1,dorothea,
CEBPA,TK1,1,dorothea,
CEBPA,TNFAIP3,1,dorothea,
CEBPA,TNFRSF1A,1,dorothea,
CEBPA,TOP2A,1,dorothea,
CEBPA,TRF,1,dorothea,
CEBPA,TSC22D3,1,dorothea,
CEBPA,UHRF1,1,dorothea,
CEBPA,XDH,1,dorothea,
CEBPB,ASNS,1,dorothea,
CEBPB,BCL2L1,1,dorothea,
CEBPB,CDKN1A,1,dorothea,
CEBPB,FURIN,1,dorothea,
CEBPB,GADD45G,1,dorothea,
CEBPB,GFER,-1,dorothea,
CEBPB,IL12B,1,dorothea,
CEBPB,IL6,1,dorothea,
CEBPB,TNF,1,dorothea,
CEBPB,TOP1,1,dorothea,
CEBPB,XBP1,1,dorothea,
CEBPG,ARHGAP25,1,dorothea,
CEBPG,ATP2A2,1,dorothea,
CEBPG,BRD4,1,dorothea,
CEBPG,CHN2,1,dorothea,
CEBPG,CLIP1,1,dorothea,
CEBPG,CRYZL1,1,dorothea,
CEBPG,DPYSL2,1,dorothea,
CEBPG,EDEM1,1,dorothea,
CEBPG,EPS15,1,dorothea,
CEBPG,FGGY,1,dorothea,
CEBPG,FRYL,1,dorothea,
CEBPG,FYN,1,dorothea,
CEBPG,HK1,1,dorothea,
CEBPG,MICAL2,1,dorothea,
CEBPG,NFIL3,1,dorothea,
CEBPG,PHF3,1,dorothea,
CEBPG,PIK3R1,1,dorothea,
CEBPG,PTP4A2,1,dorothea,
CEBPG,ROCK2,1,dorothea,
CEBPG,RTN4,1,dorothea,
CEBPG,SLC38A1,1,dorothea,
CEBPG,SLC9A1,1,dorothea,
CEBPG,TCF4,1,dorothea,
CEBPG,TRIB1,1,dorothea,
CEBPG,VAV3,1,dorothea,
CLOCK,NR1D2,1,dorothea,
CLOCK,ATP9B,1,dorothea,
CLOCK,CHCHD6,1,dorothea,
CLOCK,DENND3,1,dorothea,
CLOCK,GAS7,1,dorothea,
CLOCK,GET4,1,dorothea,
CLOCK,IQSEC1,1,dorothea,
CLOCK,ITGB2,1,dorothea,
CLOCK,LARP1,1,dorothea,
CLOCK,MICAL2,1,dorothea,
CLOCK,PCYT1A,1,dorothea,
CLOCK,PPFIA1,1,dorothea,
CLOCK,PREX1,1,dorothea,
CLOCK,SEC14L1,1,dorothea,
CLOCK,SIPA1L1,1,dorothea,
CLOCK,TIAM1,1,dorothea,
CLOCK,TNS1,1,dorothea,
CLOCK,TNS3,1,dorothea,
CLOCK,TRAPPC9,1,dorothea,
CREB1,CCL5,1,dorothea,
CREB1,CDK11B,1,dorothea,
CREB1,CIITA,1,dorothea,
CREB1,CPT1A,1,dorothea,
CREB1,CXCR4,1,dorothea,
CREB1,EGR1,1,dorothea,
CREB1,FN1,1,dorothea,
CREB1,H2-AB1,1,dorothea,
CREB1,HMOX1,-1,dorothea,
CREB1,IL6,1,dorothea,
CREB1,JUN,-1,dorothea,
CREB1,NF1,1,dorothea,
CREB1,NOLC1,1,dorothea,
CREB1,NPY,1,dorothea,
CREB1,NR4A2,1,dorothea,
CREB1,NR4A3,1,dorothea,
CREB1,ODC1,1,dorothea,
CREB1,PPP2CA,1,dorothea,
CREB1,PSEN1,1,dorothea,
CREB1,RRM2B,1,dorothea,
CREB1,UXT,1,dorothea,
CREB1,VEGFA,1,dorothea,
CREB3,H13,1,dorothea,
CREB3,PRPF31,1,dorothea,
CREB3,BHLHE40,1,dorothea,
CREB3,CAP1,1,dorothea,
CREB3,CHCHD6,1,dorothea,
CREB3,DNAJB12,1,dorothea,
CREB3,DTNBP1,1,dorothea,
CREB3,ESYT2,1,dorothea,
CREB3,GALNT2,1,dorothea,
CREB3,MAD2L1BP,1,dorothea,
CREB3,MTHFR,1,dorothea,
CREB3,PCBP1,1,dorothea,
CREB3,PCNA,1,dorothea,
CREB3,PTTG1IP,1,dorothea,
CREB3,RUNX1,1,dorothea,
CREB3,SRGN,1,dorothea,
CREB3,STAT3,1,dorothea,
CREB3,SUB1,1,dorothea,
CREM,DUSP1,-1,dorothea,
CREM,FOS,-1,dorothea,
CREM,CD86,1,dorothea,
CREM,GPCPD1,1,dorothea,
CREM,ARID1A,1,dorothea,
CREM,ARID5B,1,dorothea,
CREM,ATF3,1,dorothea,
CREM,ESYT2,1,dorothea,
CREM,FSCN1,1,dorothea,
CREM,GADD45A,1,dorothea,
CREM,HDAC4,1,dorothea,
CREM,KDM4C,1,dorothea,
CREM,LIMS1,1,dorothea,
CREM,LITAF,1,dorothea,
CREM,NFATC1,1,dorothea,
CREM,NR4A2,1,dorothea,
CREM,PDE4B,1,dorothea,
CREM,PLCL2,1,dorothea,
CREM,PTMA,1,dorothea,
CREM,PTP4A2,1,dorothea,
CREM,PTPRS,1,dorothea,
CREM,RREB1,1,dorothea,
CREM,SH3BP5,1,dorothea,
CREM,SLC25A25,1,dorothea,
CREM,SND1,1,dorothea,
CREM,ST7,1,dorothea,
CREM,SUB1,1,dorothea,
CREM,TGIF1,1,dorothea,
CREM,UBE2H,1,dorothea,
CREM,USP9X,1,dorothea,
CTCF,ACTR3,-1,dorothea,
CTCF,AHCYL1,1,dorothea,
CTCF,AKT1,-1,dorothea,
CTCF,APP,1,dorothea,
CTCF,ARL2,-1,dorothea,
CTCF,ATXN7,1,dorothea,
CTCF,B4GALNT1,1,dorothea,
CTCF,BCL6,-1,dorothea,
CTCF,BICD2,1,dorothea,
CTCF,CD80,1,dorothea,
CTCF,CEP135,1,dorothea,
CTCF,COMMD2,-1,dorothea,
CTCF,DIP2B,1,dorothea,
CTCF,FBXO7,1,dorothea,
CTCF,GALNT6,1,dorothea,
CTCF,GALT,1,dorothea,
CTCF,GAS7,1,dorothea,
CTCF,HS1BP3,1,dorothea,
CTCF,HSPA5,1,dorothea,
CTCF,IPO13,1,dorothea,
CTCF,LRRC59,1,dorothea,
CTCF,MCM10,1,dorothea,
CTCF,MRPL17,1,dorothea,
CTCF,MYD88,1,dorothea,
CTCF,NBN,1,dorothea,
CTCF,NF1,1,dorothea,
CTCF,NFE2L2,1,dorothea,
CTCF,NPC1,-1,dorothea,
CTCF,NT5C3,-1,dorothea,
CTCF,PBXIP1,1,dorothea,
CTCF,PMPCB,1,dorothea,
CTCF,RAD21,1,dorothea,
CTCF,RBL2,1,dorothea,
CTCF,RBM39,-1,dorothea,
CTCF,RPP30,1,dorothea,
CTCF,SLC6A4,1,dorothea,
CTCF,TBC1D14,1,dorothea,
CTCF,TMBIM6,1,dorothea,
CTCF,TRAPPC6A,1,dorothea,
CTCF,TSFM,1,dorothea,
CTCFL,ACTB,1,dorothea,
CTCFL,ADSSL1,1,dorothea,
CTCFL,CABIN1,1,dorothea,
CTCFL,CSK,1,dorothea,
CTCFL,CTBP1,1,dorothea,
CTCFL,DGKZ,1,dorothea,
CTCFL,GNAI2,1,dorothea,
CTCFL,MAPK8IP3,1,dorothea,
CTCFL,MIB1,1,dorothea,
CTCFL,NFE2L2,1,dorothea,
CTCFL,PIM1,1,dorothea,
CTCFL,PXN,1,dorothea,
CTCFL,SPEG,1,dorothea,
CTCFL,SVIL,1,dorothea,
CTCFL,TBC1D14,1,dorothea,
CTCFL,ZBTB7A,1,dorothea,
CTCFL,ZMIZ1,1,dorothea,
CUX1,RACGAP1,-1,dorothea,
CUX1,EEF2,1,dorothea,
CUX1,FTO,1,dorothea,
CUX1,AHCY,1,dorothea,
CUX1,ARID5B,1,dorothea,
CUX1,DAAM1,1,dorothea,
CUX1,GMDS,1,dorothea,
CUX1,HSPD1,1,dorothea,
CUX1,ITGB5,1,dorothea,
CUX1,MACF1,1,dorothea,
CUX1,MED15,1,dorothea,
CUX1,MYADM,1,dorothea,
CUX1,PIM1,1,dorothea,
CUX1,PREX1,1,dorothea,
CUX1,PUF60,1,dorothea,
CUX1,RBCK1,1,dorothea,
CUX1,SLC16A3,1,dorothea,
CUX1,SQSTM1,1,dorothea,
CUX1,TBC1D1,1,dorothea,
CUX1,TBC1D5,1,dorothea,
CUX1,TEX2,1,dorothea,
CUX1,ZFAND3,1,dorothea,
E2F4,ACTG1,1,dorothea,
E2F4,APRT,1,dorothea,
E2F4,ASF1B,1,dorothea,
E2F4,BACH1,1,dorothea,
E2F4,BIRC5,1,dorothea,
E2F4,BUB3,1,dorothea,
E2F4,CALM1,1,dorothea,
E2F4,CALR,1,dorothea,
E2F4,CAV1,1,dorothea,
E2F4,CBX5,1,dorothea,
E2F4,CCNB1,1,dorothea,
E2F4,CDC37L1,1,dorothea,
E2F4,CDC45,1,dorothea,
E2F4,CDCA4,1,dorothea,
E2F4,CDK1,1,dorothea,
E2F4,CDK2,1,dorothea,
E2F4,CDT1,1,dorothea,
E2F4,CENPE,1,dorothea,
E2F4,CKS2,1,dorothea,
E2F4,CREG1,1,dorothea,
E2F4,CSE1L,1,dorothea,
E2F4,CUTC,1,dorothea,
E2F4,CUX1,1,dorothea,
E2F4,DBF4,1,dorothea,
E2F4,DERL2,1,dorothea,
E2F4,DHPS,1,dorothea,
E2F4,DUT,1,dorothea,
E2F4,E2F8,1,dorothea,
E2F4,EIF2B2,1,dorothea,
E2F4,EIF4H,1,dorothea,
E2F4,EXOSC9,1,dorothea,
E2F4,FAM173A,1,dorothea,
E2F4,FDFT1,1,dorothea,
E2F4,FEN1,1,dorothea,
E2F4,GABPA,1,dorothea,
E2F4,GADD45A,1,dorothea,
E2F4,GMNN,1,dorothea,
E2F4,GNPTG,1,dorothea,
E2F4,GPANK1,1,dorothea,
E2F4,HCFC1,1,dorothea,
E2F4,HLTF,1,dorothea,
E2F4,HMGB1,1,dorothea,
E2F4,HMMR,1,dorothea,
E2F4,HNRNPD,1,dorothea,
E2F4,ID3,1,dorothea,
E2F4,IFNAR2,1,dorothea,
E2F4,IKBKG,-1,dorothea,
E2F4,INSIG1,1,dorothea,
E2F4,JUN,1,dorothea,
E2F4,KDM6A,1,dorothea,
E2F4,KHDRBS1,1,dorothea,
E2F4,KLF10,1,dorothea,
E2F4,LGALS1,1,dorothea,
E2F4,LIN54,1,dorothea,
E2F4,LUC7L,-1,dorothea,
E2F4,MAD2L1,1,dorothea,
E2F4,MAP3K5,1,dorothea,
E2F4,MAP3K7,1,dorothea,
E2F4,MAPRE1,1,dorothea,
E2F4,MBP,1,dorothea,
E2F4,MCM10,-1,dorothea,
E2F4,MCM3,1,dorothea,
E2F4,MCM5,1,dorothea,
E2F4,MCM6,1,dorothea,
E2F4,MCM7,1,dorothea,
E2F4,METTL3,1,dorothea,
E2F4,MFAP1A,1,dorothea,
E2F4,MFAP1B,1,dorothea,
E2F4,MKI67,1,dorothea,
E2F4,MTHFD1,1,dorothea,
E2F4,NAP1L4,1,dorothea,
E2F4,NASP,1,dorothea,
E2F4,NCL,1,dorothea,
E2F4,NFE2L1,1,dorothea,
E2F4,NFKB2,1,dorothea,
E2F4,NPAT,1,dorothea,
E2F4,NUSAP1,1,dorothea,
E2F4,NXT1,1,dorothea,
E2F4,OGFR,1,dorothea,
E2F4,PARK7,1,dorothea,
E2F4,PCNA,1,dorothea,
E2F4,PDXK,1,dorothea,
E2F4,PGRMC1,1,dorothea,
E2F4,PIGQ,1,dorothea,
E2F4,PKN2,1,dorothea,
E2F4,PLK1,-1,dorothea,
E2F4,PLK4,1,dorothea,
E2F4,PLSCR1,1,dorothea,
E2F4,POLA2,1,dorothea,
E2F4,POLR2D,1,dorothea,
E2F4,PPARG,-1,dorothea,
E2F4,PPIA,1,dorothea,
E2F4,PRC1,1,dorothea,
E2F4,PRIM2,1,dorothea,
E2F4,PRKCSH,1,dorothea,
E2F4,PRPSAP1,1,dorothea,
E2F4,PRR11,1,dorothea,
E2F4,PTGS2,1,dorothea,
E2F4,RABIF,1,dorothea,
E2F4,RAD54L,1,dorothea,
E2F4,RBBP5,1,dorothea,
E2F4,RBL1,1,dorothea,
E2F4,REL,1,dorothea,
E2F4,RFC2,1,dorothea,
E2F4,RFC3,1,dorothea,
E2F4,RFC4,1,dorothea,
E2F4,RIPK2,1,dorothea,
E2F4,RPA3,1,dorothea,
E2F4,RPS15,1,dorothea,
E2F4,RPS6,1,dorothea,
E2F4,RPS8,1,dorothea,
E2F4,RRM1,1,dorothea,
E2F4,SFPQ,1,dorothea,
E2F4,SIRPA,1,dorothea,
E2F4,SIRPB1B,1,dorothea,
E2F4,SKP1A,1,dorothea,
E2F4,SLC25A4,1,dorothea,
E2F4,SMARCA4,1,dorothea,
E2F4,SMARCA5,1,dorothea,
E2F4,SMC2,1,dorothea,
E2F4,SMC4,1,dorothea,
E2F4,SP1,1,dorothea,
E2F4,SRPR,1,dorothea,
E2F4,SRRM2,1,dorothea,
E2F4,STAM,1,dorothea,
E2F4,STMN1,1,dorothea,
E2F4,SUV39H1,1,dorothea,
E2F4,SUZ12,1,dorothea,
E2F4,TFAM,1,dorothea,
E2F4,TFRC,1,dorothea,
E2F4,TK1,1,dorothea,
E2F4,TMPO,1,dorothea,
E2F4,TOP1,1,dorothea,
E2F4,TOP2A,1,dorothea,
E2F4,TOPBP1,-1,dorothea,
E2F4,TRAF2,1,dorothea,
E2F4,TSNAX,1,dorothea,
E2F4,TYMS,1,dorothea,
E2F4,UBE2C,1,dorothea,
E2F4,UMPS,1,dorothea,
E2F4,USP25,1,dorothea,
E2F4,UXT,1,dorothea,
E2F4,VCP,1,dorothea,
E2F4,VPS4A,1,dorothea,
E2F4,WDR76,1,dorothea,
E2F4,YWHAH,1,dorothea,
E2F4,ZFP36L1,1,dorothea,
E2F5,CBX3,1,dorothea,
E2F5,DPYSL2,1,dorothea,
E2F5,MAP3K7,1,dorothea,
E2F5,MCM3,1,dorothea,
E2F5,PIM1,1,dorothea,
E2F5,PTMA,1,dorothea,
E2F5,SLC25A37,1,dorothea,
EGR1,AKR1B3,1,dorothea,
EGR1,ALOX5,1,dorothea,
EGR1,APEX1,1,dorothea,
EGR1,ATF3,1,dorothea,
EGR1,ATP2A2,1,dorothea,
EGR1,BAX,1,dorothea,
EGR1,CAT,1,dorothea,
EGR1,CD44,1,dorothea,
EGR1,CD9,1,dorothea,
EGR1,CDK5,1,dorothea,
EGR1,CDKN1A,1,dorothea,
EGR1,CEBPB,1,dorothea,
EGR1,CTNNB1,1,dorothea,
EGR1,EAPP,1,dorothea,
EGR1,EP300,1,dorothea,
EGR1,FAS,-1,dorothea,
EGR1,FASN,1,dorothea,
EGR1,FN1,1,dorothea,
EGR1,GDF15,1,dorothea,
EGR1,HIF1A,1,dorothea,
EGR1,IL6,-1,dorothea,
EGR1,IMPDH2,1,dorothea,
EGR1,JUN,1,dorothea,
EGR1,LDLR,1,dorothea,
EGR1,NFKB1,1,dorothea,
EGR1,PDGFB,1,dorothea,
EGR1,PLAU,1,dorothea,
EGR1,PLAUR,1,dorothea,
EGR1,POR,1,dorothea,
EGR1,PPARG,1,dorothea,
EGR1,PSEN2,1,dorothea,
EGR1,PTGS2,-1,dorothea,
EGR1,PTP4A1,1,dorothea,
EGR1,RBL2,1,dorothea,
EGR1,RELA,-1,dorothea,
EGR1,SOD1,1,dorothea,
EGR1,SOS1,1,dorothea,
EGR1,SPP1,1,dorothea,
EGR1,STMN1,1,dorothea,
EGR1,SYN1,1,dorothea,
EGR1,TCF4,1,dorothea,
EGR1,TGFBR2,1,dorothea,
EGR1,TIMP2,1,dorothea,
EGR1,TMPO,1,dorothea,
EGR1,UBE2S,1,dorothea,
EGR1,VAMP2,1,dorothea,
EGR1,VEGFA,1,dorothea,
ELF1,ADCY7,1,dorothea,
ELF1,AFF1,1,dorothea,
ELF1,ARHGAP12,1,dorothea,
ELF1,ARHGDIA,1,dorothea,
ELF1,ASAP1,1,dorothea,
ELF1,ASPSCR1,1,dorothea,
ELF1,CAST,1,dorothea,
ELF1,CDC42SE2,1,dorothea,
ELF1,CHD9,1,dorothea,
ELF1,DDX3X,1,dorothea,
ELF1,DPP9,1,dorothea,
ELF1,DYRK1A,1,dorothea,
ELF1,FAM49B,1,dorothea,
ELF1,FNDC3B,1,dorothea,
ELF1,FOXN3,1,dorothea,
ELF1,GATAD2A,1,dorothea,
ELF1,IGF2R,1,dorothea,
ELF1,KLF9,1,dorothea,
ELF1,LARP4B,1,dorothea,
ELF1,LSM4,1,dorothea,
ELF1,MAFK,1,dorothea,
ELF1,MAP1LC3B,1,dorothea,
ELF1,MBNL1,1,dorothea,
ELF1,MED15,1,dorothea,
ELF1,MYO9B,1,dorothea,
ELF1,NFE2L2,1,dorothea,
ELF1,PCBP1,1,dorothea,
ELF1,PTTG1IP,1,dorothea,
ELF1,RNF213,1,dorothea,
ELF1,RNF38,1,dorothea,
ELF1,SBNO2,1,dorothea,
ELF1,SEC14L1,1,dorothea,
ELF1,SGMS1,1,dorothea,
ELF1,SIN3A,1,dorothea,
ELF1,SREBF1,1,dorothea,
ELF1,STK24,1,dorothea,
ELF1,TACC1,1,dorothea,
ELF1,TRIB1,1,dorothea,
ELF1,TSPAN14,1,dorothea,
ELF1,UBE2H,1,dorothea,
ELF1,ZFP217,1,dorothea,
ELK4,FOS,1,dorothea,
ELK4,ACTB,1,dorothea,
ELK4,ARPC5L,1,dorothea,
ELK4,EGR1,1,dorothea,
ELK4,ERCC1,1,dorothea,
ELK4,KDM5A,1,dorothea,
ELK4,NCOA7,1,dorothea,
ELK4,SCAF11,1,dorothea,
ELK4,SEC14L1,1,dorothea,
ELK4,SLC4A7,1,dorothea,
ELK4,ZFAND6,1,dorothea,
ETS2,ANPEP,1,dorothea,
ETS2,CDK1,1,dorothea,
ETS2,EGR1,1,dorothea,
ETS2,FOS,1,dorothea,
ETS2,IL12B,1,dorothea,
ETS2,MSR1,1,dorothea,
ETS2,PSEN1,1,dorothea,
ETS2,TRP53,1,dorothea,
ETS2,VWF,1,dorothea,
FLI1,EYA3,1,dorothea,
FLI1,FOS,1,dorothea,
FLI1,HMOX1,1,dorothea,
FLI1,ID2,1,dorothea,
FLI1,TGFBR2,1,dorothea,
FOS,ACP5,1,dorothea,
FOS,ARNT,1,dorothea,
FOS,BATF3,1,dorothea,
FOS,BCL2L1,1,dorothea,
FOS,BCL2L11,1,dorothea,
FOS,CCL2,1,dorothea,
FOS,CCL5,1,dorothea,
FOS,CD69,1,dorothea,
FOS,CDK4,1,dorothea,
FOS,CDKN1A,1,dorothea,
FOS,CREM,1,dorothea,
FOS,DDIT3,1,dorothea,
FOS,ERCC1,1,dorothea,
FOS,EZR,1,dorothea,
FOS,FAS,1,dorothea,
FOS,FASN,1,dorothea,
FOS,GSTP1,1,dorothea,
FOS,HSPH1,1,dorothea,
FOS,IL12B,1,dorothea,
FOS,IL1A,1,dorothea,
FOS,IL1B,1,dorothea,
FOS,IL2RA,1,dorothea,
FOS,IL4RA,1,dorothea,
FOS,IL6,1,dorothea,
FOS,ITGA5,1,dorothea,
FOS,LRIG2,1,dorothea,
FOS,MAF,1,dorothea,
FOS,NFATC1,1,dorothea,
FOS,NFKB1,-1,dorothea,
FOS,NQO1,1,dorothea,
FOS,PDGFB,1,dorothea,
FOS,PDHA1,1,dorothea,
FOS,PLA2G4A,1,dorothea,
FOS,PLAU,1,dorothea,
FOS,PLAUR,1,dorothea,
FOS,PTGS2,1,dorothea,
FOS,RUNX2,1,dorothea,
FOS,SMAD4,1,dorothea,
FOS,SP3,1,dorothea,
FOS,STIM1,1,dorothea,
FOS,TRP53,1,dorothea,
FOS,UBP1,1,dorothea,
FOS,VDR,1,dorothea,
FOS,VEGFA,1,dorothea,
FOSL2,BCL6,1,dorothea,
FOSL2,NOS2,1,dorothea,
FOSL2,PLAUR,1,dorothea,
FOSL2,MAFK,1,dorothea,
FOSL2,NDRG1,1,dorothea,
FOSL2,TGIF1,1,dorothea,
FOXJ2,SUN1,1,dorothea,
FOXJ2,ANTXR2,1,dorothea,
FOXJ2,ARID4A,1,dorothea,
FOXJ2,AZI2,1,dorothea,
FOXJ2,CWC27,1,dorothea,
FOXJ2,HBP1,1,dorothea,
FOXJ2,HIBADH,1,dorothea,
FOXJ2,JAK1,1,dorothea,
FOXJ2,OTUD5,1,dorothea,
FOXJ2,PCGF5,1,dorothea,
FOXJ2,PER1,1,dorothea,
FOXJ2,PIK3CA,1,dorothea,
FOXJ2,PRPF8,1,dorothea,
FOXJ2,SAMSN1,1,dorothea,
FOXJ2,STAG2,1,dorothea,
FOXJ2,TRA2A,1,dorothea,
FOXJ2,ZBTB20,1,dorothea,
FOXK2,AKT2,1,dorothea,
FOXK2,ANKRD11,1,dorothea,
FOXK2,ARID5B,1,dorothea,
FOXK2,CTTN,1,dorothea,
FOXK2,DNAJB6,1,dorothea,
FOXK2,DPP9,1,dorothea,
FOXK2,FDFT1,1,dorothea,
FOXK2,GATAD2A,1,dorothea,
FOXK2,HNRNPF,1,dorothea,
FOXK2,ITPR1,1,dorothea,
FOXK2,KDM6B,1,dorothea,
FOXK2,LDLR,1,dorothea,
FOXK2,MARK2,1,dorothea,
FOXK2,MED15,1,dorothea,
FOXK2,MGRN1,1,dorothea,
FOXK2,MTHFR,1,dorothea,
FOXK2,OSBPL9,1,dorothea,
FOXK2,PCBP1,1,dorothea,
FOXK2,PI4KA,1,dorothea,
FOXK2,POR,1,dorothea,
FOXK2,PTP4A2,1,dorothea,
FOXK2,SEMA4B,1,dorothea,
FOXK2,SMURF1,1,dorothea,
FOXK2,SNAP23,1,dorothea,
FOXK2,ST7,1,dorothea,
FOXK2,STAT3,1,dorothea,
FOXK2,TLE3,1,dorothea,
FOXK2,TLK1,1,dorothea,
FOXK2,TRAPPC10,1,dorothea,
FOXK2,TSC22D2,1,dorothea,
FOXK2,TXNIP,1,dorothea,
FOXK2,UBE2D3,1,dorothea,
FOXK2,USP42,1,dorothea,
FOXK2,VPS13D,1,dorothea,
FOXK2,XPO7,1,dorothea,
FOXK2,ZFP131,1,dorothea,
FOXO1,BCL2L11,1,dorothea,
FOXO1,CAV1,1,dorothea,
FOXO1,CCNB1,-1,dorothea,
FOXO1,CCNB2,-1,dorothea,
FOXO1,CDKN2D,1,dorothea,
FOXO1,CNOT8,1,dorothea,
FOXO1,DAAM1,1,dorothea,
FOXO1,DAPK1,1,dorothea,
FOXO1,EIF4EBP1,1,dorothea,
FOXO1,IL1B,1,dorothea,
FOXO1,KLF2,1,dorothea,
FOXO1,MCM5,-1,dorothea,
FOXO1,RPS6KA3,1,dorothea,
FOXO1,SCP2,1,dorothea,
FOXO1,TNFSF10,1,dorothea,
FOXO1,TXNIP,-1,dorothea,
GABPA,TOMM70A,1,dorothea,
GABPA,CDK13,1,dorothea,
GABPA,AAK1,1,dorothea,
GABPA,ACTB,1,dorothea,
GABPA,ARHGEF7,1,dorothea,
GABPA,ARPC5L,1,dorothea,
GABPA,ASPSCR1,1,dorothea,
GABPA,CAP1,1,dorothea,
GABPA,DLG1,1,dorothea,
GABPA,EFR3A,1,dorothea,
GABPA,ERCC1,1,dorothea,
GABPA,EXOC6,1,dorothea,
GABPA,FRYL,1,dorothea,
GABPA,IPO11,1,dorothea,
GABPA,LARP4B,1,dorothea,
GABPA,LSM4,1,dorothea,
GABPA,MAD2L1BP,1,dorothea,
GABPA,MARK2,1,dorothea,
GABPA,MBNL1,1,dorothea,
GABPA,MED15,1,dorothea,
GABPA,NCOA2,1,dorothea,
GABPA,NEK7,1,dorothea,
GABPA,NIPBL,1,dorothea,
GABPA,OXR1,1,dorothea,
GABPA,PNKP,1,dorothea,
GABPA,PTK2B,1,dorothea,
GABPA,PTPN12,1,dorothea,
GABPA,PTTG1IP,1,dorothea,
GABPA,RABGEF1,1,dorothea,
GABPA,RNF38,1,dorothea,
GABPA,SEC31A,1,dorothea,
GABPA,STIM2,1,dorothea,
GABPA,TBC1D5,1,dorothea,
GABPA,TCF12,1,dorothea,
GABPA,TM9SF3,1,dorothea,
GABPA,TRAPPC10,1,dorothea,
GABPA,UBR4,1,dorothea,
GABPA,UTRN,1,dorothea,
GABPA,VPS13B,1,dorothea,
GABPA,VPS53,1,dorothea,
GABPA,WDR37,1,dorothea,
GABPA,ZFP280D,1,dorothea,
HBP1,MIF,-1,dorothea,
HBP1,NCF1,-1,dorothea,
HBP1,RUNX1,1,dorothea,
HBP1,AFF1,-1,dorothea,
HBP1,ARID1B,-1,dorothea,
HBP1,ARID5B,-1,dorothea,
HBP1,CDK19,-1,dorothea,
HBP1,CITED2,-1,dorothea,
HBP1,CLN6,-1,dorothea,
HBP1,EHD1,-1,dorothea,
HBP1,ELF2,-1,dorothea,
HBP1,ERCC1,-1,dorothea,
HBP1,GABARAPL2,-1,dorothea,
HBP1,GNA13,-1,dorothea,
HBP1,GTF2I,-1,dorothea,
HBP1,HECTD1,-1,dorothea,
HBP1,JMJD1C,-1,dorothea,
HBP1,KLHDC2,-1,dorothea,
HBP1,LRCH1,-1,dorothea,
HBP1,MAP1LC3B,-1,dorothea,
HBP1,MXI1,-1,dorothea,
HBP1,NIPBL,-1,dorothea,
HBP1,PHPT1,-1,dorothea,
HBP1,PJA2,-1,dorothea,
HBP1,PPM1A,-1,dorothea,
HBP1,RNF13,-1,dorothea,
HBP1,RNF38,-1,dorothea,
HBP1,SIN3A,-1,dorothea,
HBP1,SMARCA2,-1,dorothea,
HBP1,SQSTM1,-1,dorothea,
HBP1,TLK1,-1,dorothea,
HBP1,TOPORS,-1,dorothea,
HBP1,VPS26A,-1,dorothea,
HIF1A,ABCA1,1,dorothea,
HIF1A,ADAM17,1,dorothea,
HIF1A,ADORA2B,1,dorothea,
HIF1A,ALDOA,1,dorothea,
HIF1A,APH1A,1,dorothea,
HIF1A,BAX,1,dorothea,
HIF1A,BCL2L1,1,dorothea,
HIF1A,BHLHE40,1,dorothea,
HIF1A,BIRC5,1,dorothea,
HIF1A,BNIP3,1,dorothea,
HIF1A,BNIP3L,1,dorothea,
HIF1A,CCL2,1,dorothea,
HIF1A,CD36,1,dorothea,
HIF1A,CDKN1A,1,dorothea,
HIF1A,CDKN1B,1,dorothea,
HIF1A,CEACAM1,1,dorothea,
HIF1A,COX4I1,1,dorothea,
HIF1A,CXCR4,1,dorothea,
HIF1A,EGLN1,1,dorothea,
HIF1A,ENO1,1,dorothea,
HIF1A,ERCC6,1,dorothea,
HIF1A,FAM162A,1,dorothea,
HIF1A,FECH,1,dorothea,
HIF1A,FURIN,1,dorothea,
HIF1A,GBE1,1,dorothea,
HIF1A,GFPT1,1,dorothea,
HIF1A,GPX3,1,dorothea,
HIF1A,HK1,1,dorothea,
HIF1A,HK2,1,dorothea,
HIF1A,HMGCR,1,dorothea,
HIF1A,HMOX1,1,dorothea,
HIF1A,HSP90B1,1,dorothea,
HIF1A,ID2,1,dorothea,
HIF1A,IL1B,1,dorothea,
HIF1A,ILK,1,dorothea,
HIF1A,ITGB1,1,dorothea,
HIF1A,ITGB2,1,dorothea,
HIF1A,KDM3A,1,dorothea,
HIF1A,KLK1B11,1,dorothea,
HIF1A,LDHA,1,dorothea,
HIF1A,LGALS1,1,dorothea,
HIF1A,MCL1,1,dorothea,
HIF1A,MET,1,dorothea,
HIF1A,MIF,1,dorothea,
HIF1A,MMP14,1,dorothea,
HIF1A,NAMPT,1,dorothea,
HIF1A,NOS2,1,dorothea,
HIF1A,NR3C1,1,dorothea,
HIF1A,NR4A1,1,dorothea,
HIF1A,NR4A3,1,dorothea,
HIF1A,PDK3,1,dorothea,
HIF1A,PFKL,1,dorothea,
HIF1A,PFKP,1,dorothea,
HIF1A,PGAM1,1,dorothea,
HIF1A,PGK1,1,dorothea,
HIF1A,PLA2G4A,1,dorothea,
HIF1A,PLAUR,1,dorothea,
HIF1A,PMAIP1,1,dorothea,
HIF1A,PPIA,1,dorothea,
HIF1A,PPP1R10,1,dorothea,
HIF1A,PPP5C,1,dorothea,
HIF1A,PTGS2,1,dorothea,
HIF1A,RNF7,1,dorothea,
HIF1A,SLC11A1,1,dorothea,
HIF1A,SLC2A1,1,dorothea,
HIF1A,SOCS1,1,dorothea,
HIF1A,TFRC,1,dorothea,
HIF1A,TIMP1,1,dorothea,
HIF1A,TLR2,1,dorothea,
HIF1A,TLR4,1,dorothea,
HIF1A,TRF,1,dorothea,
HIF1A,TRP53,1,dorothea,
HIF1A,VEGFB,1,dorothea,
HIF1A,ZFP217,1,dorothea,
HMBOX1,NCOA4,-1,dorothea,
HMBOX1,AMBRA1,-1,dorothea,
HMBOX1,ASPH,-1,dorothea,
HMBOX1,CDKAL1,-1,dorothea,
HMBOX1,CHD2,-1,dorothea,
HMBOX1,CYTH1,-1,dorothea,
HMBOX1,KDM4C,-1,dorothea,
HMBOX1,RBM39,-1,dorothea,
HMBOX1,RBPJ,-1,dorothea,
HMBOX1,RICTOR,-1,dorothea,
HMBOX1,STK17B,-1,dorothea,
HMBOX1,TNRC6B,-1,dorothea,
HMBOX1,TXNRD1,-1,dorothea,
HMBOX1,VPS13D,-1,dorothea,
HMBOX1,ZNRF1,-1,dorothea,
HSF1,BAG3,-1,dorothea,
HSF1,HSPA4,1,dorothea,
HSF1,HPCAL1,1,dorothea,
HSF1,MKNK2,1,dorothea,
HSF1,NADK,1,dorothea,
HSF1,STIP1,1,dorothea,
HSF1,UBB,1,dorothea,
IKZF1,ARHGAP18,1,dorothea,
IKZF1,ARID1A,1,dorothea,
IKZF1,ATP8B4,1,dorothea,
IKZF1,CDYL,1,dorothea,
IKZF1,CHST11,1,dorothea,
IKZF1,DOCK11,1,dorothea,
IKZF1,ELF4,1,dorothea,
IKZF1,FAM49B,1,dorothea,
IKZF1,FYB,1,dorothea,
IKZF1,IL10RA,1,dorothea,
IKZF1,IQGAP2,1,dorothea,
IKZF1,ITPR1,1,dorothea,
IKZF1,KCNAB2,1,dorothea,
IKZF1,KDM2B,1,dorothea,
IKZF1,LYN,1,dorothea,
IKZF1,NEK6,1,dorothea,
IKZF1,OSBPL3,1,dorothea,
IKZF1,PIK3AP1,1,dorothea,
IKZF1,PIP4K2A,1,dorothea,
IKZF1,PREX1,1,dorothea,
IKZF1,PRKCB,1,dorothea,
IKZF1,PTK2B,1,dorothea,
IKZF1,PTPRJ,1,dorothea,
IKZF1,SAMSN1,1,dorothea,
IKZF1,SMAP2,1,dorothea,
IKZF1,SMOX,1,dorothea,
IKZF1,ST6GAL1,1,dorothea,
IKZF1,STK10,1,dorothea,
IKZF1,TET3,1,dorothea,
IKZF1,TNFAIP8,1,dorothea,
IKZF1,ZEB2,1,dorothea,
IRF1,CASP7,1,dorothea,
IRF1,CD40,1,dorothea,
IRF1,CDK2,-1,dorothea,
IRF1,CYBB,1,dorothea,
IRF1,DDX58,1,dorothea,
IRF1,EIF2AK2,1,dorothea,
IRF1,IFIT3,1,dorothea,
IRF1,IFNB1,1,dorothea,
IRF1,IL15,1,dorothea,
IRF1,IRF2,1,dorothea,
IRF1,PSMB9,1,dorothea,
IRF1,TAP1,1,dorothea,
IRF1,TNFSF10,1,dorothea,
IRF1,TRP53,1,dorothea,
IRF2,CIITA,1,dorothea,
IRF2,TAP1,1,dorothea,
IRF2,ADAR,1,dorothea,
IRF2,CASP7,1,dorothea,
IRF2,CASP8,1,dorothea,
IRF2,NMI,1,dorothea,
IRF2,NR3C1,1,dorothea,
IRF2,AFF1,1,dorothea,
IRF2,ARID1B,1,dorothea,
IRF2,ATF1,1,dorothea,
IRF2,CEACAM1,1,dorothea,
IRF2,DDX3X,1,dorothea,
IRF2,DPYSL2,1,dorothea,
IRF2,FAM111A,1,dorothea,
IRF2,FMR1,1,dorothea,
IRF2,GALK2,1,dorothea,
IRF2,GPBP1L1,1,dorothea,
IRF2,HNRNPF,1,dorothea,
IRF2,IFIT3,1,dorothea,
IRF2,IL15RA,1,dorothea,
IRF2,ING1,1,dorothea,
IRF2,ISG15,1,dorothea,
IRF2,MAX,1,dorothea,
IRF2,NFE2L2,1,dorothea,
IRF2,NOD1,1,dorothea,
IRF2,NUB1,1,dorothea,
IRF2,PARP14,1,dorothea,
IRF2,PATL1,1,dorothea,
IRF2,PER1,1,dorothea,
IRF2,PNRC2,1,dorothea,
IRF2,PRPSAP1,1,dorothea,
IRF2,PTMA,1,dorothea,
IRF2,PTPN12,1,dorothea,
IRF2,SEMA4B,1,dorothea,
IRF2,SLC25A22,1,dorothea,
IRF2,SOCS1,1,dorothea,
IRF2,ST6GAL1,1,dorothea,
IRF2,TGIF1,1,dorothea,
IRF2,UBE2D3,1,dorothea,
IRF2,UBE2L6,1,dorothea,
IRF2,UBR2,1,dorothea,
IRF2,WDR74,1,dorothea,
IRF2,ZC3HAV1,1,dorothea,
IRF2,ZEB2,1,dorothea,
IRF2,ZFP36,1,dorothea,
IRF3,CXCL10,1,dorothea,
IRF3,IRF7,1,dorothea,
IRF4,CFLAR,1,dorothea,
IRF4,CIITA,1,dorothea,
IRF4,ELF4,1,dorothea,
IRF4,AFF1,1,dorothea,
IRF4,AHCYL2,1,dorothea,
IRF4,ARHGAP24,1,dorothea,
IRF4,CAST,1,dorothea,
IRF4,CDYL,1,dorothea,
IRF4,CTSC,1,dorothea,
IRF4,CYTH1,1,dorothea,
IRF4,CYTIP,1,dorothea,
IRF4,FAM129A,1,dorothea,
IRF4,GDI2,1,dorothea,
IRF4,IKZF1,1,dorothea,
IRF4,JAK1,1,dorothea,
IRF4,JARID2,1,dorothea,
IRF4,KLHL6,1,dorothea,
IRF4,LPP,1,dorothea,
IRF4,MGLL,1,dorothea,
IRF4,NFKBIZ,1,dorothea,
IRF4,NLRC5,1,dorothea,
IRF4,OSBPL3,1,dorothea,
IRF4,PIK3AP1,1,dorothea,
IRF4,PLXNC1,1,dorothea,
IRF4,PPP2R5C,1,dorothea,
IRF4,PTK2B,1,dorothea,
IRF4,RABGAP1L,1,dorothea,
IRF4,RAPGEF6,1,dorothea,
IRF4,RTN4,1,dorothea,
IRF4,SLAMF7,1,dorothea,
IRF4,SMARCA2,1,dorothea,
IRF4,SP100,1,dorothea,
IRF4,TCF4,1,dorothea,
IRF4,TXNDC11,1,dorothea,
IRF7,CXCL10,1,dorothea,
IRF7,IFNB1,1,dorothea,
IRF9,IFIT3,1,dorothea,
IRF9,IL27,-1,dorothea,
IRF9,PML,1,dorothea,
IRF9,ADAR,1,dorothea,
IRF9,ISG15,1,dorothea,
IRF9,MX1,1,dorothea,
IRF9,MX2,1,dorothea,
IRF9,OAS2,1,dorothea,
IRF9,OAS3,1,dorothea,
IRF9,RSAD2,1,dorothea,
IRF9,SAMD9L,1,dorothea,
JUN,APP,1,dorothea,
JUN,ATF3,1,dorothea,
JUN,BATF3,1,dorothea,
JUN,CCL2,1,dorothea,
JUN,CCL5,1,dorothea,
JUN,CD44,1,dorothea,
JUN,CD82,1,dorothea,
JUN,CDKN1A,-1,dorothea,
JUN,CREM,1,dorothea,
JUN,DDIT3,1,dorothea,
JUN,ETS2,1,dorothea,
JUN,EZR,1,dorothea,
JUN,FAS,1,dorothea,
JUN,IER5,1,dorothea,
JUN,IFNB1,1,dorothea,
JUN,IGF1,1,dorothea,
JUN,IL1A,1,dorothea,
JUN,IL1B,1,dorothea,
JUN,ITGAX,1,dorothea,
JUN,MAT2A,1,dorothea,
JUN,MMP12,1,dorothea,
JUN,NFKB2,1,dorothea,
JUN,NPY,1,dorothea,
JUN,NQO1,-1,dorothea,
JUN,PDHA1,1,dorothea,
JUN,PLA2G4A,1,dorothea,
JUN,PLAUR,1,dorothea,
JUN,PTX3,1,dorothea,
JUN,RHOB,1,dorothea,
JUN,RUNX2,1,dorothea,
JUN,STMN1,1,dorothea,
JUN,TIMP2,1,dorothea,
JUN,TNF,1,dorothea,
JUN,TXN1,1,dorothea,
JUN,VCAM1,1,dorothea,
JUN,VDR,1,dorothea,
JUN,VEGFA,-1,dorothea,
JUN,VIM,1,dorothea,
JUNB,PTGS2,1,dorothea,
JUNB,PIM1,1,dorothea,
JUNB,ABCC1,1,dorothea,
JUNB,AKAP13,1,dorothea,
JUNB,AMPD3,1,dorothea,
JUNB,BACH1,1,dorothea,
JUNB,BHLHE40,1,dorothea,
JUNB,CCDC12,1,dorothea,
JUNB,EGR2,1,dorothea,
JUNB,EHD1,1,dorothea,
JUNB,GMDS,1,dorothea,
JUNB,IER5,1,dorothea,
JUNB,KLF6,1,dorothea,
JUNB,LIMS1,1,dorothea,
JUNB,LMNA,1,dorothea,
JUNB,MICAL2,1,dorothea,
JUNB,ROCK2,1,dorothea,
JUNB,RTN4,1,dorothea,
JUNB,SEC14L1,1,dorothea,
JUNB,SH3BP5,1,dorothea,
JUNB,SMARCA2,1,dorothea,
JUNB,TBC1D14,1,dorothea,
JUNB,TGIF1,1,dorothea,
JUNB,TNRC6B,1,dorothea,
JUNB,UBC,1,dorothea,
JUNB,VOPP1,1,dorothea,
JUNB,ZBTB20,1,dorothea,
JUNB,ZFP217,1,dorothea,
JUNB,ZFP36L1,1,dorothea,
JUNB,ZFP36L2,1,dorothea,
JUND,CCL5,1,dorothea,
JUND,GADD45A,1,dorothea,
JUND,IL6,1,dorothea,
JUND,ITGAV,-1,dorothea,
JUND,NOS2,1,dorothea,
JUND,NQO2,1,dorothea,
JUND,PLAUR,1,dorothea,
KLF13,AP3D1,-1,dorothea,
KLF13,ARID1A,-1,dorothea,
KLF13,ATP6V0D1,-1,dorothea,
KLF13,DNAJB1,-1,dorothea,
KLF13,ERCC1,-1,dorothea,
KLF13,FASN,-1,dorothea,
KLF13,FKBP5,-1,dorothea,
KLF13,FSCN1,-1,dorothea,
KLF13,OAZ1,-1,dorothea,
KLF13,PISD,-1,dorothea,
KLF13,PKNOX1,-1,dorothea,
KLF13,PLEC,-1,dorothea,
KLF13,RCSD1,-1,dorothea,
KLF13,REST,-1,dorothea,
KLF13,SLC1A5,-1,dorothea,
KLF13,SNX8,-1,dorothea,
KLF13,TBC1D14,-1,dorothea,
KLF3,ADD3,1,dorothea,
KLF3,ARHGAP5,1,dorothea,
KLF3,CAST,1,dorothea,
KLF3,GNG12,1,dorothea,
KLF3,TRIO,1,dorothea,
KLF4,ATF3,1,dorothea,
KLF4,BIRC5,-1,dorothea,
KLF4,CDKN1A,1,dorothea,
KLF4,PFKP,1,dorothea,
KLF4,VDR,-1,dorothea,
KLF6,ATF3,1,dorothea,
KLF6,LTC4S,1,dorothea,
KLF6,NOS2,1,dorothea,
KLF6,ACTN1,1,dorothea,
KLF6,ANXA2,1,dorothea,
KLF6,ARID5B,1,dorothea,
KLF6,ASAP1,1,dorothea,
KLF6,EHD1,1,dorothea,
KLF6,EPS8,1,dorothea,
KLF6,ETS2,1,dorothea,
KLF6,IER5,1,dorothea,
KLF6,IRF1,1,dorothea,
KLF6,ITGB1,1,dorothea,
KLF6,LDLR,1,dorothea,
KLF6,LHFPL2,1,dorothea,
KLF6,LMNA,1,dorothea,
KLF6,LRRFIP1,1,dorothea,
KLF6,MACF1,1,dorothea,
KLF6,MYH9,1,dorothea,
KLF6,NEDD9,1,dorothea,
KLF6,PLEC,1,dorothea,
KLF6,PTP4A1,1,dorothea,
KLF6,RBCK1,1,dorothea,
KLF6,RND3,1,dorothea,
KLF6,SH3BP2,1,dorothea,
KLF6,SREBF1,1,dorothea,
KLF6,TACC1,1,dorothea,
KLF6,TECR,1,dorothea,
KLF6,TSPAN14,1,dorothea,
KLF6,ZFP36L1,1,dorothea,
KLF6,ZFP36L2,1,dorothea,
KLF9,ACTN1,1,dorothea,
KLF9,AGRN,1,dorothea,
KLF9,AMPD2,1,dorothea,
KLF9,APBB2,1,dorothea,
KLF9,ARHGEF2,1,dorothea,
KLF9,ARID5B,1,dorothea,
KLF9,ASPSCR1,1,dorothea,
KLF9,DGKZ,1,dorothea,
KLF9,ECE1,1,dorothea,
KLF9,FYN,1,dorothea,
KLF9,GSN,1,dorothea,
KLF9,HIVEP3,1,dorothea,
KLF9,HPCAL1,1,dorothea,
KLF9,IFFO2,1,dorothea,
KLF9,IQSEC1,1,dorothea,
KLF9,MACF1,1,dorothea,
KLF9,MAFK,1,dorothea,
KLF9,MED15,1,dorothea,
KLF9,NADK,1,dorothea,
KLF9,NCOR2,1,dorothea,
KLF9,PER1,1,dorothea,
KLF9,PHC2,1,dorothea,
KLF9,PHLDB1,1,dorothea,
KLF9,PLEC,1,dorothea,
KLF9,POR,1,dorothea,
KLF9,SASH1,1,dorothea,
KLF9,SEC14L1,1,dorothea,
KLF9,SH3BP2,1,dorothea,
KLF9,SH3KBP1,1,dorothea,
KLF9,SH3TC1,1,dorothea,
KLF9,SYNJ2,1,dorothea,
KLF9,TACC1,1,dorothea,
KLF9,TBC1D24,1,dorothea,
KLF9,TNS1,1,dorothea,
KLF9,TRIOBP,1,dorothea,
KLF9,TSC22D3,1,dorothea,
LHX2,CDK14,1,dorothea,
LHX2,MID1,1,dorothea,
LHX2,MITF,1,dorothea,
LHX2,ZBTB20,1,dorothea,
LHX2,ZFP608,1,dorothea,
MAF,IL2RA,1,dorothea,
MAF,IL4RA,1,dorothea,
MAF,ARHGAP25,1,dorothea,
MAF,ARHGEF3,1,dorothea,
MAF,ARL4C,1,dorothea,
MAF,BRD4,1,dorothea,
MAF,CYTH1,1,dorothea,
MAF,GALM,1,dorothea,
MAF,MAP3K12,1,dorothea,
MAF,OSBPL3,1,dorothea,
MAF,PDE4D,1,dorothea,
MAF,PSTPIP1,1,dorothea,
MAF,RGS10,1,dorothea,
MAF,SFXN1,1,dorothea,
MAF,SH3BP5,1,dorothea,
MAF,SH3KBP1,1,dorothea,
MAF,SH3TC1,1,dorothea,
MAF,TBC1D14,1,dorothea,
MAF,TECR,1,dorothea,
MAFB,DSE,1,dorothea,
MAFB,TBC1D14,1,dorothea,
MAFB,AKAP13,1,dorothea,
MAFB,ANKRD17,1,dorothea,
MAFB,APBB2,1,dorothea,
MAFB,APPL2,1,dorothea,
MAFB,ARHGAP24,1,dorothea,
MAFB,CPEB4,1,dorothea,
MAFB,DAAM1,1,dorothea,
MAFB,DIP2C,1,dorothea,
MAFB,FLNB,1,dorothea,
MAFB,FMN1,1,dorothea,
MAFB,HDAC4,1,dorothea,
MAFB,JMJD1C,1,dorothea,
MAFB,KLF9,1,dorothea,
MAFB,MTSS1,1,dorothea,
MAFB,PRDM1,1,dorothea,
MAFB,PREX1,1,dorothea,
MAFB,SEC14L1,1,dorothea,
MAFB,SLC39A11,1,dorothea,
MAFB,SRPK2,1,dorothea,
MAFB,TBXAS1,1,dorothea,
MAFB,TJP2,1,dorothea,
MAFB,TNS3,1,dorothea,
MAFB,TRIO,1,dorothea,
MAFB,WDFY3,1,dorothea,
MAFB,ZBTB20,1,dorothea,
MAFB,ZMIZ1,1,dorothea,
MAFF,ARHGEF3,1,dorothea,
MAFF,ARID5B,1,dorothea,
MAFF,BCAS3,1,dorothea,
MAFF,BHLHE40,1,dorothea,
MAFF,CDK14,1,dorothea,
MAFF,CHN2,1,dorothea,
MAFF,CPEB4,1,dorothea,
MAFF,CYTH1,1,dorothea,
MAFF,DAAM1,1,dorothea,
MAFF,FLNB,1,dorothea,
MAFF,FMN1,1,dorothea,
MAFF,JMJD1C,1,dorothea,
MAFF,PALLD,1,dorothea,
MAFF,PDE4B,1,dorothea,
MAFF,PDE4D,1,dorothea,
MAFF,PDLIM5,1,dorothea,
MAFF,RABGAP1L,1,dorothea,
MAFF,RAPGEF1,1,dorothea,
MAFF,SEC14L1,1,dorothea,
MAFF,SLC8A1,1,dorothea,
MAFF,SMOX,1,dorothea,
MAFF,TBC1D14,1,dorothea,
MAFF,TEC,1,dorothea,
MAFF,TJP2,1,dorothea,
MAFF,TLN2,1,dorothea,
MAFF,WWP2,1,dorothea,
MAFG,EIF4G3,1,dorothea,
MAFG,ABCC1,1,dorothea,
MAFG,ARHGEF3,1,dorothea,
MAFG,FMN1,1,dorothea,
MAFG,HDAC4,1,dorothea,
MAFG,MED15,1,dorothea,
MAFG,PDE4D,1,dorothea,
MAFG,RAPGEF1,1,dorothea,
MAFG,TBC1D14,1,dorothea,
MAFG,TCF4,1,dorothea,
MAFG,TEC,1,dorothea,
MAFG,TJP2,1,dorothea,
MAFG,TSC22D2,1,dorothea,
MAFG,ZBTB20,1,dorothea,
MAFK,ARHGEF3,1,dorothea,
MAFK,CDK14,1,dorothea,
MAFK,CHD2,1,dorothea,
MAFK,DAAM1,1,dorothea,
MAFK,EIF4G3,1,dorothea,
MAFK,ERGIC1,1,dorothea,
MAFK,FLNB,1,dorothea,
MAFK,FMN1,1,dorothea,
MAFK,MYCBP2,1,dorothea,
MAFK,PDE4D,1,dorothea,
MAFK,RABGAP1L,1,dorothea,
MAFK,RAPGEF1,1,dorothea,
MAFK,SEC14L1,1,dorothea,
MAFK,SIK3,1,dorothea,
MAFK,SLC8A1,1,dorothea,
MAFK,TBC1D14,1,dorothea,
MAFK,TJP2,1,dorothea,
MAFK,TNS3,1,dorothea,
MAFK,ZBTB20,1,dorothea,
MAX,ODC1,1,dorothea,
MAX,SERF2,1,dorothea,
MAX,ACOT7,1,dorothea,
MAX,AGAP3,1,dorothea,
MAX,AP3D1,1,dorothea,
MAX,ARHGEF3,1,dorothea,
MAX,CAST,1,dorothea,
MAX,CTBP2,1,dorothea,
MAX,CYTH1,1,dorothea,
MAX,D5ERTD579E,1,dorothea,
MAX,DNM2,1,dorothea,
MAX,EVL,1,dorothea,
MAX,GSN,1,dorothea,
MAX,KLC1,1,dorothea,
MAX,LMNA,1,dorothea,
MAX,PCBP1,1,dorothea,
MAX,PFKFB3,1,dorothea,
MAX,PHC2,1,dorothea,
MAX,PLEC,1,dorothea,
MAX,RPS6KA2,1,dorothea,
MAX,SH3KBP1,1,dorothea,
MAX,SH3TC1,1,dorothea,
MAX,STAT3,1,dorothea,
MAX,STXBP1,1,dorothea,
MAX,TBCD,1,dorothea,
MAX,TSPAN18,1,dorothea,
MAZ,CTDSP1,1,dorothea,
MAZ,MARK2,1,dorothea,
MAZ,PPP1R9B,1,dorothea,
MAZ,RNF220,1,dorothea,
MAZ,ACTN1,1,dorothea,
MAZ,AGRN,1,dorothea,
MAZ,AP3D1,1,dorothea,
MAZ,ARAP1,1,dorothea,
MAZ,ARID1A,1,dorothea,
MAZ,CABIN1,1,dorothea,
MAZ,CCDC97,1,dorothea,
MAZ,CSK,1,dorothea,
MAZ,DGKZ,1,dorothea,
MAZ,GIT1,1,dorothea,
MAZ,GPR137,1,dorothea,
MAZ,GSE1,1,dorothea,
MAZ,HNRNPF,1,dorothea,
MAZ,KDM2B,1,dorothea,
MAZ,LASP1,1,dorothea,
MAZ,MAPKAPK3,1,dorothea,
MAZ,MED16,1,dorothea,
MAZ,NCOR2,1,dorothea,
MAZ,NOSIP,1,dorothea,
MAZ,PDXK,1,dorothea,
MAZ,PPFIA3,1,dorothea,
MAZ,PRPF31,1,dorothea,
MAZ,STAT6,1,dorothea,
MAZ,STK10,1,dorothea,
MAZ,STK11,1,dorothea,
MAZ,TACC3,1,dorothea,
MAZ,UBTF,1,dorothea,
MAZ,ZBTB7A,1,dorothea,
MBD1,SETDB1,-1,dorothea,
MBD1,ANKRD11,-1,dorothea,
MBD1,DAZAP1,-1,dorothea,
MBD1,DIDO1,-1,dorothea,
MBD1,DPP9,-1,dorothea,
MBD1,EXOC7,-1,dorothea,
MBD1,FOXK2,-1,dorothea,
MBD1,HOOK2,-1,dorothea,
MBD1,MAFK,-1,dorothea,
MBD1,NLRC5,-1,dorothea,
MBD1,PGS1,-1,dorothea,
MBD1,PRPF31,-1,dorothea,
MBD1,PSMG4,-1,dorothea,
MBD1,SECISBP2,-1,dorothea,
MBD1,SRCAP,-1,dorothea,
MBD1,SRSF7,-1,dorothea,
MBD1,TCF25,-1,dorothea,
MBD1,TRIM41,-1,dorothea,
MBD1,ZDHHC7,-1,dorothea,
MBD1,ZFP263,-1,dorothea,
MBD1,ZZEF1,-1,dorothea,
MBD2,AGAP3,1,dorothea,
MBD2,CBFA2T3,1,dorothea,
MBD2,CHD4,1,dorothea,
MBD2,SLC16A3,1,dorothea,
MBD2,TYK2,1,dorothea,
MEF2A,JUN,1,dorothea,
MEF2A,KLF2,1,dorothea,
MEF2A,ARHGAP10,1,dorothea,
MEF2A,ARHGAP24,1,dorothea,
MEF2A,ARHGEF12,1,dorothea,
MEF2A,ARHGEF3,1,dorothea,
MEF2A,ASAP1,1,dorothea,
MEF2A,ATF3,1,dorothea,
MEF2A,BCAS3,1,dorothea,
MEF2A,CAB39,1,dorothea,
MEF2A,CDC42EP3,1,dorothea,
MEF2A,CDYL,1,dorothea,
MEF2A,CHD9,1,dorothea,
MEF2A,DAAM1,1,dorothea,
MEF2A,EEA1,1,dorothea,
MEF2A,EFR3A,1,dorothea,
MEF2A,ERCC1,1,dorothea,
MEF2A,FAM129A,1,dorothea,
MEF2A,GOLIM4,1,dorothea,
MEF2A,HMGB1,1,dorothea,
MEF2A,ITGB1,1,dorothea,
MEF2A,ITPR1,1,dorothea,
MEF2A,JMJD1C,1,dorothea,
MEF2A,KDM4C,1,dorothea,
MEF2A,KLF6,1,dorothea,
MEF2A,KLF9,1,dorothea,
MEF2A,LHFPL2,1,dorothea,
MEF2A,LMNA,1,dorothea,
MEF2A,LRCH1,1,dorothea,
MEF2A,MACF1,1,dorothea,
MEF2A,MBNL1,1,dorothea,
MEF2A,MSN,1,dorothea,
MEF2A,MYH9,1,dorothea,
MEF2A,NCOA3,1,dorothea,
MEF2A,NCOA7,1,dorothea,
MEF2A,NEDD9,1,dorothea,
MEF2A,NEK6,1,dorothea,
MEF2A,NEK7,1,dorothea,
MEF2A,NIN,1,dorothea,
MEF2A,PALLD,1,dorothea,
MEF2A,PHTF2,1,dorothea,
MEF2A,PIK3AP1,1,dorothea,
MEF2A,PLCL2,1,dorothea,
MEF2A,PRDM2,1,dorothea,
MEF2A,RABGAP1L,1,dorothea,
MEF2A,RBPJ,1,dorothea,
MEF2A,RIN2,1,dorothea,
MEF2A,SASH1,1,dorothea,
MEF2A,SIPA1L1,1,dorothea,
MEF2A,ST6GAL1,1,dorothea,
MEF2A,SVIL,1,dorothea,
MEF2A,TBL1XR1,1,dorothea,
MEF2A,TCF4,1,dorothea,
MEF2A,TJP2,1,dorothea,
MEF2A,TNRC6B,1,dorothea,
MEF2A,TRIO,1,dorothea,
MEF2A,UTRN,1,dorothea,
MEF2A,UVRAG,1,dorothea,
MITF,APEX1,1,dorothea,
MITF,BCL2A1A,-1,dorothea,
MITF,BCL2A1B,-1,dorothea,
MITF,BCL2A1C,-1,dorothea,
MITF,BCL2A1D,-1,dorothea,
MITF,CDK2,1,dorothea,
MITF,CTSK,1,dorothea,
MITF,GPNMB,1,dorothea,
MITF,HERC2,1,dorothea,
MITF,HIF1A,1,dorothea,
MITF,ITPR1,1,dorothea,
MITF,MAPRE2,1,dorothea,
MITF,MET,1,dorothea,
MITF,PRKCB,1,dorothea,
MITF,TBC1D1,1,dorothea,
MITF,TYR,1,dorothea,
MXI1,CAST,-1,dorothea,
MXI1,CTBP2,-1,dorothea,
MXI1,ACLY,-1,dorothea,
MXI1,AHNAK,-1,dorothea,
MXI1,AK2,-1,dorothea,
MXI1,AMPD2,-1,dorothea,
MXI1,AP3D1,-1,dorothea,
MXI1,ARAP1,-1,dorothea,
MXI1,ARHGEF3,-1,dorothea,
MXI1,ARID1B,-1,dorothea,
MXI1,ARID3A,-1,dorothea,
MXI1,CUX1,-1,dorothea,
MXI1,CYTH1,-1,dorothea,
MXI1,FGGY,-1,dorothea,
MXI1,FOXN3,-1,dorothea,
MXI1,GLRX5,-1,dorothea,
MXI1,GORASP2,-1,dorothea,
MXI1,HMGB1,-1,dorothea,
MXI1,HMOX2,-1,dorothea,
MXI1,ING1,-1,dorothea,
MXI1,KLF10,-1,dorothea,
MXI1,LMNA,-1,dorothea,
MXI1,MACF1,-1,dorothea,
MXI1,MAP1LC3B,-1,dorothea,
MXI1,NFE2L1,-1,dorothea,
MXI1,NFE2L2,-1,dorothea,
MXI1,PCBP1,-1,dorothea,
MXI1,PDXK,-1,dorothea,
MXI1,PFKFB3,-1,dorothea,
MXI1,RUSC1,-1,dorothea,
MXI1,RUVBL1,-1,dorothea,
MXI1,SGMS1,-1,dorothea,
MXI1,TLE3,-1,dorothea,
MXI1,TLE4,-1,dorothea,
MXI1,TNS1,-1,dorothea,
MXI1,TRAPPC9,-1,dorothea,
MXI1,TSPAN4,-1,dorothea,
MXI1,UBE2D3,-1,dorothea,
MXI1,UCKL1,-1,dorothea,
MXI1,WDR81,-1,dorothea,
MXI1,YY1,-1,dorothea,
NCOA1,APPBP2,1,dorothea,
NCOA1,ARFGEF2,1,dorothea,
NCOA1,ASAP1,1,dorothea,
NCOA1,BPTF,1,dorothea,
NCOA1,CHD6,1,dorothea,
NCOA1,ESYT2,1,dorothea,
NCOA1,HIPK1,1,dorothea,
NCOA1,MAN1A2,1,dorothea,
NCOA1,MAPKAP1,1,dorothea,
NCOA1,PPP1R12A,1,dorothea,
NCOA1,STK3,1,dorothea,
NCOA1,TERF2,1,dorothea,
NCOA1,TMCC1,1,dorothea,
NCOA1,TRIM33,1,dorothea,
NCOA1,VPS13B,1,dorothea,
NCOA1,VPS13D,1,dorothea,
NCOA1,ZMIZ1,1,dorothea,
NCOA2,ARFGEF2,1,dorothea,
NCOA2,BPTF,1,dorothea,
NCOA2,CHD6,1,dorothea,
NCOA2,DAAM1,1,dorothea,
NCOA2,GSE1,1,dorothea,
NCOA2,HIPK1,1,dorothea,
NCOA2,MED13L,1,dorothea,
NCOA2,NCOA3,1,dorothea,
NCOA2,OXR1,1,dorothea,
NCOA2,RABGAP1L,1,dorothea,
NCOA2,SRPK2,1,dorothea,
NCOA2,TRIM33,1,dorothea,
NCOA2,UTRN,1,dorothea,
NCOA2,VPS13B,1,dorothea,
NCOA3,ARFGEF2,1,dorothea,
NCOA3,ARHGAP10,1,dorothea,
NCOA3,ASAP1,1,dorothea,
NCOA3,BPTF,1,dorothea,
NCOA3,HIPK1,1,dorothea,
NCOA3,LPP,1,dorothea,
NCOA3,MED13,1,dorothea,
NCOA3,MED13L,1,dorothea,
NCOA3,OXR1,1,dorothea,
NCOA3,PIP4K2A,1,dorothea,
NCOA3,SYNE2,1,dorothea,
NCOA3,TLK2,1,dorothea,
NCOA3,VPS13B,1,dorothea,
NCOA3,ZMYND8,1,dorothea,
NFATC1,FYN,1,dorothea,
NFATC1,NEDD9,1,dorothea,
NFATC1,ACTB,1,dorothea,
NFATC1,CFLAR,1,dorothea,
NFATC1,CHD2,1,dorothea,
NFATC1,CPNE1,1,dorothea,
NFATC1,GPR183,1,dorothea,
NFATC1,MACF1,1,dorothea,
NFATC1,NCOR2,1,dorothea,
NFATC1,NFKB1,1,dorothea,
NFATC1,PIAS1,1,dorothea,
NFATC1,PIP4K2A,1,dorothea,
NFATC1,PTK2B,1,dorothea,
NFATC1,SMARCA2,1,dorothea,
NFATC1,STK38L,1,dorothea,
NFATC1,TCF4,1,dorothea,
NFATC1,TNFAIP3,1,dorothea,
NFE2L1,ARHGAP6,1,dorothea,
NFE2L1,BCAS3,1,dorothea,
NFE2L1,CALD1,1,dorothea,
NFE2L1,DENND1A,1,dorothea,
NFE2L1,EXOC6B,1,dorothea,
NFE2L1,KIF13A,1,dorothea,
NFE2L1,PARN,1,dorothea,
NFE2L1,RTN4,1,dorothea,
NFE2L1,SORT1,1,dorothea,
NFE2L1,SQSTM1,1,dorothea,
NFE2L1,TBC1D5,1,dorothea,
NFE2L1,TNS1,1,dorothea,
NFE2L1,TXNRD1,1,dorothea,
NFE2L1,UBE2H,1,dorothea,
NFE2L2,MTHFR,1,dorothea,
NFE2L2,TXN1,1,dorothea,
NFE2L2,ABCC1,1,dorothea,
NFE2L2,NQO2,1,dorothea,
NFE2L2,TGIF1,1,dorothea,
NFKB1,AKT1,-1,dorothea,
NFKB1,ALOX5AP,1,dorothea,
NFKB1,ATF3,1,dorothea,
NFKB1,B2M,1,dorothea,
NFKB1,BCL2A1A,1,dorothea,
NFKB1,BCL2A1B,1,dorothea,
NFKB1,BCL2A1C,1,dorothea,
NFKB1,BCL3,1,dorothea,
NFKB1,BIRC2,1,dorothea,
NFKB1,BIRC5,1,dorothea,
NFKB1,BST1,1,dorothea,
NFKB1,CCL3,1,dorothea,
NFKB1,CCL4,1,dorothea,
NFKB1,CCND2,1,dorothea,
NFKB1,CCR7,1,dorothea,
NFKB1,CD69,1,dorothea,
NFKB1,CD74,1,dorothea,
NFKB1,CD83,1,dorothea,
NFKB1,CSNK2A1,1,dorothea,
NFKB1,CTCF,-1,dorothea,
NFKB1,CTSB,1,dorothea,
NFKB1,CXCL10,1,dorothea,
NFKB1,EBI3,1,dorothea,
NFKB1,FCGRT,1,dorothea,
NFKB1,FN1,-1,dorothea,
NFKB1,GADD45A,1,dorothea,
NFKB1,GADD45G,1,dorothea,
NFKB1,GSTP1,1,dorothea,
NFKB1,HIF1A,1,dorothea,
NFKB1,HMOX1,1,dorothea,
NFKB1,IER3,1,dorothea,
NFKB1,IL18,1,dorothea,
NFKB1,IL1RN,1,dorothea,
NFKB1,IRF1,1,dorothea,
NFKB1,IRF4,1,dorothea,
NFKB1,IRF7,1,dorothea,
NFKB1,JUNB,1,dorothea,
NFKB1,KLK1B11,1,dorothea,
NFKB1,LPL,1,dorothea,
NFKB1,MAT2A,1,dorothea,
NFKB1,NOLC1,1,dorothea,
NFKB1,PDGFB,1,dorothea,
NFKB1,PIGR,1,dorothea,
NFKB1,PLAU,1,dorothea,
NFKB1,PLAUR,1,dorothea,
NFKB1,PTAFR,1,dorothea,
NFKB1,RRM2B,1,dorothea,
NFKB1,SERPINA3G,-1,dorothea,
NFKB1,SOCS3,1,dorothea,
NFKB1,TIMP1,-1,dorothea,
NFKB1,TNFSF10,1,dorothea,
NFKB1,TRAF1,1,dorothea,
NFKB1,TRAF2,1,dorothea,
NFKB1,VEGFA,1,dorothea,
NFKB1,VIM,1,dorothea,
NFKB1,VWF,1,dorothea,
NFKB2,BCL2L1,-1,dorothea,
NFKB2,CCND2,1,dorothea,
NFYA,ACTB,1,dorothea,
NFYA,DDIT3,1,dorothea,
NFYA,FDPS,1,dorothea,
NFYA,SP3,1,dorothea,
NFYA,AP3M2,1,dorothea,
NFYA,CD74,1,dorothea,
NFYA,PNRC2,1,dorothea,
NFYA,ZFP608,1,dorothea,
NFYB,ACTB,1,dorothea,
NFYB,CCNB1,1,dorothea,
NFYB,CD74,1,dorothea,
NFYB,CRYZL1,1,dorothea,
NFYB,PCNA,1,dorothea,
NFYB,AMN1,1,dorothea,
NFYB,BAZ1B,1,dorothea,
NFYB,CCNB2,1,dorothea,
NFYB,CDK1,1,dorothea,
NFYB,CKS2,1,dorothea,
NFYB,COQ10B,1,dorothea,
NFYB,DNAJB1,1,dorothea,
NFYB,FADS1,1,dorothea,
NFYB,FDFT1,1,dorothea,
NFYB,IER5,1,dorothea,
NFYB,KCNAB2,1,dorothea,
NFYB,LBR,1,dorothea,
NFYB,LIPA,1,dorothea,
NFYB,LYPLA1,1,dorothea,
NFYB,MAT2B,1,dorothea,
NFYB,MBNL1,1,dorothea,
NFYB,MKNK2,1,dorothea,
NFYB,MKRN1,1,dorothea,
NFYB,MLEC,1,dorothea,
NFYB,NCEH1,1,dorothea,
NFYB,NEK7,1,dorothea,
NFYB,NUCB2,1,dorothea,
NFYB,OSBPL9,1,dorothea,
NFYB,PDIA4,1,dorothea,
NFYB,PEX16,1,dorothea,
NFYB,PRDM11,1,dorothea,
NFYB,RHOF,1,dorothea,
NFYB,RHOQ,1,dorothea,
NFYB,SOD2,1,dorothea,
NFYB,SRRM1,1,dorothea,
NFYB,TMEM14C,1,dorothea,
NFYB,TXNIP,1,dorothea,
NFYB,TXNRD1,1,dorothea,
NFYB,UBP1,1,dorothea,
NFYB,UHRF1,1,dorothea,
NFYB,UVRAG,1,dorothea,
NFYB,VCP,1,dorothea,
NFYB,ZFP608,1,dorothea,
NR1H2,ABCA1,1,dorothea,
NR1H2,ABCG1,1,dorothea,
NR1H2,BHLHE40,1,dorothea,
NR1H2,SREBF1,1,dorothea,
NR1H2,FASN,1,dorothea,
NR1H2,PPARG,1,dorothea,
NR1H2,CDC42EP4,1,dorothea,
NR1H2,DNAJB12,1,dorothea,
NR1H2,EIF1,1,dorothea,
NR1H2,NCOR2,1,dorothea,
NR1H2,SQSTM1,1,dorothea,
NR1H2,TBC1D1,1,dorothea,
NR2C2,ASXL1,1,dorothea,
NR2C2,GCC2,1,dorothea,
NR2C2,SNRNP200,1,dorothea,
NR2C2,TAF2,1,dorothea,
NR2C2,ACBD3,1,dorothea,
NR2C2,AGPS,1,dorothea,
NR2C2,ANXA11,1,dorothea,
NR2C2,ASB8,1,dorothea,
NR2C2,ATP11A,1,dorothea,
NR2C2,BAZ1B,1,dorothea,
NR2C2,BRD9,1,dorothea,
NR2C2,CHMP4B,1,dorothea,
NR2C2,CWC15,1,dorothea,
NR2C2,DDX42,1,dorothea,
NR2C2,DICER1,1,dorothea,
NR2C2,DUS1L,1,dorothea,
NR2C2,EBAG9,1,dorothea,
NR2C2,EHMT1,1,dorothea,
NR2C2,EIF3M,1,dorothea,
NR2C2,GOLGB1,1,dorothea,
NR2C2,GPATCH8,1,dorothea,
NR2C2,IMPACT,1,dorothea,
NR2C2,KDM5A,1,dorothea,
NR2C2,KRIT1,1,dorothea,
NR2C2,LSM7,1,dorothea,
NR2C2,MAP3K11,1,dorothea,
NR2C2,MAPKAP1,1,dorothea,
NR2C2,MRPL20,1,dorothea,
NR2C2,MRPL33,1,dorothea,
NR2C2,MRPS28,1,dorothea,
NR2C2,NAA50,1,dorothea,
NR2C2,NDUFB7,1,dorothea,
NR2C2,NDUFS6,1,dorothea,
NR2C2,NFE2L2,1,dorothea,
NR2C2,NOL7,1,dorothea,
NR2C2,NUP37,1,dorothea,
NR2C2,PCBP1,1,dorothea,
NR2C2,PRPF40A,1,dorothea,
NR2C2,RPRD1B,1,dorothea,
NR2C2,RPS21,1,dorothea,
NR2C2,RPS6KC1,1,dorothea,
NR2C2,SCNM1,1,dorothea,
NR2C2,SMARCD2,1,dorothea,
NR2C2,SNRPF,1,dorothea,
NR2C2,SRCAP,1,dorothea,
NR2C2,TBC1D22A,1,dorothea,
NR2C2,TMCO1,1,dorothea,
NR2C2,TNRC6A,1,dorothea,
NR2C2,TOMM40,1,dorothea,
NR2C2,TRIP13,1,dorothea,
NR2C2,TXNL1,1,dorothea,
NR2C2,USP37,1,dorothea,
NR2C2,VPS13D,1,dorothea,
NR2C2,WTAP,1,dorothea,
NR2C2,ZFP513,1,dorothea,
NR2F6,AFF1,-1,dorothea,
NR2F6,ARID5B,-1,dorothea,
NR2F6,ASPSCR1,-1,dorothea,
NR2F6,CCDC12,-1,dorothea,
NR2F6,IMPA2,-1,dorothea,
NR2F6,LSM4,-1,dorothea,
NR2F6,MVK,-1,dorothea,
NR2F6,RAB31,-1,dorothea,
NR2F6,RBPJ,-1,dorothea,
NR2F6,TTC7,-1,dorothea,
NR2F6,VPS54,-1,dorothea,
NR3C1,ATF2,-1,dorothea,
NR3C1,CALD1,1,dorothea,
NR4A1,MDM2,-1,dorothea,
NR4A1,ADD3,1,dorothea,
NR4A1,AKAP13,1,dorothea,
NR4A1,ALAS1,1,dorothea,
NR4A1,AMPD3,1,dorothea,
NR4A1,ANXA11,1,dorothea,
NR4A1,BCOR,1,dorothea,
NR4A1,BHLHE40,1,dorothea,
NR4A1,CCDC6,1,dorothea,
NR4A1,CDKAL1,1,dorothea,
NR4A1,CHD9,1,dorothea,
NR4A1,GAS7,1,dorothea,
NR4A1,LPP,1,dorothea,
NR4A1,RNF220,1,dorothea,
NR4A1,SH3KBP1,1,dorothea,
NR4A1,SIK3,1,dorothea,
NR4A1,SMAP2,1,dorothea,
NR4A1,STK40,1,dorothea,
NR4A1,TBC1D14,1,dorothea,
NR4A1,ZBTB20,1,dorothea,
NR4A1,ZMYND8,1,dorothea,
NRF1,CAPNS1,1,dorothea,
NRF1,PRDX5,1,dorothea,
NRF1,KDM2A,1,dorothea,
NRF1,OTUD5,1,dorothea,
NRF1,9930021J03RIK,1,dorothea,
NRF1,ACIN1,1,dorothea,
NRF1,BRF1,1,dorothea,
NRF1,CBX5,1,dorothea,
NRF1,CIC,1,dorothea,
NRF1,CLASP1,1,dorothea,
NRF1,DIDO1,1,dorothea,
NRF1,EHMT1,1,dorothea,
NRF1,EIF4ENIF1,1,dorothea,
NRF1,FADS1,1,dorothea,
NRF1,GRK5,1,dorothea,
NRF1,GTF2I,1,dorothea,
NRF1,ING1,1,dorothea,
NRF1,LUC7L2,1,dorothea,
NRF1,MAFG,1,dorothea,
NRF1,MEPCE,1,dorothea,
NRF1,MIB1,1,dorothea,
NRF1,MRPL34,1,dorothea,
NRF1,MRPL36,1,dorothea,
NRF1,NADK,1,dorothea,
NRF1,NARF,1,dorothea,
NRF1,PACS2,1,dorothea,
NRF1,PAICS,1,dorothea,
NRF1,PER1,1,dorothea,
NRF1,PKIB,1,dorothea,
NRF1,PKMYT1,1,dorothea,
NRF1,POLR2B,1,dorothea,
NRF1,PTTG1IP,1,dorothea,
NRF1,SERP1,1,dorothea,
NRF1,SF1,1,dorothea,
NRF1,SIN3A,1,dorothea,
NRF1,SOS1,1,dorothea,
NRF1,TBCB,1,dorothea,
NRF1,TOB2,1,dorothea,
NRF1,TRAPPC3,1,dorothea,
NRF1,U2AF2,1,dorothea,
NRF1,UIMC1,1,dorothea,
NRF1,WDR12,1,dorothea,
NRF1,ZFP263,1,dorothea,
PKNOX1,AP4S1,1,dorothea,
PKNOX1,ARHGAP6,1,dorothea,
PKNOX1,DNM2,1,dorothea,
PKNOX1,FGD6,1,dorothea,
PKNOX1,GALNT2,1,dorothea,
PKNOX1,GATAD2A,1,dorothea,
PKNOX1,HDAC4,1,dorothea,
PKNOX1,HIP1,1,dorothea,
PKNOX1,JARID2,1,dorothea,
PKNOX1,LIMS1,1,dorothea,
PKNOX1,PRKCB,1,dorothea,
PKNOX1,RNF220,1,dorothea,
PKNOX1,RPS6KC1,1,dorothea,
PKNOX1,SIL1,1,dorothea,
PKNOX1,SLC25A25,1,dorothea,
PKNOX1,TBPL1,1,dorothea,
PKNOX1,TCF4,1,dorothea,
PKNOX1,TECR,1,dorothea,
PKNOX1,TNS1,1,dorothea,
PKNOX1,TUSC3,1,dorothea,
PPARG,ATP2A2,1,dorothea,
PPARG,CD36,1,dorothea,
PPARG,CD83,1,dorothea,
PPARG,CDKN1A,1,dorothea,
PPARG,DBI,1,dorothea,
PPARG,LPL,1,dorothea,
PPARG,PTEN,1,dorothea,
PPARG,SAT1,1,dorothea,
PPARG,SCARB1,1,dorothea,
PRDM1,CIITA,-1,dorothea,
PRDM1,ACSS2,1,dorothea,
PRDM1,AOAH,1,dorothea,
PRDM1,ARAP2,1,dorothea,
PRDM1,ARHGAP26,1,dorothea,
PRDM1,CREB1,1,dorothea,
PRDM1,IFIT2,1,dorothea,
PRDM1,IL18,1,dorothea,
PRDM1,MBNL3,1,dorothea,
PRDM1,MID1,1,dorothea,
PRDM1,MYO1E,1,dorothea,
PRDM1,NR3C1,1,dorothea,
PRDM1,OLR1,1,dorothea,
PRDM1,PCNA,1,dorothea,
PRDM1,TNFSF8,1,dorothea,
PRDM1,ZFP36L1,1,dorothea,
PRDM1,ZHX1,1,dorothea,
RBPJ,NFKB1,1,dorothea,
RBPJ,PTEN,-1,dorothea,
RBPJ,FNDC3B,1,dorothea,
RBPJ,WIPF1,1,dorothea,
RBPJ,AMPD3,1,dorothea,
RBPJ,ANKRD44,1,dorothea,
RBPJ,ARHGEF3,1,dorothea,
RBPJ,ASAP1,1,dorothea,
RBPJ,CASP8,1,dorothea,
RBPJ,CBLB,1,dorothea,
RBPJ,CDK17,1,dorothea,
RBPJ,CXCR4,1,dorothea,
RBPJ,DPYSL2,1,dorothea,
RBPJ,FMNL2,1,dorothea,
RBPJ,GAS7,1,dorothea,
RBPJ,GPCPD1,1,dorothea,
RBPJ,GSN,1,dorothea,
RBPJ,IFNGR1,1,dorothea,
RBPJ,INPP4A,1,dorothea,
RBPJ,IRF8,1,dorothea,
RBPJ,LIMS1,1,dorothea,
RBPJ,LPP,1,dorothea,
RBPJ,LYST,1,dorothea,
RBPJ,MKNK2,1,dorothea,
RBPJ,NIN,1,dorothea,
RBPJ,NSMCE2,1,dorothea,
RBPJ,PAG1,1,dorothea,
RBPJ,PIK3AP1,1,dorothea,
RBPJ,PIP4K2A,1,dorothea,
RBPJ,PLEC,1,dorothea,
RBPJ,PMAIP1,1,dorothea,
RBPJ,RUNX1,1,dorothea,
RBPJ,SEMA4D,1,dorothea,
RBPJ,SH3KBP1,1,dorothea,
RBPJ,SIPA1L1,1,dorothea,
RBPJ,SNX25,1,dorothea,
RBPJ,TCF4,1,dorothea,
RBPJ,TNIP1,1,dorothea,
REL,CCL2,1,dorothea,
REL,IER3,1,dorothea,
REL,IL2RA,1,dorothea,
REL,IL6,-1,dorothea,
REL,NFKBIA,1,dorothea,
RELA,BAX,-1,dorothea,
RELA,BCL2A1A,1,dorothea,
RELA,BCL2A1B,1,dorothea,
RELA,BCL2A1C,1,dorothea,
RELA,BCL3,1,dorothea,
RELA,BIRC2,1,dorothea,
RELA,BIRC5,1,dorothea,
RELA,BNIP3,-1,dorothea,
RELA,CCL3,1,dorothea,
RELA,CCL4,1,dorothea,
RELA,CCL5,1,dorothea,
RELA,CCR5,1,dorothea,
RELA,CD69,1,dorothea,
RELA,CD74,1,dorothea,
RELA,CD83,1,dorothea,
RELA,CDK4,1,dorothea,
RELA,CDKN1A,1,dorothea,
RELA,CTSB,1,dorothea,
RELA,CXCR4,1,dorothea,
RELA,EBI3,1,dorothea,
RELA,EGR1,-1,dorothea,
RELA,FCGRT,1,dorothea,
RELA,GADD45G,1,dorothea,
RELA,GSTP1,1,dorothea,
RELA,HDAC1,1,dorothea,
RELA,HIF1A,1,dorothea,
RELA,IER3,1,dorothea,
RELA,IL18,1,dorothea,
RELA,IL1A,-1,dorothea,
RELA,IL1B,1,dorothea,
RELA,IL2RA,1,dorothea,
RELA,IRF1,1,dorothea,
RELA,IRF4,1,dorothea,
RELA,IRF7,1,dorothea,
RELA,KLK1B11,1,dorothea,
RELA,MAT2A,1,dorothea,
RELA,MCL1,1,dorothea,
RELA,NFKB2,1,dorothea,
RELA,NFKBIA,1,dorothea,
RELA,NOLC1,1,dorothea,
RELA,NR4A1,1,dorothea,
RELA,OPTN,1,dorothea,
RELA,PIGR,1,dorothea,
RELA,PLAU,1,dorothea,
RELA,PLAUR,1,dorothea,
RELA,PTX3,1,dorothea,
RELA,S100A6,1,dorothea,
RELA,SIRT1,1,dorothea,
RELA,SOCS3,1,dorothea,
RELA,TIMP1,-1,dorothea,
RELA,TRAF1,1,dorothea,
RELA,TRAF2,1,dorothea,
RELA,TRP53,1,dorothea,
RELA,VCAM1,1,dorothea,
RELA,VEGFA,1,dorothea,
RELB,CD40,1,dorothea,
RELB,PIGR,1,dorothea,
RELB,TNFAIP3,1,dorothea,
RFX2,MAPRE2,1,dorothea,
RFX2,STRN4,1,dorothea,
RFX2,TBCEL,1,dorothea,
RFX2,TXNDC17,1,dorothea,
RREB1,KLK1B11,-1,dorothea,
RUNX1,ARHGAP10,1,dorothea,
RUNX1,FYB,1,dorothea,
RUNX1,HIVEP3,1,dorothea,
RUNX1,ITGAX,1,dorothea,
RUNX1,ITGB2,1,dorothea,
RUNX1,KLK1B11,1,dorothea,
RUNX1,LCP2,1,dorothea,
RUNX1,LGALS3,1,dorothea,
RUNX1,MAD2L1,-1,dorothea,
RUNX1,NFKB1,1,dorothea,
RUNX1,PIK3CD,1,dorothea,
RUNX1,PRKCB,1,dorothea,
RUNX1,PRKCQ,1,dorothea,
RUNX1,PRR5L,1,dorothea,
RUNX2,RUNX1,1,dorothea,
RUNX2,ALCAM,1,dorothea,
RUNX2,AMPD3,1,dorothea,
RUNX2,ANKRD44,1,dorothea,
RUNX2,APP,1,dorothea,
RUNX2,ATP8B4,1,dorothea,
RUNX2,CBLB,1,dorothea,
RUNX2,CHN2,1,dorothea,
RUNX2,DOCK2,1,dorothea,
RUNX2,ITPR1,1,dorothea,
RUNX2,MAPKAP1,1,dorothea,
RUNX2,MET,1,dorothea,
RUNX2,MICAL2,1,dorothea,
RUNX2,MID1,1,dorothea,
RUNX2,MRPS27,1,dorothea,
RUNX2,MYOF,1,dorothea,
RUNX2,OSBPL3,1,dorothea,
RUNX2,PACSIN2,1,dorothea,
RUNX2,PIP4K2A,1,dorothea,
RUNX2,RFTN1,1,dorothea,
RUNX2,SVIL,1,dorothea,
RUNX2,TBXAS1,1,dorothea,
RUNX2,TCF4,1,dorothea,
RUNX2,TLE4,1,dorothea,
RUNX2,TNS1,1,dorothea,
RUNX2,TSPAN5,1,dorothea,
RUNX2,WIPF1,1,dorothea,
RUNX3,CASP8,1,dorothea,
RUNX3,CFLAR,-1,dorothea,
RUNX3,RUNX1,-1,dorothea,
RUNX3,TCF4,1,dorothea,
RUNX3,CIITA,1,dorothea,
RUNX3,CYTIP,1,dorothea,
RUNX3,DOCK2,1,dorothea,
RUNX3,FYN,1,dorothea,
SMAD1,ID2,1,dorothea,
SMAD1,GDF15,1,dorothea,
SMAD1,ZEB2,1,dorothea,
SMAD1,ARHGEF3,1,dorothea,
SMAD1,ARID1A,1,dorothea,
SMAD1,CTNNB1,1,dorothea,
SMAD1,IGF2R,1,dorothea,
SMAD1,LYN,1,dorothea,
SMAD1,MRPS27,1,dorothea,
SMAD1,TANC1,1,dorothea,
SMAD1,XPO7,1,dorothea,
SMAD4,AHR,1,dorothea,
SMAD4,JUN,1,dorothea,
SMAD4,MET,1,dorothea,
SMAD4,POR,1,dorothea,
SMAD4,ZFP36,1,dorothea,
SP1,ADAM10,1,dorothea,
SP1,ADAM17,1,dorothea,
SP1,ALDOA,1,dorothea,
SP1,ALOX5,1,dorothea,
SP1,APEX1,-1,dorothea,
SP1,ATF2,1,dorothea,
SP1,ATM,1,dorothea,
SP1,ATP1A3,1,dorothea,
SP1,ATP2A2,1,dorothea,
SP1,B4GALT1,1,dorothea,
SP1,BAX,1,dorothea,
SP1,BIRC5,1,dorothea,
SP1,BLMH,1,dorothea,
SP1,BRD7,1,dorothea,
SP1,C1QBP,1,dorothea,
SP1,CAT,1,dorothea,
SP1,CAV1,1,dorothea,
SP1,CD14,1,dorothea,
SP1,CD151,1,dorothea,
SP1,CD44,1,dorothea,
SP1,CD83,1,dorothea,
SP1,CD9,1,dorothea,
SP1,CDK1,1,dorothea,
SP1,CDKN1B,1,dorothea,
SP1,CDKN2D,1,dorothea,
SP1,CENPW,1,dorothea,
SP1,CREM,1,dorothea,
SP1,CSNK2A1,1,dorothea,
SP1,CTSD,1,dorothea,
SP1,DCK,1,dorothea,
SP1,DRG2,1,dorothea,
SP1,EAPP,1,dorothea,
SP1,ETS2,1,dorothea,
SP1,EZR,1,dorothea,
SP1,F10,1,dorothea,
SP1,F7,1,dorothea,
SP1,FAS,1,dorothea,
SP1,FES,1,dorothea,
SP1,FGL2,1,dorothea,
SP1,FN1,1,dorothea,
SP1,FOS,1,dorothea,
SP1,FURIN,1,dorothea,
SP1,GCLC,1,dorothea,
SP1,GFER,1,dorothea,
SP1,GSTP1,1,dorothea,
SP1,HDAC4,1,dorothea,
SP1,IER3,1,dorothea,
SP1,IFI204,1,dorothea,
SP1,IFI205,1,dorothea,
SP1,IFNGR1,1,dorothea,
SP1,IL12B,1,dorothea,
SP1,IL1A,1,dorothea,
SP1,IMPDH2,1,dorothea,
SP1,ITGAV,-1,dorothea,
SP1,ITGAX,1,dorothea,
SP1,JUN,1,dorothea,
SP1,KLK1B11,1,dorothea,
SP1,LDHA,1,dorothea,
SP1,LDLR,1,dorothea,
SP1,LTC4S,1,dorothea,
SP1,MAT2A,1,dorothea,
SP1,MAT2B,1,dorothea,
SP1,MCL1,1,dorothea,
SP1,MCTS1,1,dorothea,
SP1,MMP14,1,dorothea,
SP1,MNDAL,1,dorothea,
SP1,MPG,1,dorothea,
SP1,NFKB1,1,dorothea,
SP1,NFKB2,1,dorothea,
SP1,NOL7,1,dorothea,
SP1,NPY,1,dorothea,
SP1,NQO2,1,dorothea,
SP1,NR3C1,1,dorothea,
SP1,ODC1,1,dorothea,
SP1,PCNA,1,dorothea,
SP1,PDGFB,1,dorothea,
SP1,PDHA1,1,dorothea,
SP1,PIM1,1,dorothea,
SP1,PLAU,1,dorothea,
SP1,PLAUR,1,dorothea,
SP1,POLB,-1,dorothea,
SP1,PSEN1,1,dorothea,
SP1,PTGIR,1,dorothea,
SP1,PTTG1,1,dorothea,
SP1,RB1,1,dorothea,
SP1,REL,1,dorothea,
SP1,RELA,1,dorothea,
SP1,SLC25A5,1,dorothea,
SP1,SMAD4,1,dorothea,
SP1,SOCS1,1,dorothea,
SP1,SOD1,1,dorothea,
SP1,SOD2,-1,dorothea,
SP1,SP3,1,dorothea,
SP1,SPP1,1,dorothea,
SP1,STARD3,1,dorothea,
SP1,STK11,1,dorothea,
SP1,TAF7,1,dorothea,
SP1,TCN2,1,dorothea,
SP1,TGFBR2,1,dorothea,
SP1,TIMP1,1,dorothea,
SP1,TIMP2,1,dorothea,
SP1,TMPO,1,dorothea,
SP1,TNF,1,dorothea,
SP1,TNFSF10,-1,dorothea,
SP1,TRP53,1,dorothea,
SP1,TYMS,1,dorothea,
SP1,UBC,1,dorothea,
SP1,UGDH,1,dorothea,
SP1,UTRN,1,dorothea,
SP1,VAMP2,1,dorothea,
SP1,VDR,1,dorothea,
SP1,VIM,1,dorothea,
SP1,XIAP,1,dorothea,
SP1,YY1,1,dorothea,
SP2,ARHGEF1,1,dorothea,
SP2,BCAS3,1,dorothea,
SP2,CHD8,1,dorothea,
SP2,JUP,1,dorothea,
SP2,MON1B,1,dorothea,
SP2,NFYC,1,dorothea,
SP2,NUP214,1,dorothea,
SP2,RFWD3,1,dorothea,
SP2,SAP130,1,dorothea,
SP2,SOD2,1,dorothea,
SP2,USP16,1,dorothea,
SP3,ABCA1,-1,dorothea,
SP3,BTK,1,dorothea,
SP3,CD14,1,dorothea,
SP3,CD2AP,1,dorothea,
SP3,CD83,1,dorothea,
SP3,CDKN2D,1,dorothea,
SP3,CTSB,1,dorothea,
SP3,DNASE2A,1,dorothea,
SP3,EAPP,-1,dorothea,
SP3,ETF1,-1,dorothea,
SP3,ITGAV,1,dorothea,
SP3,KLK1B11,1,dorothea,
SP3,LTC4S,1,dorothea,
SP3,NOX4,1,dorothea,
SP3,PLAUR,1,dorothea,
SP3,TCN2,1,dorothea,
SP3,TIMP1,1,dorothea,
SP3,TIMP2,1,dorothea,
SP3,TNF,1,dorothea,
SP3,UBC,1,dorothea,
SP3,UTRN,1,dorothea,
SREBF1,ACLY,1,dorothea,
SREBF1,FDFT1,1,dorothea,
SREBF1,FDPS,1,dorothea,
SREBF1,HK2,1,dorothea,
SREBF1,HMGCR,1,dorothea,
SREBF1,HMGCS1,1,dorothea,
SREBF1,HMOX1,1,dorothea,
SREBF1,INSIG1,1,dorothea,
SREBF1,LDLR,1,dorothea,
SREBF1,LRP1,-1,dorothea,
SREBF1,PCYT2,1,dorothea,
SREBF1,SCD2,1,dorothea,
SREBF1,SQLE,1,dorothea,
SREBF2,ABCA1,-1,dorothea,
SREBF2,ACLY,1,dorothea,
SREBF2,ACOT7,1,dorothea,
SREBF2,FDFT1,1,dorothea,
SREBF2,HMGCR,1,dorothea,
SREBF2,INSIG1,1,dorothea,
SREBF2,LDLR,1,dorothea,
SREBF2,LRP1,-1,dorothea,
SREBF2,PCYT2,1,dorothea,
SREBF2,SQLE,1,dorothea,
SREBF2,STARD4,1,dorothea,
STAT1,ADAR,1,dorothea,
STAT1,AGFG2,-1,dorothea,
STAT1,AIM2,1,dorothea,
STAT1,APP,1,dorothea,
STAT1,ATG4C,1,dorothea,
STAT1,B3GAT3,1,dorothea,
STAT1,BAX,1,dorothea,
STAT1,BCL6,1,dorothea,
STAT1,BRD8,1,dorothea,
STAT1,BST2,1,dorothea,
STAT1,CCL2,1,dorothea,
STAT1,CCND2,1,dorothea,
STAT1,CCND3,1,dorothea,
STAT1,CCR1,1,dorothea,
STAT1,CCR5,1,dorothea,
STAT1,CD274,1,dorothea,
STAT1,CD40,1,dorothea,
STAT1,CD86,1,dorothea,
STAT1,CDKN1A,1,dorothea,
STAT1,CISH,1,dorothea,
STAT1,CREM,1,dorothea,
STAT1,CSF1,1,dorothea,
STAT1,CTSB,1,dorothea,
STAT1,CXCL9,1,dorothea,
STAT1,DCLRE1C,1,dorothea,
STAT1,DDX50,1,dorothea,
STAT1,EDEM2,1,dorothea,
STAT1,EIF2AK1,1,dorothea,
STAT1,EIF2AK2,1,dorothea,
STAT1,FAS,1,dorothea,
STAT1,FCGR4,1,dorothea,
STAT1,FCGRT,-1,dorothea,
STAT1,FOS,1,dorothea,
STAT1,GLS,1,dorothea,
STAT1,H2-DMA,1,dorothea,
STAT1,H2-DMB1,1,dorothea,
STAT1,HCFC1,-1,dorothea,
STAT1,HMOX1,1,dorothea,
STAT1,HSP90AA1,-1,dorothea,
STAT1,IFI35,1,dorothea,
STAT1,IFIT3,1,dorothea,
STAT1,IGF1,1,dorothea,
STAT1,IL12B,1,dorothea,
STAT1,IL12RB2,1,dorothea,
STAT1,IL18BP,1,dorothea,
STAT1,IL1B,1,dorothea,
STAT1,IL2RA,1,dorothea,
STAT1,IL6ST,1,dorothea,
STAT1,INO80,1,dorothea,
STAT1,IRF2,1,dorothea,
STAT1,IRF8,1,dorothea,
STAT1,IRF9,1,dorothea,
STAT1,ISG15,1,dorothea,
STAT1,ISG20,1,dorothea,
STAT1,JAK2,1,dorothea,
STAT1,JUN,1,dorothea,
STAT1,JUNB,1,dorothea,
STAT1,KIF2A,1,dorothea,
STAT1,LAP3,1,dorothea,
STAT1,LY96,1,dorothea,
STAT1,MAN1A,1,dorothea,
STAT1,MAT2A,1,dorothea,
STAT1,MCL1,1,dorothea,
STAT1,MED16,1,dorothea,
STAT1,MET,1,dorothea,
STAT1,MTMR9,1,dorothea,
STAT1,MVP,1,dorothea,
STAT1,MX1,1,dorothea,
STAT1,MX2,1,dorothea,
STAT1,MYD88,1,dorothea,
STAT1,NAA35,-1,dorothea,
STAT1,NMI,1,dorothea,
STAT1,OAS1A,1,dorothea,
STAT1,OAS1B,1,dorothea,
STAT1,OAS1G,1,dorothea,
STAT1,OAS2,1,dorothea,
STAT1,OAS3,1,dorothea,
STAT1,OASL1,1,dorothea,
STAT1,PARP14,1,dorothea,
STAT1,PIM1,1,dorothea,
STAT1,PLAU,1,dorothea,
STAT1,PLSCR1,1,dorothea,
STAT1,PML,1,dorothea,
STAT1,PPIP5K2,1,dorothea,
STAT1,PROS1,1,dorothea,
STAT1,PSMB9,1,dorothea,
STAT1,PTGS2,1,dorothea,
STAT1,PTTG1IP,1,dorothea,
STAT1,RIPK1,1,dorothea,
STAT1,RNF213,1,dorothea,
STAT1,S100A10,1,dorothea,
STAT1,SBNO2,1,dorothea,
STAT1,SCARB1,1,dorothea,
STAT1,SEMA4B,1,dorothea,
STAT1,SMARCA4,1,dorothea,
STAT1,SNRNP27,1,dorothea,
STAT1,SOCS2,1,dorothea,
STAT1,SOCS6,1,dorothea,
STAT1,STAT2,1,dorothea,
STAT1,STAT3,1,dorothea,
STAT1,TAP1,1,dorothea,
STAT1,TIMP1,1,dorothea,
STAT1,TLR3,1,dorothea,
STAT1,TRIM25,1,dorothea,
STAT1,VEGFA,1,dorothea,
STAT1,WARS,1,dorothea,
STAT1,ZC3HAV1,1,dorothea,
STAT1,ZFP367,-1,dorothea,
STAT1,ZFP655,1,dorothea,
STAT2,BST2,1,dorothea,
STAT2,CFB,1,dorothea,
STAT2,IFIT3,1,dorothea,
STAT2,IRF1,1,dorothea,
STAT2,MX1,1,dorothea,
STAT2,MX2,1,dorothea,
STAT2,OAS1A,1,dorothea,
STAT2,OAS1B,1,dorothea,
STAT2,OAS1G,1,dorothea,
STAT2,OAS2,1,dorothea,
STAT2,PML,1,dorothea,
STAT3,BCL6,1,dorothea,
STAT3,BIRC3,1,dorothea,
STAT3,BIRC5,1,dorothea,
STAT3,CCL2,1,dorothea,
STAT3,CCND2,1,dorothea,
STAT3,CCND3,1,dorothea,
STAT3,CD274,1,dorothea,
STAT3,CDK4,1,dorothea,
STAT3,CDKN1A,1,dorothea,
STAT3,CFB,1,dorothea,
STAT3,CISH,1,dorothea,
STAT3,COPS5,1,dorothea,
STAT3,ETV6,1,dorothea,
STAT3,FAS,-1,dorothea,
STAT3,HMOX1,1,dorothea,
STAT3,IFNAR1,1,dorothea,
STAT3,IGF1,1,dorothea,
STAT3,IL2RA,1,dorothea,
STAT3,IL6ST,1,dorothea,
STAT3,IRF1,1,dorothea,
STAT3,JUNB,1,dorothea,
STAT3,MCL1,1,dorothea,
STAT3,MYD88,1,dorothea,
STAT3,OSM,1,dorothea,
STAT3,PIM1,1,dorothea,
STAT3,PTGS2,1,dorothea,
STAT3,S100A11,1,dorothea,
STAT3,SOCS1,1,dorothea,
STAT3,STAT1,1,dorothea,
STAT3,TIMP1,1,dorothea,
STAT3,VEGFB,1,dorothea,
STAT3,ZFP36,1,dorothea,
STAT5A,BCL6,1,dorothea,
STAT5A,CCND2,-1,dorothea,
STAT5A,CCND3,1,dorothea,
STAT5A,IGF1,1,dorothea,
STAT5A,IL6ST,1,dorothea,
STAT5A,IRF1,1,dorothea,
STAT5A,MYD88,1,dorothea,
STAT5A,OSM,1,dorothea,
STAT5A,PIM1,1,dorothea,
STAT5B,BCL2L1,1,dorothea,
STAT5B,BCL6,1,dorothea,
STAT5B,CCND3,1,dorothea,
STAT5B,IGF1,1,dorothea,
STAT5B,IL2RA,1,dorothea,
STAT5B,IL6ST,1,dorothea,
STAT5B,OSM,1,dorothea,
STAT5B,PIM1,1,dorothea,
STAT6,CCL17,1,dorothea,
STAT6,CISH,1,dorothea,
STAT6,FOS,1,dorothea,
STAT6,IRF1,1,dorothea,
STAT6,RHOA,1,dorothea,
STAT6,SOCS1,1,dorothea,
TBP,APP,1,dorothea,
TBP,CDKN1A,1,dorothea,
TBP,FN1,1,dorothea,
TBP,FUS,-1,dorothea,
TBP,PMF1,1,dorothea,
TBP,ACTB,1,dorothea,
TBP,ABT1,1,dorothea,
TBP,ANXA2,1,dorothea,
TBP,BSG,1,dorothea,
TBP,CFLAR,1,dorothea,
TBP,DNAJB12,1,dorothea,
TBP,FAM49B,1,dorothea,
TBP,FBXL5,1,dorothea,
TBP,HBP1,1,dorothea,
TBP,HIVEP1,1,dorothea,
TBP,IER5,1,dorothea,
TBP,ITPR1,1,dorothea,
TBP,KDM2A,1,dorothea,
TBP,KLF6,1,dorothea,
TBP,LIMA1,1,dorothea,
TBP,LUC7L2,1,dorothea,
TBP,NCOR2,1,dorothea,
TBP,PNKP,1,dorothea,
TBP,PRPF31,1,dorothea,
TBP,PRRC2B,1,dorothea,
TBP,RABGAP1L,1,dorothea,
TBP,RUNX1,1,dorothea,
TBP,ST6GAL1,1,dorothea,
TBP,TGIF1,1,dorothea,
TBP,THUMPD3,1,dorothea,
TBP,USP3,1,dorothea,
TBP,USP45,1,dorothea,
TBP,ZMYND8,1,dorothea,
TCF12,PPP3CA,1,dorothea,
TCF12,ABR,1,dorothea,
TCF12,ANTXR2,1,dorothea,
TCF12,ARHGEF3,1,dorothea,
TCF12,ARID1B,1,dorothea,
TCF12,CAST,1,dorothea,
TCF12,CCDC12,1,dorothea,
TCF12,CHD9,1,dorothea,
TCF12,CTNNA1,1,dorothea,
TCF12,DAAM1,1,dorothea,
TCF12,DIP2C,1,dorothea,
TCF12,DPYSL2,1,dorothea,
TCF12,FNDC3B,1,dorothea,
TCF12,FTO,1,dorothea,
TCF12,GAS7,1,dorothea,
TCF12,HIVEP3,1,dorothea,
TCF12,IQGAP2,1,dorothea,
TCF12,ITPR2,1,dorothea,
TCF12,JARID2,1,dorothea,
TCF12,KDM2B,1,dorothea,
TCF12,KLF13,1,dorothea,
TCF12,LIMS1,1,dorothea,
TCF12,LPP,1,dorothea,
TCF12,LRCH1,1,dorothea,
TCF12,MACF1,1,dorothea,
TCF12,MBNL1,1,dorothea,
TCF12,MED15,1,dorothea,
TCF12,NRP2,1,dorothea,
TCF12,PALLD,1,dorothea,
TCF12,PDE4D,1,dorothea,
TCF12,PRRC2B,1,dorothea,
TCF12,RBPJ,1,dorothea,
TCF12,SBNO2,1,dorothea,
TCF12,SERTAD2,1,dorothea,
TCF12,SVIL,1,dorothea,
TCF12,TBC1D1,1,dorothea,
TCF12,TCF4,1,dorothea,
TCF12,TNRC6B,1,dorothea,
TCF12,WIPF1,1,dorothea,
TCF12,ZFHX3,1,dorothea,
TCF12,ZFP608,1,dorothea,
TCF4,VIM,1,dorothea,
TCF4,ADD3,1,dorothea,
TCF4,ARID5B,1,dorothea,
TCF4,CD9,1,dorothea,
TCF4,CHN2,1,dorothea,
TCF4,DAAM1,1,dorothea,
TCF4,ERI3,1,dorothea,
TCF4,GLS,1,dorothea,
TCF4,GOLIM4,1,dorothea,
TCF4,LIMA1,1,dorothea,
TCF4,MAML2,1,dorothea,
TCF4,OXR1,1,dorothea,
TCF4,PLEKHG1,1,dorothea,
TCF4,PPARG,1,dorothea,
TCF4,PRR5L,1,dorothea,
TCF4,SLC25A28,1,dorothea,
TCF4,TBL1XR1,1,dorothea,
TCF4,TGIF1,1,dorothea,
TCF4,TMEM131,1,dorothea,
TCF4,TRIO,1,dorothea,
TCF4,TRPS1,1,dorothea,
TCF4,USP3,1,dorothea,
TCF4,UTRN,1,dorothea,
TCF4,ZBTB7B,1,dorothea,
TCF4,ZFP608,1,dorothea,
TCF7L2,BIRC5,1,dorothea,
TCF7L2,CTNNB1,1,dorothea,
TCF7L2,STAT3,1,dorothea,
TCF7L2,VIM,-1,dorothea,
TFDP1,CAV1,1,dorothea,
TFDP1,CCNE1,1,dorothea,
TFDP1,CDK1,1,dorothea,
TFDP1,PCNA,1,dorothea,
TFDP1,RRM1,1,dorothea,
TFDP1,TYMS,1,dorothea,
TFDP1,CCNE2,1,dorothea,
TFDP1,CKAP2L,1,dorothea,
TFDP1,PTMA,1,dorothea,
TRP53,ABCC1,1,dorothea,
TRP53,AIFM2,1,dorothea,
TRP53,AKT1,-1,dorothea,
TRP53,ALOX5,1,dorothea,
TRP53,ARID3A,1,dorothea,
TRP53,ASCC3,1,dorothea,
TRP53,BCL2L1,1,dorothea,
TRP53,BCL3,-1,dorothea,
TRP53,BCL6,1,dorothea,
TRP53,BID,1,dorothea,
TRP53,BIRC5,-1,dorothea,
TRP53,BNIP3L,1,dorothea,
TRP53,BTG1,1,dorothea,
TRP53,BTG3,1,dorothea,
TRP53,CASP3,1,dorothea,
TRP53,CAV1,1,dorothea,
TRP53,CCNG1,1,dorothea,
TRP53,CCNG2,1,dorothea,
TRP53,CCNK,1,dorothea,
TRP53,CD82,1,dorothea,
TRP53,CDK1,-1,dorothea,
TRP53,CDKN1B,1,dorothea,
TRP53,CHUK,-1,dorothea,
TRP53,CTNNB1,-1,dorothea,
TRP53,CTSD,1,dorothea,
TRP53,DDB1,1,dorothea,
TRP53,DNMT1,-1,dorothea,
TRP53,DUSP1,1,dorothea,
TRP53,DUSP11,1,dorothea,
TRP53,EGR1,1,dorothea,
TRP53,EI24,1,dorothea,
TRP53,EZH2,-1,dorothea,
TRP53,GADD45G,1,dorothea,
TRP53,GPNMB,1,dorothea,
TRP53,GPX1,1,dorothea,
TRP53,GSTP1,1,dorothea,
TRP53,HSP90AB1,-1,dorothea,
TRP53,IER3,1,dorothea,
TRP53,IL1B,1,dorothea,
TRP53,ING1,1,dorothea,
TRP53,IRF5,1,dorothea,
TRP53,JAK2,1,dorothea,
TRP53,KAT2B,1,dorothea,
TRP53,KLK1B11,-1,dorothea,
TRP53,LIG1,1,dorothea,
TRP53,LITAF,1,dorothea,
TRP53,MDM4,1,dorothea,
TRP53,MKI67,1,dorothea,
TRP53,MRPL27,1,dorothea,
TRP53,NINJ1,1,dorothea,
TRP53,NME1,1,dorothea,
TRP53,NOS2,-1,dorothea,
TRP53,PLK1,-1,dorothea,
TRP53,PLK2,1,dorothea,
TRP53,PMAIP1,1,dorothea,
TRP53,PRDM1,1,dorothea,
TRP53,PRKAB1,1,dorothea,
TRP53,PTEN,-1,dorothea,
TRP53,PTTG1,1,dorothea,
TRP53,PYCARD,1,dorothea,
TRP53,RABGGTA,1,dorothea,
TRP53,RAD51,1,dorothea,
TRP53,RASSF1,-1,dorothea,
TRP53,RB1,-1,dorothea,
TRP53,RCHY1,1,dorothea,
TRP53,RELA,1,dorothea,
TRP53,RHOA,1,dorothea,
TRP53,RRM1,1,dorothea,
TRP53,RRM2B,1,dorothea,
TRP53,SERTAD1,1,dorothea,
TRP53,SIAH1A,1,dorothea,
TRP53,SLC2A1,-1,dorothea,
TRP53,STAT1,1,dorothea,
TRP53,STAT3,-1,dorothea,
TRP53,SYK,1,dorothea,
TRP53,TAP1,1,dorothea,
TRP53,TBXAS1,-1,dorothea,
TRP53,TRIAP1,1,dorothea,
TRP53,TSC2,1,dorothea,
TRP53,UBE2L3,1,dorothea,
TRP53,VCAN,1,dorothea,
TRP53,VDR,1,dorothea,
TRP53,VEGFA,-1,dorothea,
TRP53,WRN,-1,dorothea,
TRP53,ZMAT3,1,dorothea,
USF1,ABCA1,1,dorothea,
USF1,APC,1,dorothea,
USF1,APEX1,1,dorothea,
USF1,B2M,1,dorothea,
USF1,CCNB1,1,dorothea,
USF1,CDK4,1,dorothea,
USF1,CEBPA,1,dorothea,
USF1,CTSB,1,dorothea,
USF1,CTSD,1,dorothea,
USF1,CXCR4,1,dorothea,
USF1,HMOX1,1,dorothea,
USF1,ISG20,1,dorothea,
USF1,MYH9,1,dorothea,
USF1,NUP188,1,dorothea,
USF1,P4HA1,1,dorothea,
USF1,PTGS2,-1,dorothea,
USF1,PTPN6,1,dorothea,
USF1,S100A6,1,dorothea,
USF1,SERBP1,1,dorothea,
USF1,SF1,1,dorothea,
USF1,TCN2,1,dorothea,
USF1,TRIM25,1,dorothea,
USF1,TYMS,1,dorothea,
USF2,ABCA1,1,dorothea,
USF2,APC,1,dorothea,
USF2,ATP5A1,1,dorothea,
USF2,B2M,1,dorothea,
USF2,CTSB,1,dorothea,
USF2,CTSD,1,dorothea,
USF2,CXCR4,1,dorothea,
USF2,IGF2R,1,dorothea,
USF2,MYH9,1,dorothea,
USF2,P4HA1,1,dorothea,
USF2,PTGS2,1,dorothea,
USF2,PTPN6,1,dorothea,
USF2,SF1,1,dorothea,
USF2,TCN2,1,dorothea,
USF2,THBS1,1,dorothea,
VDR,BHLHE40,1,dorothea,
VDR,CDKN1A,1,dorothea,
VDR,CDKN1B,1,dorothea,
VDR,ELL,1,dorothea,
VDR,IL12B,-1,dorothea,
VDR,PTK2B,1,dorothea,
XBP1,CTNNA1,1,dorothea,
XBP1,DOCK1,1,dorothea,
XBP1,PRNP,1,dorothea,
XBP1,PRPF31,1,dorothea,
XBP1,RUNX1,1,dorothea,
XBP1,SND1,1,dorothea,
XBP1,ZZEF1,1,dorothea,
YY1,APH1A,1,dorothea,
YY1,ATP13A1,-1,dorothea,
YY1,ATXN10,1,dorothea,
YY1,CCDC43,1,dorothea,
YY1,COQ5,1,dorothea,
YY1,COQ9,1,dorothea,
YY1,CPSF2,1,dorothea,
YY1,CREBBP,-1,dorothea,
YY1,CTCF,1,dorothea,
YY1,CXCR4,-1,dorothea,
YY1,DEK,1,dorothea,
YY1,DLG1,1,dorothea,
YY1,DNAJA3,-1,dorothea,
YY1,DNAJB4,1,dorothea,
YY1,EP300,1,dorothea,
YY1,FAS,-1,dorothea,
YY1,FDPS,-1,dorothea,
YY1,FGFR1OP,-1,dorothea,
YY1,HCFC1,1,dorothea,
YY1,HNRNPL,-1,dorothea,
YY1,HSF1,1,dorothea,
YY1,IRAK1,-1,dorothea,
YY1,LDLR,-1,dorothea,
YY1,LSS,1,dorothea,
YY1,MANF,1,dorothea,
YY1,MKLN1,-1,dorothea,
YY1,MRPL46,1,dorothea,
YY1,MRPS10,-1,dorothea,
YY1,MRPS18B,-1,dorothea,
YY1,MRPS24,1,dorothea,
YY1,NARS,1,dorothea,
YY1,NOS2,1,dorothea,
YY1,NR3C1,1,dorothea,
YY1,PPP2R1A,-1,dorothea,
YY1,PRDM2,1,dorothea,
YY1,PSMD8,-1,dorothea,
YY1,RAB3GAP1,1,dorothea,
YY1,RANBP10,-1,dorothea,
YY1,RAVER1,-1,dorothea,
YY1,RNF40,1,dorothea,
YY1,RPRD2,-1,dorothea,
YY1,SNX27,-1,dorothea,
YY1,SPNS1,-1,dorothea,
YY1,SRP68,-1,dorothea,
YY1,TTC17,-1,dorothea,
YY1,WDR82,1,dorothea,
ZBTB11,ADAM17,1,dorothea,
ZBTB11,AZIN1,1,dorothea,
ZBTB11,CEPT1,1,dorothea,
ZBTB11,CGGBP1,1,dorothea,
ZBTB11,ELK4,1,dorothea,
ZBTB11,FBXO28,1,dorothea,
ZBTB11,GABPA,1,dorothea,
ZBTB11,GNA13,1,dorothea,
ZBTB11,GTF3C3,1,dorothea,
ZBTB11,KDM5A,1,dorothea,
ZBTB11,PPP1R15B,1,dorothea,
ZBTB11,SEC22B,1,dorothea,
ZBTB11,UBE2D3,1,dorothea,
ZBTB11,UCHL5,1,dorothea,
ZBTB11,USPL1,1,dorothea,
ZBTB11,VCPIP1,1,dorothea,
ZBTB11,YY1,1,dorothea,
ZBTB11,ZFP131,1,dorothea,
ZBTB7A,PFKP,-1,dorothea,
ZBTB7A,ABR,-1,dorothea,
ZBTB7A,ACTB,-1,dorothea,
ZBTB7A,ADAM8,-1,dorothea,
ZBTB7A,AGRN,-1,dorothea,
ZBTB7A,AKT1,-1,dorothea,
ZBTB7A,AP3D1,-1,dorothea,
ZBTB7A,ASPSCR1,-1,dorothea,
ZBTB7A,BHLHE40,-1,dorothea,
ZBTB7A,CDC42EP4,-1,dorothea,
ZBTB7A,CIC,-1,dorothea,
ZBTB7A,COMT,-1,dorothea,
ZBTB7A,CUX1,-1,dorothea,
ZBTB7A,DNMT3A,-1,dorothea,
ZBTB7A,ECE1,-1,dorothea,
ZBTB7A,EHD1,-1,dorothea,
ZBTB7A,FAM129B,-1,dorothea,
ZBTB7A,FMNL1,-1,dorothea,
ZBTB7A,GATAD2A,-1,dorothea,
ZBTB7A,KHSRP,-1,dorothea,
ZBTB7A,LMNA,-1,dorothea,
ZBTB7A,METRNL,-1,dorothea,
ZBTB7A,MGRN1,-1,dorothea,
ZBTB7A,MKNK2,-1,dorothea,
ZBTB7A,NCOR2,-1,dorothea,
ZBTB7A,NOTCH1,-1,dorothea,
ZBTB7A,NR2F6,-1,dorothea,
ZBTB7A,PCBP1,-1,dorothea,
ZBTB7A,PDGFB,-1,dorothea,
ZBTB7A,PIAS4,-1,dorothea,
ZBTB7A,PLEC,-1,dorothea,
ZBTB7A,PPP1R9B,-1,dorothea,
ZBTB7A,PTBP1,-1,dorothea,
ZBTB7A,PTCH1,-1,dorothea,
ZBTB7A,RNF220,-1,dorothea,
ZBTB7A,SKI,-1,dorothea,
ZBTB7A,STAT6,-1,dorothea,
ZBTB7A,TRIM8,-1,dorothea,
ZBTB7A,ZBTB7B,-1,dorothea,
ZEB2,VIM,1,dorothea,
ZEB2,ANXA4,-1,dorothea,
ZEB2,ARHGEF2,-1,dorothea,
ZEB2,ASAP1,-1,dorothea,
ZEB2,CREG1,-1,dorothea,
ZEB2,DENND1A,-1,dorothea,
ZEB2,DMXL2,-1,dorothea,
ZEB2,DOCK11,-1,dorothea,
ZEB2,FNDC3B,-1,dorothea,
ZEB2,FYN,-1,dorothea,
ZEB2,GAB2,-1,dorothea,
ZEB2,HIP1,-1,dorothea,
ZEB2,IKZF1,-1,dorothea,
ZEB2,ITPR1,-1,dorothea,
ZEB2,LHFPL2,-1,dorothea,
ZEB2,LIMS1,-1,dorothea,
ZEB2,MBNL1,-1,dorothea,
ZEB2,NSMAF,-1,dorothea,
ZEB2,PIK3CG,-1,dorothea,
ZEB2,PIP4K2A,-1,dorothea,
ZEB2,PRKAR2B,-1,dorothea,
ZEB2,PRKCB,-1,dorothea,
ZEB2,QK,-1,dorothea,
ZEB2,RAB31,-1,dorothea,
ZEB2,RAB8B,-1,dorothea,
ZEB2,SERTAD2,-1,dorothea,
ZEB2,SGMS1,-1,dorothea,
ZEB2,TBC1D5,-1,dorothea,
ZEB2,TBL1XR1,-1,dorothea,
ZEB2,TCF4,-1,dorothea,
ZEB2,UTRN,-1,dorothea,
ZFP143,CDYL,1,dorothea,
ZFP143,DENND1A,1,dorothea,
ZFP143,DIP2C,1,dorothea,
ZFP143,DNAJB6,1,dorothea,
ZFP143,FNDC3B,1,dorothea,
ZFP143,FRMD4A,1,dorothea,
ZFP143,FTO,1,dorothea,
ZFP143,GATAD2A,1,dorothea,
ZFP143,ITPR1,1,dorothea,
ZFP143,LMNA,1,dorothea,
ZFP143,MAP4K4,1,dorothea,
ZFP143,MED13L,1,dorothea,
ZFP143,MGRN1,1,dorothea,
ZFP143,MRPS22,1,dorothea,
ZFP143,NCOA1,1,dorothea,
ZFP143,NUCB1,1,dorothea,
ZFP143,PCBP1,1,dorothea,
ZFP143,PLEC,1,dorothea,
ZFP143,PRDM11,1,dorothea,
ZFP143,PRPF31,1,dorothea,
ZFP143,RABGAP1L,1,dorothea,
ZFP143,RPTOR,1,dorothea,
ZFP143,SLC38A1,1,dorothea,
ZFP143,TALDO1,1,dorothea,
ZFP143,VAMP7,1,dorothea,
ZFP143,VASP,1,dorothea,
ZFP143,ZMIZ1,1,dorothea,
ZFP217,ARID5B,1,dorothea,
ZFP217,FMN1,1,dorothea,
ZFP217,FNDC3B,1,dorothea,
ZFP217,IQGAP1,1,dorothea,
ZFP217,OSBPL8,1,dorothea,
ZFP217,TET3,1,dorothea,
ZFP217,USP32,1,dorothea,
ZFP217,VAV3,1,dorothea,
ZFP263,ABCA7,-1,dorothea,
ZFP263,ABR,-1,dorothea,
ZFP263,ACOT7,-1,dorothea,
ZFP263,AGAP1,-1,dorothea,
ZFP263,AGAP3,-1,dorothea,
ZFP263,AGRN,-1,dorothea,
ZFP263,AKT2,-1,dorothea,
ZFP263,ANKRD11,-1,dorothea,
ZFP263,ARAP1,-1,dorothea,
ZFP263,ARHGEF1,-1,dorothea,
ZFP263,ARID1B,-1,dorothea,
ZFP263,ASAP1,-1,dorothea,
ZFP263,ASS1,-1,dorothea,
ZFP263,ATP11A,-1,dorothea,
ZFP263,BAIAP2,-1,dorothea,
ZFP263,BCOR,-1,dorothea,
ZFP263,BIN1,-1,dorothea,
ZFP263,CBFA2T3,-1,dorothea,
ZFP263,CCNY,-1,dorothea,
ZFP263,CDC42EP4,-1,dorothea,
ZFP263,CSNK1D,-1,dorothea,
ZFP263,CTNNA1,-1,dorothea,
ZFP263,CUX1,-1,dorothea,
ZFP263,DCAKD,-1,dorothea,
ZFP263,DENND1A,-1,dorothea,
ZFP263,DGCR8,-1,dorothea,
ZFP263,DGKZ,-1,dorothea,
ZFP263,DIP2C,-1,dorothea,
ZFP263,DLGAP4,-1,dorothea,
ZFP263,DNAJB12,-1,dorothea,
ZFP263,DNAJB6,-1,dorothea,
ZFP263,EHD1,-1,dorothea,
ZFP263,ELL,-1,dorothea,
ZFP263,ERGIC1,-1,dorothea,
ZFP263,FBRS,-1,dorothea,
ZFP263,GAK,-1,dorothea,
ZFP263,GSE1,-1,dorothea,
ZFP263,GSN,-1,dorothea,
ZFP263,HDAC4,-1,dorothea,
ZFP263,HK1,-1,dorothea,
ZFP263,HPCAL1,-1,dorothea,
ZFP263,IQSEC1,-1,dorothea,
ZFP263,IQSEC2,-1,dorothea,
ZFP263,ITGB2,-1,dorothea,
ZFP263,ITPK1,-1,dorothea,
ZFP263,ITPR1,-1,dorothea,
ZFP263,KCNAB2,-1,dorothea,
ZFP263,KDM2B,-1,dorothea,
ZFP263,LDLRAP1,-1,dorothea,
ZFP263,LHFPL2,-1,dorothea,
ZFP263,LMNA,-1,dorothea,
ZFP263,MACF1,-1,dorothea,
ZFP263,MAP2K2,-1,dorothea,
ZFP263,MED15,-1,dorothea,
ZFP263,MKNK2,-1,dorothea,
ZFP263,MYO7A,-1,dorothea,
ZFP263,NADK,-1,dorothea,
ZFP263,NCOR2,-1,dorothea,
ZFP263,NOTCH1,-1,dorothea,
ZFP263,PDXK,-1,dorothea,
ZFP263,PFKL,-1,dorothea,
ZFP263,PFKP,-1,dorothea,
ZFP263,PI4KA,-1,dorothea,
ZFP263,PIP5K1C,-1,dorothea,
ZFP263,PLCG2,-1,dorothea,
ZFP263,PLEC,-1,dorothea,
ZFP263,PLXND1,-1,dorothea,
ZFP263,PNPLA7,-1,dorothea,
ZFP263,POLE,-1,dorothea,
ZFP263,POR,-1,dorothea,
ZFP263,PPIL2,-1,dorothea,
ZFP263,PQLC2,-1,dorothea,
ZFP263,PSD4,-1,dorothea,
ZFP263,PXN,-1,dorothea,
ZFP263,RALGDS,-1,dorothea,
ZFP263,RNF220,-1,dorothea,
ZFP263,RPS6KA1,-1,dorothea,
ZFP263,RPS6KA2,-1,dorothea,
ZFP263,RPTOR,-1,dorothea,
ZFP263,RUNX1,-1,dorothea,
ZFP263,SBNO2,-1,dorothea,
ZFP263,SCARB1,-1,dorothea,
ZFP263,SDC3,-1,dorothea,
ZFP263,SEC14L1,-1,dorothea,
ZFP263,SH3TC1,-1,dorothea,
ZFP263,SKI,-1,dorothea,
ZFP263,SLC25A10,-1,dorothea,
ZFP263,SLC38A10,-1,dorothea,
ZFP263,SLC6A6,-1,dorothea,
ZFP263,SLC9A1,-1,dorothea,
ZFP263,SND1,-1,dorothea,
ZFP263,SPEG,-1,dorothea,
ZFP263,SYNJ2,-1,dorothea,
ZFP263,TACC3,-1,dorothea,
ZFP263,TBCD,-1,dorothea,
ZFP263,TLE3,-1,dorothea,
ZFP263,TNS1,-1,dorothea,
ZFP263,TNS3,-1,dorothea,
ZFP263,TRAPPC9,-1,dorothea,
ZFP263,TRIO,-1,dorothea,
ZFP263,TTC7,-1,dorothea,
ZFP263,ZC3H18,-1,dorothea,
ZFP263,ZFP608,-1,dorothea,
ZFP263,ZMIZ1,-1,dorothea,
ZFP384,PANK2,1,dorothea,
ZFP384,ANKRD11,1,dorothea,
ZFP384,AP3D1,1,dorothea,
ZFP384,ARID1A,1,dorothea,
ZFP384,ATXN2,1,dorothea,
ZFP384,BRD4,1,dorothea,
ZFP384,CDKAL1,1,dorothea,
ZFP384,CNOT1,1,dorothea,
ZFP384,CREBBP,1,dorothea,
ZFP384,CTSB,1,dorothea,
ZFP384,DENND5A,1,dorothea,
ZFP384,DYRK1A,1,dorothea,
ZFP384,EIF4G3,1,dorothea,
ZFP384,ELF1,1,dorothea,
ZFP384,FDFT1,1,dorothea,
ZFP384,FLNB,1,dorothea,
ZFP384,GON4L,1,dorothea,
ZFP384,GTF2I,1,dorothea,
ZFP384,H13,1,dorothea,
ZFP384,HERPUD1,1,dorothea,
ZFP384,IGF2R,1,dorothea,
ZFP384,JMJD1C,1,dorothea,
ZFP384,KDM4C,1,dorothea,
ZFP384,KEAP1,1,dorothea,
ZFP384,MAP4K4,1,dorothea,
ZFP384,MED15,1,dorothea,
ZFP384,NDE1,1,dorothea,
ZFP384,NFAT5,1,dorothea,
ZFP384,PHACTR4,1,dorothea,
ZFP384,PI4KA,1,dorothea,
ZFP384,PRPF31,1,dorothea,
ZFP384,PRRC2B,1,dorothea,
ZFP384,RACGAP1,1,dorothea,
ZFP384,SPEN,1,dorothea,
ZFP384,SRPK2,1,dorothea,
ZFP384,TAOK3,1,dorothea,
ZFP384,TBC1D14,1,dorothea,
ZFP384,TCF4,1,dorothea,
ZFP384,TGIF1,1,dorothea,
ZFP384,THRAP3,1,dorothea,
ZFP384,TRAPPC9,1,dorothea,
ZFP384,USP34,1,dorothea,
ZFP384,VEGFA,1,dorothea,
ZFP384,ZMYND8,1,dorothea,
ZFP639,AHCTF1,-1,dorothea,
ZFP639,CSDE1,-1,dorothea,
ZFP639,HIPK3,-1,dorothea,
ZFP639,HMGB1,-1,dorothea,
ZFP639,MAPK9,-1,dorothea,
ZFP639,MEF2A,-1,dorothea,
ZFP639,MTDH,-1,dorothea,
ZFP639,PDS5B,-1,dorothea,
ZFP639,PHF10,-1,dorothea,
ZFP639,PPP2R5C,-1,dorothea,
ZFP639,PTP4A2,-1,dorothea,
ZFP639,PTPN11,-1,dorothea,
ZFP639,RHEB,-1,dorothea,
ZFP639,RNF38,-1,dorothea,
ZFP639,SAMD8,-1,dorothea,
ZFP639,SIN3A,-1,dorothea,
ZFP639,SLC30A5,-1,dorothea,
ZFP639,UBE3A,-1,dorothea,
ZFP639,ZC3H7A,-1,dorothea,
ZFP639,ZFP143,-1,dorothea,
ZFP639,ZZZ3,-1,dorothea,
ZFX,ADD1,1,dorothea,
ZFX,ANP32B,1,dorothea,
ZFX,ARID1B,1,dorothea,
ZFX,ASH2L,1,dorothea,
ZFX,CDK13,1,dorothea,
ZFX,CELF1,1,dorothea,
ZFX,CGGBP1,1,dorothea,
ZFX,CREB1,1,dorothea,
ZFX,DDX6,1,dorothea,
ZFX,DERL2,1,dorothea,
ZFX,DGCR8,1,dorothea,
ZFX,FBXL5,1,dorothea,
ZFX,GABPA,1,dorothea,
ZFX,HNRNPF,1,dorothea,
ZFX,IFRD1,1,dorothea,
ZFX,MCM7,1,dorothea,
ZFX,MRPL36,1,dorothea,
ZFX,MYADM,1,dorothea,
ZFX,MYO1C,1,dorothea,
ZFX,NAA38,1,dorothea,
ZFX,NIPBL,1,dorothea,
ZFX,PCGF5,1,dorothea,
ZFX,PUM2,1,dorothea,
ZFX,QRICH1,1,dorothea,
ZFX,RBM33,1,dorothea,
ZFX,RNF4,1,dorothea,
ZFX,RPL22,1,dorothea,
ZFX,SMAD2,1,dorothea,
ZFX,UBE2D3,1,dorothea,
ZFX,UBXN2A,1,dorothea,
ZFX,USF2,1,dorothea,
ZFX,USP37,1,dorothea,
ZFX,ZBTB7A,1,dorothea,
ZFX,ZFP143,1,dorothea,
ZFX,ZMYND8,1,dorothea,
ZKSCAN1,ACTB,1,dorothea,
ZKSCAN1,ALDH3B1,1,dorothea,
ZKSCAN1,CAPZB,1,dorothea,
ZKSCAN1,CHD9,1,dorothea,
ZKSCAN1,CYTH1,1,dorothea,
ZKSCAN1,ELAVL1,1,dorothea,
ZKSCAN1,FAM49B,1,dorothea,
ZKSCAN1,GAS2L1,1,dorothea,
ZKSCAN1,HOOK2,1,dorothea,
ZKSCAN1,IQCG,1,dorothea,
ZKSCAN1,MED15,1,dorothea,
ZKSCAN1,RAB11FIP5,1,dorothea,
ZKSCAN1,RALGDS,1,dorothea,
ZKSCAN1,SMOX,1,dorothea,
ZKSCAN1,TICAM1,1,dorothea,
ZKSCAN1,TTC7B,1,dorothea,
ZKSCAN1,UBE2L3,1,dorothea,
