source,target,sign,source_db,confidence
AATF,BAX,-1,gold_standard,
AATF,MYC,1,gold_standard,
ABL1,BAX,1,gold_standard,
ABL1,BCL6,-1,gold_standard,
ABL1,CCND2,1,gold_standard,
ABL1,CDKN1A,1,gold_standard,
ABL1,FOXO3,1,gold_standard,
ABL1,JUN,1,gold_standard,
ABL1,PIM1,1,gold_standard,
ABL1,TP53,1,gold_standard,
AES,RND3,1,gold_standard,
AHR,CCNG2,1,gold_standard,
AHR,CYP1B1,1,gold_standard,
AHR,PCNA,1,gold_standard,
AHR,RFC3,1,gold_standard,
AIP,AHR,1,gold_standard,
AIP,GREB1,-1,gold_standard,
AIP,NFKB2,-1,gold_standard,
AIP,RSF1,-1,gold_standard,
AIP,TFF1,-1,gold_standard,
APBB1,GMPS,-1,gold_standard,
APC,AKT1,-1,gold_standard,
APC,AMHR2,-1,gold_standard,
APC,DNMT1,-1,gold_standard,
APC,MYC,-1,gold_standard,
APC,ODC1,-1,gold_standard,
APC,SGK1,-1,gold_standard,
APEX1,CCL2,1,gold_standard,
APEX1,NFKB1,1,gold_standard,
APEX1,RELA,1,gold_standard,
APEX1,SLC5A5,1,gold_standard,
ARID3A,PML,1,gold_standard,
ARNT,CCNE1,-1,gold_standard,
ARNT,CDK2,-1,gold_standard,
ARNT,CYP1B1,1,gold_standard,
ARNT,EPO,1,gold_standard,
ARNT,FOS,-1,gold_standard,
ARNT,HIF1A,1,gold_standard,
ARNT,JUN,-1,gold_standard,
ARNTL,BHLHE40,1,gold_standard,
ARNTL,CRY1,1,gold_standard,
ARNTL,CRY2,1,gold_standard,
ARNTL,PER1,1,gold_standard,
ARNTL,PER2,1,gold_standard,
ATF1,CFTR,1,gold_standard,
ATF1,FTH1,1,gold_standard,
ATF1,MAP1LC3B,1,gold_standard,
ATF1,MITF,1,gold_standard,
ATF1,SLC20A1,1,gold_standard,
ATF1,TGFB2,1,gold_standard,
ATF2,APOC3,1,gold_standard,
ATF2,ATF3,1,gold_standard,
ATF2,CCND1,1,gold_standard,
ATF2,KAT5,-1,gold_standard,
ATF2,JUN,1,gold_standard,
ATF2,MMP2,1,gold_standard,
ATF2,PCK1,1,gold_standard,
ATF2,POLB,1,gold_standard,
ATF2,RELA,1,gold_standard,
ATF2,ST3GAL5,1,gold_standard,
ATF2,TGFB2,-1,gold_standard,
ATF3,ADIPOR1,-1,gold_standard,
ATF3,ADIPOR2,-1,gold_standard,
ATF3,ASNS,1,gold_standard,
ATF3,DDIT3,1,gold_standard,
ATF3,GDF15,1,gold_standard,
ATF3,ID1,-1,gold_standard,
ATF3,LDLR,-1,gold_standard,
ATF3,MMP2,-1,gold_standard,
ATF4,APOE,1,gold_standard,
ATF4,ASNS,1,gold_standard,
ATF4,ATF3,1,gold_standard,
ATF4,ATG5,1,gold_standard,
ATF4,CEBPB,1,gold_standard,
ATF4,CHAC1,1,gold_standard,
ATF4,DDIT3,1,gold_standard,
ATF4,DDIT4,1,gold_standard,
ATF4,HSPA5,-1,gold_standard,
ATF4,IRF7,-1,gold_standard,
ATF4,MAP1LC3B,1,gold_standard,
ATF4,NDC80,1,gold_standard,
ATF4,NUPR1,1,gold_standard,
ATF4,SIGMAR1,1,gold_standard,
ATF4,SIRT1,1,gold_standard,
ATF4,SIRT2,-1,gold_standard,
ATF4,TRIB3,1,gold_standard,
ATF4,VEGFA,1,gold_standard,
ATF5,CCND3,1,gold_standard,
ATF5,CREB1,1,gold_standard,
ATF5,ID1,-1,gold_standard,
ATF6,DNAJC3,1,gold_standard,
ATF6,NUCB1,1,gold_standard,
ATF6,RTN3,1,gold_standard,
ATF6,STARD4,1,gold_standard,
ATF6,WBP1,1,gold_standard,
ATF7,TAF12,1,gold_standard,
ATM,BAX,1,gold_standard,
ATM,CFLAR,1,gold_standard,
ATM,DUSP1,1,gold_standard,
ATM,FOXM1,1,gold_standard,
ATM,GADD45A,1,gold_standard,
ATM,MCL1,1,gold_standard,
ATM,PMAIP1,-1,gold_standard,
ATM,PVR,1,gold_standard,
ATM,SLC2A1,-1,gold_standard,
ATM,SP1,-1,gold_standard,
ATM,TERF1,-1,gold_standard,
ATM,TNFRSF10B,-1,gold_standard,
ATM,VEGFA,-1,gold_standard,
BACH1,HMOX1,1,gold_standard,
BCL3,CTCF,-1,gold_standard,
BCL3,EGFR,1,gold_standard,
BCL3,NFKB1,-1,gold_standard,
BCL6,BCL2L1,-1,gold_standard,
BCL6,BCL6,-1,gold_standard,
BCL6,CCND2,-1,gold_standard,
BCL6,CDKN1A,-1,gold_standard,
BCL6,CHEK1,-1,gold_standard,
BCL6,HDAC7,-1,gold_standard,
BCL6,LITAF,-1,gold_standard,
BCL6,MYC,1,gold_standard,
BCL6,NFKB1,-1,gold_standard,
BCL6,PDCD2,-1,gold_standard,
BCL6,SUMO1,-1,gold_standard,
BCL6,XBP1,-1,gold_standard,
BRCA1,ASPM,1,gold_standard,
BRCA1,ATM,1,gold_standard,
BRCA1,CDH3,-1,gold_standard,
BRCA1,CDKN1A,1,gold_standard,
BRCA1,CDKN1B,1,gold_standard,
BRCA1,CTSD,-1,gold_standard,
BRCA1,CYP19A1,1,gold_standard,
BRCA1,DDB2,1,gold_standard,
BRCA1,DDIT3,1,gold_standard,
BRCA1,E2F6,-1,gold_standard,
BRCA1,EGFR,-1,gold_standard,
BRCA1,EP300,1,gold_standard,
BRCA1,FST,1,gold_standard,
BRCA1,GADD45A,1,gold_standard,
BRCA1,HMGA2,-1,gold_standard,
BRCA1,HNRNPA2B1,-1,gold_standard,
BRCA1,HSPA5,-1,gold_standard,
BRCA1,IGF1,-1,gold_standard,
BRCA1,IRF7,1,gold_standard,
BRCA1,IRF9,1,gold_standard,
BRCA1,KHSRP,-1,gold_standard,
BRCA1,MAD2L1,1,gold_standard,
BRCA1,MDM2,1,gold_standard,
BRCA1,RNASEL,1,gold_standard,
BRCA1,S100A2,1,gold_standard,
BRCA1,SIRT1,1,gold_standard,
BRCA1,STAT1,1,gold_standard,
BRCA1,STAT2,1,gold_standard,
BRCA1,TFF1,-1,gold_standard,
BRCA1,VEGFA,1,gold_standard,
BRD7,BRD2,1,gold_standard,
BRD7,BRD3,1,gold_standard,
BRD7,E2F3,-1,gold_standard,
BTAF1,DR1,-1,gold_standard,
BTAF1,TBP,-1,gold_standard,
BTF3,ABL2,1,gold_standard,
BTF3,ATM,1,gold_standard,
BTF3,EPHB2,1,gold_standard,
BTF3,NFKB1,-1,gold_standard,
BTF3,RRAS2,-1,gold_standard,
BTG2,CCND1,-1,gold_standard,
BTG2,HRAS,-1,gold_standard,
CDCA7L,MAOB,-1,gold_standard,
CDX2,ACAT2,1,gold_standard,
CDX2,APC,1,gold_standard,
CDX2,AXIN2,1,gold_standard,
CDX2,CDKN1A,1,gold_standard,
CDX2,CFTR,1,gold_standard,
CDX2,FUT2,1,gold_standard,
CDX2,HEPH,1,gold_standard,
CDX2,KLF4,1,gold_standard,
CDX2,LCT,1,gold_standard,
CDX2,MEP1A,1,gold_standard,
CDX2,SLC15A1,1,gold_standard,
CDX2,TFF3,1,gold_standard,
CEBPA,CCL2,1,gold_standard,
CEBPA,CSF3R,1,gold_standard,
CEBPA,HSD17B11,1,gold_standard,
CEBPA,HSPA4,1,gold_standard,
CEBPA,IGF1,1,gold_standard,
CEBPA,INSR,1,gold_standard,
CEBPA,MYC,-1,gold_standard,
CEBPA,SERPINC1,1,gold_standard,
CEBPA,SOCS3,1,gold_standard,
CEBPA,SPP1,1,gold_standard,
CEBPA,STAR,1,gold_standard,
CEBPB,ADM,1,gold_standard,
CEBPB,CDKN1A,1,gold_standard,
CEBPB,CSF3R,1,gold_standard,
CEBPB,CSRP1,1,gold_standard,
CEBPB,CYP19A1,-1,gold_standard,
CEBPB,FURIN,1,gold_standard,
CEBPB,GDF15,1,gold_standard,
CEBPB,GFER,-1,gold_standard,
CEBPB,INSR,1,gold_standard,
CEBPB,PCK2,1,gold_standard,
CEBPB,PRDM1,1,gold_standard,
CEBPB,SAA2,1,gold_standard,
CEBPB,SLC19A1,1,gold_standard,
CEBPB,STAR,1,gold_standard,
CEBPB,TNFAIP6,1,gold_standard,
CEBPB,XBP1,1,gold_standard,
CEBPD,CYP19A1,-1,gold_standard,
CEBPD,DDIT3,1,gold_standard,
CEBPD,POU5F1,1,gold_standard,
CEBPD,SOD1,1,gold_standard,
CEBPD,TNFAIP6,1,gold_standard,
CEBPZ,APC,1,gold_standard,
CEBPZ,MLH1,-1,gold_standard,
CHD8,CCNE2,1,gold_standard,
CLOCK,BHLHE40,1,gold_standard,
CLOCK,CRY1,1,gold_standard,
CLOCK,CRY2,1,gold_standard,
CLOCK,NAMPT,1,gold_standard,
CLOCK,NR3C1,-1,gold_standard,
CLOCK,PER1,1,gold_standard,
CLOCK,PER2,1,gold_standard,
CLOCK,STAR,1,gold_standard,
COPS5,CDKN1B,-1,gold_standard,
COPS5,VEGFA,1,gold_standard,
CRABP2,RARA,1,gold_standard,
CREB1,ACACA,1,gold_standard,
CREB1,CASP8,1,gold_standard,
CREB1,CYP19A1,1,gold_standard,
CREB1,ETV3,1,gold_standard,
CREB1,GRPR,1,gold_standard,
CREB1,HMOX1,-1,gold_standard,
CREB1,JUN,-1,gold_standard,
CREB1,MITF,1,gold_standard,
CREB1,NDC80,1,gold_standard,
CREB1,NOLC1,1,gold_standard,
CREB1,NR2F6,-1,gold_standard,
CREB1,NR5A2,1,gold_standard,
CREB1,PPP2CA,1,gold_standard,
CREB1,PPP2R2B,1,gold_standard,
CREB1,PSEN1,1,gold_standard,
CREB1,SLC20A1,1,gold_standard,
CREB1,SMAD6,1,gold_standard,
CREB1,SNAI1,-1,gold_standard,
CREB1,UXT,1,gold_standard,
CREB3,CXCR4,1,gold_standard,
CREB3L1,SLC1A4,-1,gold_standard,
CREBBP,CDKN1A,1,gold_standard,
CREBBP,CREB1,1,gold_standard,
CREBBP,HINFP,1,gold_standard,
CREBBP,IRF1,1,gold_standard,
CREBBP,PSMC5,1,gold_standard,
CREG1,HSPA4,-1,gold_standard,
CREM,CCNA2,-1,gold_standard,
CREM,CREB1,-1,gold_standard,
CREM,DUSP1,-1,gold_standard,
CREM,DUSP4,-1,gold_standard,
CREM,FOS,-1,gold_standard,
CREM,G6PD,-1,gold_standard,
CREM,SLC5A5,1,gold_standard,
CTBP1,BRCA1,-1,gold_standard,
CTBP1,BRCA2,-1,gold_standard,
CTBP1,CLDN7,-1,gold_standard,
CTCF,APP,1,gold_standard,
CTCF,BCL6,-1,gold_standard,
CTCF,MYC,1,gold_standard,
CTCF,PAX6,1,gold_standard,
CTCF,RARRES1,1,gold_standard,
CTNNB1,CCND1,1,gold_standard,
CTNNB1,CLDN2,1,gold_standard,
CTNNB1,JUN,1,gold_standard,
CTNNB1,MMP14,1,gold_standard,
CTNNB1,MYC,1,gold_standard,
CTNNB1,PLD1,1,gold_standard,
CTNNB1,RB1,-1,gold_standard,
CTNNB1,STARD7,1,gold_standard,
CTNNB1,VIM,1,gold_standard,
CUX1,WNT5A,1,gold_standard,
DBP,ALDOB,1,gold_standard,
DDB2,SOD2,-1,gold_standard,
DDIT3,ANKRD1,-1,gold_standard,
DDIT3,ASNS,-1,gold_standard,
DDIT3,ATF2,-1,gold_standard,
DDIT3,ATF5,-1,gold_standard,
DDIT3,ATG5,1,gold_standard,
DDIT3,CEBPA,-1,gold_standard,
DDIT3,MAP1LC3B,1,gold_standard,
DDIT3,RTN3,1,gold_standard,
DDIT3,SIRT1,-1,gold_standard,
DDIT3,SIRT2,-1,gold_standard,
DDIT3,TNFRSF10B,1,gold_standard,
DDIT3,TRIB3,1,gold_standard,
DEK,PRDX5,-1,gold_standard,
DENND4A,ERBB2,-1,gold_standard,
DNMT1,BIRC5,-1,gold_standard,
DNMT1,BMP2,-1,gold_standard,
DNMT1,CASP8,-1,gold_standard,
DNMT1,CDH1,-1,gold_standard,
DNMT1,CXCR4,-1,gold_standard,
DNMT1,IL32,-1,gold_standard,
DNMT1,MBD2,-1,gold_standard,
DNMT1,MSH2,1,gold_standard,
DNMT1,RB1,-1,gold_standard,
DNMT1,TIMP3,-1,gold_standard,
DNMT1,TNFRSF10B,-1,gold_standard,
DNMT1,VEGFA,1,gold_standard,
DNMT3A,CDH6,-1,gold_standard,
DR1,TBP,-1,gold_standard,
E2F3,AURKA,1,gold_standard,
E2F3,CDKN1A,1,gold_standard,
E2F4,BRCA1,1,gold_standard,
E2F4,HCFC1,1,gold_standard,
E2F4,MCM10,-1,gold_standard,
E2F4,PLK1,-1,gold_standard,
E2F4,RAD51,-1,gold_standard,
E2F4,TOPBP1,-1,gold_standard,
E2F4,TTK,-1,gold_standard,
E2F6,APAF1,-1,gold_standard,
E4F1,CCNA2,-1,gold_standard,
EAF1,ELL,1,gold_standard,
EAPP,MAOB,-1,gold_standard,
ECD,GCGR,-1,gold_standard,
EGR1,ATF3,1,gold_standard,
EGR1,BCAR1,1,gold_standard,
EGR1,CCND1,1,gold_standard,
EGR1,CDKN1A,1,gold_standard,
EGR1,EAPP,1,gold_standard,
EGR1,EGFR,1,gold_standard,
EGR1,EP300,1,gold_standard,
EGR1,FGF2,1,gold_standard,
EGR1,FN1,1,gold_standard,
EGR1,GDF15,1,gold_standard,
EGR1,HIF1A,1,gold_standard,
EGR1,HSD11B2,-1,gold_standard,
EGR1,HYAL1,1,gold_standard,
EGR1,IGF2,1,gold_standard,
EGR1,LDLR,1,gold_standard,
EGR1,LMTK2,1,gold_standard,
EGR1,MMP14,1,gold_standard,
EGR1,NAB2,1,gold_standard,
EGR1,PDGFB,1,gold_standard,
EGR1,PDGFC,1,gold_standard,
EGR1,PLAUR,1,gold_standard,
EGR1,PTEN,1,gold_standard,
EGR1,RBL2,1,gold_standard,
EGR1,SLC4A2,1,gold_standard,
EGR1,SOD1,1,gold_standard,
EGR1,STIM1,1,gold_standard,
EGR1,TCF4,1,gold_standard,
EGR1,TMPO,1,gold_standard,
EGR1,TP53,1,gold_standard,
EGR1,UBE2S,1,gold_standard,
EGR1,VEGFA,1,gold_standard,
EHMT2,SIAH1,-1,gold_standard,
ELF1,CD68,1,gold_standard,
ELF1,MEIS1,1,gold_standard,
ELF2,VCP,1,gold_standard,
ELF3,TIMP3,1,gold_standard,
ELK1,EIF2AK1,1,gold_standard,
ELK1,EZH2,1,gold_standard,
ELK1,FOSL1,1,gold_standard,
ELK1,PSEN1,1,gold_standard,
ELK1,TNFRSF10B,1,gold_standard,
ELK4,FOS,1,gold_standard,
ELL,BAX,-1,gold_standard,
ELL,CDKN1A,-1,gold_standard,
ELL,MDM2,-1,gold_standard,
ENO1,MYC,-1,gold_standard,
EP300,BIRC5,1,gold_standard,
EP300,BRCA1,1,gold_standard,
EP300,CCNE1,1,gold_standard,
EP300,CDKN1A,1,gold_standard,
EP300,CRABP1,1,gold_standard,
EP300,DNMT1,1,gold_standard,
EP300,EIF2AK1,1,gold_standard,
EP300,EPO,1,gold_standard,
EP300,HINFP,1,gold_standard,
EP300,MYC,-1,gold_standard,
EP300,PCNA,-1,gold_standard,
EP300,TBXAS1,1,gold_standard,
EP300,TRIM22,1,gold_standard,
EP300,VCAM1,1,gold_standard,
EP300,VEGFA,1,gold_standard,
EPAS1,FLT1,1,gold_standard,
EPAS1,MMP14,1,gold_standard,
EPAS1,VEGFA,1,gold_standard,
ERCC2,BAX,1,gold_standard,
ERCC2,CDKN1A,1,gold_standard,
ERCC2,LAMTOR5,-1,gold_standard,
ERCC2,TP53,1,gold_standard,
ESRRA,CYP19A1,1,gold_standard,
ESRRA,NR2F6,-1,gold_standard,
ESRRA,NRIP1,1,gold_standard,
ESRRA,SNAI1,-1,gold_standard,
ETS1,ANGPT2,1,gold_standard,
ETS1,ANPEP,1,gold_standard,
ETS1,BAX,-1,gold_standard,
ETS1,BMP4,1,gold_standard,
ETS1,CHUK,1,gold_standard,
ETS1,CSF3R,1,gold_standard,
ETS1,ECE1,1,gold_standard,
ETS1,EGR1,1,gold_standard,
ETS1,GRPR,1,gold_standard,
ETS1,LCK,1,gold_standard,
ETS1,MDM2,-1,gold_standard,
ETS1,NDRG1,-1,gold_standard,
ETS1,PARP1,1,gold_standard,
ETS1,RHOC,1,gold_standard,
ETS1,TBXAS1,-1,gold_standard,
ETS1,TGFBR2,1,gold_standard,
ETS1,TNC,1,gold_standard,
ETS2,ANGPT2,1,gold_standard,
ETS2,ANPEP,1,gold_standard,
ETS2,CSF3R,1,gold_standard,
ETS2,LCK,1,gold_standard,
ETS2,MDM2,1,gold_standard,
ETS2,MSR1,1,gold_standard,
ETV3,NFKB1,-1,gold_standard,
ETV3,RELA,-1,gold_standard,
ETV4,CCND2,1,gold_standard,
ETV4,CCND3,1,gold_standard,
ETV4,ERBB2,-1,gold_standard,
ETV4,ETS1,1,gold_standard,
ETV4,MMP14,1,gold_standard,
ETV4,VIM,1,gold_standard,
ETV6,CDKN1A,1,gold_standard,
ETV6,MAD2L1,-1,gold_standard,
EWSR1,MITF,1,gold_standard,
EWSR1,PHLDA1,-1,gold_standard,
EWSR1,TGFBR2,-1,gold_standard,
EZH2,ADAMTS1,-1,gold_standard,
EZH2,ALDH1A1,-1,gold_standard,
EZH2,APC,-1,gold_standard,
EZH2,AXL,1,gold_standard,
EZH2,CCND1,1,gold_standard,
EZH2,CCNE1,1,gold_standard,
EZH2,CDH1,-1,gold_standard,
EZH2,CDKN1A,-1,gold_standard,
EZH2,HDAC1,-1,gold_standard,
EZH2,KPNB1,1,gold_standard,
EZH2,MMP2,1,gold_standard,
EZH2,MST1,-1,gold_standard,
EZH2,MYC,-1,gold_standard,
EZH2,PCNA,1,gold_standard,
EZH2,PEBP1,-1,gold_standard,
EZH2,PIP5K1C,-1,gold_standard,
EZH2,SATB1,-1,gold_standard,
EZH2,TP53,-1,gold_standard,
FHL2,CCND1,-1,gold_standard,
FHL2,CDKN1A,1,gold_standard,
FHL2,CDKN1B,1,gold_standard,
FOS,CASP9,1,gold_standard,
FOS,CCK,1,gold_standard,
FOS,CCND1,-1,gold_standard,
FOS,CLU,-1,gold_standard,
FOS,CREM,1,gold_standard,
FOS,DDIT3,1,gold_standard,
FOS,ERCC4,1,gold_standard,
FOS,EZR,1,gold_standard,
FOS,FMO4,1,gold_standard,
FOS,FOS,-1,gold_standard,
FOS,HSPH1,1,gold_standard,
FOS,MYC,-1,gold_standard,
FOS,NFKB1,-1,gold_standard,
FOS,SMAD7,1,gold_standard,
FOS,SRR,1,gold_standard,
FOSB,TIMP1,-1,gold_standard,
FOSL1,ITGAV,-1,gold_standard,
FOSL2,BCL6,1,gold_standard,
FOSL2,BRCA1,1,gold_standard,
FOSL2,FOSL1,1,gold_standard,
FOSL2,MDM2,1,gold_standard,
FOSL2,TIMP1,-1,gold_standard,
FOXA1,ABCA1,-1,gold_standard,
FOXA1,APOB,1,gold_standard,
FOXA1,CFTR,-1,gold_standard,
FOXA1,HSPA1A,1,gold_standard,
FOXA1,NF1,1,gold_standard,
FOXA1,SERPINC1,-1,gold_standard,
FOXA2,ABCA1,-1,gold_standard,
FOXA2,CDH1,1,gold_standard,
FOXA2,CFTR,-1,gold_standard,
FOXA2,NR5A2,1,gold_standard,
FOXA2,PAX6,-1,gold_standard,
FOXA2,SERPINC1,-1,gold_standard,
FOXM1,BTG2,1,gold_standard,
FOXM1,CCNB1,1,gold_standard,
FOXM1,CDC25B,1,gold_standard,
FOXM1,CDC6,1,gold_standard,
FOXM1,FGB,-1,gold_standard,
FOXM1,MYC,1,gold_standard,
FOXO1,ADIPOR1,1,gold_standard,
FOXO1,CDKN1B,1,gold_standard,
FOXO1,CXCR4,1,gold_standard,
FOXO1,EGR1,-1,gold_standard,
FOXO1,TXNIP,-1,gold_standard,
FOXO3,BCL6,1,gold_standard,
FOXO3,CCND2,-1,gold_standard,
FOXO3,FOXM1,-1,gold_standard,
FOXO3,GALT,1,gold_standard,
FOXO3,SIRT1,1,gold_standard,
FOXO3,SIRT6,1,gold_standard,
FOXO3,TXNIP,1,gold_standard,
FUS,DDIT3,1,gold_standard,
FUS,MDM2,-1,gold_standard,
GATA3,CDH1,1,gold_standard,
GATA3,CDH3,-1,gold_standard,
GATA3,CDX2,1,gold_standard,
GATA3,EPO,-1,gold_standard,
GATA3,LOX,-1,gold_standard,
GATA3,STAT4,-1,gold_standard,
GATA4,CCND2,1,gold_standard,
GATA4,ERBB2,-1,gold_standard,
GATA6,CAV1,-1,gold_standard,
GATA6,CYP11A1,1,gold_standard,
GATA6,DAB2,1,gold_standard,
GATA6,SULT2A1,1,gold_standard,
GLI1,CDK2,1,gold_standard,
GLI1,CYR61,1,gold_standard,
GLI1,H2AFX,-1,gold_standard,
GLI1,PDGFRA,1,gold_standard,
GLI1,SFRP1,1,gold_standard,
GLI1,TNFRSF10B,-1,gold_standard,
GLI2,CDH1,-1,gold_standard,
GLI2,FST,1,gold_standard,
GLI2,H2AFX,-1,gold_standard,
GLI2,PDGFRA,1,gold_standard,
GLI2,TNFRSF10B,-1,gold_standard,
GTF2I,HSPA5,1,gold_standard,
GTF2I,SIRT1,1,gold_standard,
GTF3A,BAG3,1,gold_standard,
HAX1,ATP2A2,-1,gold_standard,
HBP1,CDKN1A,-1,gold_standard,
HBP1,DNMT1,-1,gold_standard,
HBP1,MIF,-1,gold_standard,
HCFC1,E2F4,-1,gold_standard,
HDAC1,BAMBI,-1,gold_standard,
HDAC1,BRCA2,-1,gold_standard,
HDAC1,CCND1,1,gold_standard,
HDAC1,CCND2,-1,gold_standard,
HDAC1,CD44,-1,gold_standard,
HDAC1,CD82,-1,gold_standard,
HDAC1,CDH1,-1,gold_standard,
HDAC1,CDKN1A,-1,gold_standard,
HDAC1,CLDN7,1,gold_standard,
HDAC1,COL1A2,1,gold_standard,
HDAC1,EGFR,-1,gold_standard,
HDAC1,EGR1,-1,gold_standard,
HDAC1,EIF2AK1,-1,gold_standard,
HDAC1,FOS,-1,gold_standard,
HDAC1,GRIN2B,1,gold_standard,
HDAC1,HSPA5,-1,gold_standard,
HDAC1,KLF4,-1,gold_standard,
HDAC1,PCNA,-1,gold_standard,
HDAC1,PHB,-1,gold_standard,
HDAC1,RARB,-1,gold_standard,
HDAC1,RECK,1,gold_standard,
HDAC1,RECQL4,-1,gold_standard,
HDAC1,RHOB,-1,gold_standard,
HDAC1,SP1,-1,gold_standard,
HDAC1,SPP1,-1,gold_standard,
HDAC1,TFF1,-1,gold_standard,
HDAC1,TJP1,-1,gold_standard,
HDAC1,TP53,-1,gold_standard,
HDAC1,TXNIP,-1,gold_standard,
HDAC2,APAF1,-1,gold_standard,
HDAC2,BMP7,-1,gold_standard,
HDAC2,CCNE1,-1,gold_standard,
HDAC2,CDH1,-1,gold_standard,
HDAC2,COL1A2,-1,gold_standard,
HDAC2,DNMT1,-1,gold_standard,
HDAC2,KLF4,-1,gold_standard,
HDAC2,PHB,-1,gold_standard,
HDAC2,SP1,-1,gold_standard,
HDAC2,TGFBR2,-1,gold_standard,
HDAC3,CDH1,-1,gold_standard,
HDAC3,CXCR4,-1,gold_standard,
HDAC3,GRHL1,-1,gold_standard,
HDAC3,JUN,-1,gold_standard,
HDAC3,MMP2,-1,gold_standard,
HDAC3,MYC,-1,gold_standard,
HDAC4,CDKN1A,-1,gold_standard,
HDAC4,JUN,1,gold_standard,
HDAC4,MEF2A,-1,gold_standard,
HDAC4,RUNX2,-1,gold_standard,
HDAC4,TGIF1,1,gold_standard,
HDAC4,TGIF2,1,gold_standard,
HDAC4,VCAM1,1,gold_standard,
HDAC4,VEGFA,-1,gold_standard,
HDAC5,FGF2,-1,gold_standard,
HDAC5,MEF2A,-1,gold_standard,
HDAC5,SLC2A1,1,gold_standard,
HDAC5,SLC2A4,-1,gold_standard,
HDAC5,SLIT2,-1,gold_standard,
HDAC5,YY1,1,gold_standard,
HDAC7,ACTN4,-1,gold_standard,
HDAC7,AKAP12,-1,gold_standard,
HDAC7,CDKN1A,1,gold_standard,
HDAC7,HIF1A,1,gold_standard,
HDAC7,MEF2A,-1,gold_standard,
HDAC7,MEF2C,-1,gold_standard,
HDAC7,MEF2D,-1,gold_standard,
HDGF,CDH1,-1,gold_standard,
HDGF,VEGFA,1,gold_standard,
HDGF,VEGFB,1,gold_standard,
HDGF,VIM,1,gold_standard,
HES1,DBF4,1,gold_standard,
HES1,PTEN,-1,gold_standard,
HES1,PTGDS,-1,gold_standard,
HEXIM1,CCND1,-1,gold_standard,
HHEX,HNF4A,1,gold_standard,
HHEX,SLC5A5,1,gold_standard,
HIF1A,ACE2,-1,gold_standard,
HIF1A,ALDOA,1,gold_standard,
HIF1A,APEX1,-1,gold_standard,
HIF1A,ASS1,1,gold_standard,
HIF1A,BAX,1,gold_standard,
HIF1A,BID,-1,gold_standard,
HIF1A,BNIP3,1,gold_standard,
HIF1A,CCND1,-1,gold_standard,
HIF1A,CDH1,-1,gold_standard,
HIF1A,CTGF,1,gold_standard,
HIF1A,CXCR4,1,gold_standard,
HIF1A,E2F3,1,gold_standard,
HIF1A,EDNRB,1,gold_standard,
HIF1A,ENO1,1,gold_standard,
HIF1A,EPO,1,gold_standard,
HIF1A,FGF2,1,gold_standard,
HIF1A,HBEGF,1,gold_standard,
HIF1A,HIF1A,-1,gold_standard,
HIF1A,LDHA,1,gold_standard,
HIF1A,MET,1,gold_standard,
HIF1A,MICA,1,gold_standard,
HIF1A,MIF,1,gold_standard,
HIF1A,MMP2,1,gold_standard,
HIF1A,NR4A1,1,gold_standard,
HIF1A,PGK1,1,gold_standard,
HIF1A,RECK,-1,gold_standard,
HIF1A,RORA,1,gold_standard,
HIF1A,SDHB,-1,gold_standard,
HIF1A,SETD2,1,gold_standard,
HIF1A,SLC29A1,-1,gold_standard,
HIF1A,SLC2A1,1,gold_standard,
HIF1A,TIMP2,1,gold_standard,
HIF1A,VEGFA,1,gold_standard,
HIF1A,VIM,1,gold_standard,
HIF1A,WASF3,1,gold_standard,
HIF1A,XPC,1,gold_standard,
HIF1A,ZNF217,1,gold_standard,
HINFP,MBD2,-1,gold_standard,
HIPK2,CDKN1A,1,gold_standard,
HIPK2,HIF1A,-1,gold_standard,
HIPK2,MEF2C,-1,gold_standard,
HIPK2,VEGFA,-1,gold_standard,
HIPK2,VIM,-1,gold_standard,
HMGA1,BRCA1,-1,gold_standard,
HMGA1,CD44,1,gold_standard,
HMGA1,CDC25A,1,gold_standard,
HMGA1,CDH1,-1,gold_standard,
HMGA1,INSR,1,gold_standard,
HMGA1,SLC2A3,1,gold_standard,
HMGA1,XPA,-1,gold_standard,
HMGA2,CDH1,1,gold_standard,
HNF4A,AFP,1,gold_standard,
HNF4A,CEACAM1,1,gold_standard,
HNF4A,GFER,-1,gold_standard,
HNF4A,LDLR,1,gold_standard,
HNF4A,MTTP,1,gold_standard,
HNF4A,MYC,1,gold_standard,
HNF4A,NPC1L1,1,gold_standard,
HNF4A,PCSK9,1,gold_standard,
HNF4A,SERPINC1,1,gold_standard,
HNF4A,SHBG,1,gold_standard,
HSF1,ATG7,1,gold_standard,
HSF1,BAG3,-1,gold_standard,
HSF1,CDKN1A,-1,gold_standard,
HSF1,HSD17B6,-1,gold_standard,
HSF1,HSPA4,1,gold_standard,
HSF1,LDHA,1,gold_standard,
HSF1,MICA,1,gold_standard,
HSF1,MICB,1,gold_standard,
HSF1,NAT1,1,gold_standard,
HSF1,POLK,1,gold_standard,
HSF2,HSPA4,1,gold_standard,
HSF2,MAP2K4,-1,gold_standard,
HSF2,MAPK8,-1,gold_standard,
HTATIP2,MMP2,-1,gold_standard,
HTATIP2,SPP1,-1,gold_standard,
HTATIP2,VEGFA,-1,gold_standard,
ID1,ZNF148,-1,gold_standard,
ID2,SNAI1,1,gold_standard,
ID3,TCF3,-1,gold_standard,
ID4,BRCA1,-1,gold_standard,
IFI16,MYC,-1,gold_standard,
IKBKB,CD44,-1,gold_standard,
IKBKB,VCAM1,-1,gold_standard,
ILF2,ACRV1,1,gold_standard,
ILF3,ACRV1,1,gold_standard,
ILF3,BIRC5,1,gold_standard,
ING1,AFP,-1,gold_standard,
ING1,BAX,1,gold_standard,
ING1,CASP3,1,gold_standard,
ING1,CDKN1A,1,gold_standard,
ING1,TP53,1,gold_standard,
ING4,ANGPT1,-1,gold_standard,
ING4,ARL6IP5,1,gold_standard,
ING4,BAX,1,gold_standard,
ING4,CASP3,1,gold_standard,
ING4,CCND1,-1,gold_standard,
ING4,CDKN1A,1,gold_standard,
ING4,CDKN1B,1,gold_standard,
ING4,SKP2,-1,gold_standard,
ING4,SPP1,-1,gold_standard,
ING4,TP53,1,gold_standard,
IRF1,CASP7,1,gold_standard,
IRF1,CCNB1,-1,gold_standard,
IRF1,CCNE1,-1,gold_standard,
IRF1,CD40,1,gold_standard,
IRF1,CDK1,-1,gold_standard,
IRF1,CDK2,-1,gold_standard,
IRF1,CDK4,-1,gold_standard,
IRF1,CDKN1A,-1,gold_standard,
IRF1,CEACAM1,1,gold_standard,
IRF1,DDX58,1,gold_standard,
IRF1,DST,-1,gold_standard,
IRF1,EIF2AK2,1,gold_standard,
IRF1,IFIT3,1,gold_standard,
IRF1,IRF2,1,gold_standard,
IRF1,SOCS2,1,gold_standard,
IRF1,TAP1,1,gold_standard,
IRF2,CXCR4,-1,gold_standard,
IRF2,DST,-1,gold_standard,
IRF2,IFNGR1,-1,gold_standard,
IRF2,TAP1,1,gold_standard,
IRF3,ABCC2,1,gold_standard,
IRF3,MAVS,1,gold_standard,
IRF3,PURA,-1,gold_standard,
IRF3,SOCS2,1,gold_standard,
IRF7,ATF4,1,gold_standard,
IRF9,CCND2,-1,gold_standard,
IRF9,CDKN1A,1,gold_standard,
IRF9,CDKN1B,1,gold_standard,
IRF9,PML,1,gold_standard,
IRF9,SP100,1,gold_standard,
JUN,APOC3,1,gold_standard,
JUN,ATF3,1,gold_standard,
JUN,BECN1,1,gold_standard,
JUN,BEX2,1,gold_standard,
JUN,BRCA1,1,gold_standard,
JUN,CCK,1,gold_standard,
JUN,CCL2,1,gold_standard,
JUN,CCND1,1,gold_standard,
JUN,CD82,1,gold_standard,
JUN,CDKN1A,-1,gold_standard,
JUN,CREM,1,gold_standard,
JUN,CTGF,-1,gold_standard,
JUN,CTSL,1,gold_standard,
JUN,CYP19A1,-1,gold_standard,
JUN,DDIT3,1,gold_standard,
JUN,EGFR,1,gold_standard,
JUN,ETS1,1,gold_standard,
JUN,EZR,1,gold_standard,
JUN,FOSL1,1,gold_standard,
JUN,GJA1,1,gold_standard,
JUN,JUN,1,gold_standard,
JUN,LBP,-1,gold_standard,
JUN,LDHA,1,gold_standard,
JUN,LGALS3,1,gold_standard,
JUN,MAPK8,1,gold_standard,
JUN,MAT2A,1,gold_standard,
JUN,MEF2D,1,gold_standard,
JUN,MMP2,1,gold_standard,
JUN,MSR1,1,gold_standard,
JUN,MYC,-1,gold_standard,
JUN,NAMPT,1,gold_standard,
JUN,NEIL1,1,gold_standard,
JUN,PLAUR,1,gold_standard,
JUN,PPARD,1,gold_standard,
JUN,PTN,1,gold_standard,
JUN,RARA,-1,gold_standard,
JUN,RARB,1,gold_standard,
JUN,RARG,-1,gold_standard,
JUN,RHOB,1,gold_standard,
JUN,SMAD7,1,gold_standard,
JUN,SMN1,-1,gold_standard,
JUN,STMN1,1,gold_standard,
JUN,TNC,1,gold_standard,
JUN,TP53,-1,gold_standard,
JUN,VCAM1,1,gold_standard,
JUN,VEGFA,-1,gold_standard,
JUNB,CD82,1,gold_standard,
JUNB,EGFR,1,gold_standard,
JUND,BCL6,1,gold_standard,
JUND,CCND1,1,gold_standard,
JUND,FOSL1,1,gold_standard,
JUND,GADD45A,1,gold_standard,
JUND,ITGAV,-1,gold_standard,
JUND,MDM2,1,gold_standard,
JUND,SOX4,1,gold_standard,
KAT2B,CDK2,-1,gold_standard,
KAT2B,CDKN1A,1,gold_standard,
KAT2B,CDKN1B,1,gold_standard,
KAT2B,IRF7,-1,gold_standard,
KAT2B,RB1,1,gold_standard,
KAT2B,SMAD4,1,gold_standard,
KAT5,ERCC1,1,gold_standard,
KAT5,GMPS,-1,gold_standard,
KAT5,STAT3,-1,gold_standard,
KDM4C,JAG1,1,gold_standard,
KHDRBS1,IGF2,1,gold_standard,
KLF10,CDKN1A,1,gold_standard,
KLF10,EGFR,-1,gold_standard,
KLF10,FGFR1,-1,gold_standard,
KLF10,STMN1,-1,gold_standard,
KLF13,LDLR,-1,gold_standard,
KLF4,ALPI,1,gold_standard,
KLF4,ATF3,1,gold_standard,
KLF4,BIRC5,-1,gold_standard,
KLF4,CCNB1,-1,gold_standard,
KLF4,CCND1,1,gold_standard,
KLF4,CDH1,1,gold_standard,
KLF4,CDKN1A,1,gold_standard,
KLF4,CDKN1B,1,gold_standard,
KLF4,CDKN1C,1,gold_standard,
KLF4,GDF15,-1,gold_standard,
KLF4,HSPA8,1,gold_standard,
KLF4,IFITM3,-1,gold_standard,
KLF4,KRT19,1,gold_standard,
KLF4,LAMA1,1,gold_standard,
KLF4,LXN,-1,gold_standard,
KLF4,MMP2,1,gold_standard,
KLF4,NANOG,1,gold_standard,
KLF4,ODC1,-1,gold_standard,
KLF4,PFKP,1,gold_standard,
KLF4,RARA,-1,gold_standard,
KLF4,SOD1,-1,gold_standard,
KLF4,TP53,1,gold_standard,
KLF5,BIRC5,1,gold_standard,
KLF5,CCNB1,1,gold_standard,
KLF5,CCND1,1,gold_standard,
KLF5,CXCR4,1,gold_standard,
KLF5,FASN,1,gold_standard,
KLF5,HIF1A,1,gold_standard,
KLF6,ATF3,1,gold_standard,
KLF6,CCND1,-1,gold_standard,
KLF6,CDKN1A,1,gold_standard,
KLF6,CERS2,1,gold_standard,
KLF6,LAMA1,1,gold_standard,
KLF6,PMAIP1,1,gold_standard,
KLF6,PTTG1,-1,gold_standard,
KLF8,CDH1,1,gold_standard,
KLF8,CDH2,-1,gold_standard,
KLF8,EPSTI1,1,gold_standard,
KLF8,FN1,-1,gold_standard,
KLF8,MMP14,1,gold_standard,
KLF8,VIM,-1,gold_standard,
LDB1,TCF3,-1,gold_standard,
LIMD1,HIF1A,-1,gold_standard,
LMO4,BMP7,1,gold_standard,
LMO4,BRCA1,-1,gold_standard,
LRRFIP1,EGFR,-1,gold_standard,
MAML1,EGR1,1,gold_standard,
MAML1,TNFRSF12A,-1,gold_standard,
MAX,ODC1,1,gold_standard,
MAZ,HRAS,1,gold_standard,
MAZ,MMP14,1,gold_standard,
MAZ,TSG101,1,gold_standard,
MBD1,MGMT,-1,gold_standard,
MBD1,SETDB1,-1,gold_standard,
MBD2,GSTP1,-1,gold_standard,
MBD2,NANOG,-1,gold_standard,
MDM2,DNMT3A,1,gold_standard,
MECP2,CCND1,-1,gold_standard,
MECP2,TFF1,-1,gold_standard,
MED1,AURKA,1,gold_standard,
MED1,SULT2A1,1,gold_standard,
MEF2A,JUN,1,gold_standard,
MEF2A,MAPK14,1,gold_standard,
MEF2A,MAPK7,1,gold_standard,
MEF2A,NRF1,1,gold_standard,
MEF2A,SLC2A4,1,gold_standard,
MEF2C,CPT1B,1,gold_standard,
MEF2C,JUN,1,gold_standard,
MEF2C,MAPK7,1,gold_standard,
MEF2C,NR4A1,-1,gold_standard,
MEF2D,ATF3,1,gold_standard,
MEF2D,JUN,1,gold_standard,
MEN1,CASP8,1,gold_standard,
MEN1,CDKN1B,1,gold_standard,
MEN1,JUND,-1,gold_standard,
MITF,CTSK,1,gold_standard,
MITF,FOS,1,gold_standard,
MITF,HIF1A,1,gold_standard,
MITF,KIT,1,gold_standard,
MITF,PPARGC1A,1,gold_standard,
MITF,SERPINF1,1,gold_standard,
MKL1,COL1A1,1,gold_standard,
MKL1,TAGLN,1,gold_standard,
MLLT10,BAX,-1,gold_standard,
MLLT10,CDKN1A,-1,gold_standard,
MLLT10,MDM2,-1,gold_standard,
MLLT3,BAX,-1,gold_standard,
MLLT3,CDKN1A,-1,gold_standard,
MLLT3,MDM2,-1,gold_standard,
MLLT3,SCNN1A,1,gold_standard,
MLXIPL,TXNIP,1,gold_standard,
MSX2,CDH2,-1,gold_standard,
MSX2,SOD1,1,gold_standard,
MTA1,ARNTL,1,gold_standard,
MTA1,BCAS3,1,gold_standard,
MTA1,BCL2L1,1,gold_standard,
MTA1,CDH1,-1,gold_standard,
MTA1,EGFR,1,gold_standard,
MTA1,EPHA2,-1,gold_standard,
MTA1,MTA3,-1,gold_standard,
MTA1,PTEN,-1,gold_standard,
MTA1,RNF144A,-1,gold_standard,
MTA1,SMAD7,-1,gold_standard,
MTA1,SNAI1,1,gold_standard,
MTA1,SUMO2,1,gold_standard,
MTA3,SNAI1,-1,gold_standard,
MTF1,GCLC,1,gold_standard,
MTF1,MCAT,1,gold_standard,
MTF1,PRNP,1,gold_standard,
MTF1,SOD1,1,gold_standard,
MXD1,PTEN,-1,gold_standard,
MXI1,MYC,-1,gold_standard,
MYBL2,MYC,1,gold_standard,
MYC,ASS1,1,gold_standard,
MYC,BMI1,1,gold_standard,
MYC,BRD7,-1,gold_standard,
MYC,CCND1,-1,gold_standard,
MYC,CCND2,1,gold_standard,
MYC,CCNE1,1,gold_standard,
MYC,CDC25C,1,gold_standard,
MYC,CDC34,1,gold_standard,
MYC,CDK4,1,gold_standard,
MYC,CDK6,1,gold_standard,
MYC,CDKN1A,1,gold_standard,
MYC,CEBPA,-1,gold_standard,
MYC,CFLAR,-1,gold_standard,
MYC,CHEK1,1,gold_standard,
MYC,CHEK2,1,gold_standard,
MYC,CXCR4,1,gold_standard,
MYC,EBNA1BP2,1,gold_standard,
MYC,FOXM1,1,gold_standard,
MYC,GATA4,1,gold_standard,
MYC,HDAC2,1,gold_standard,
MYC,HNRNPA1,1,gold_standard,
MYC,HNRNPA2B1,1,gold_standard,
MYC,IGF2BP1,1,gold_standard,
MYC,IPO7,1,gold_standard,
MYC,JUNB,-1,gold_standard,
MYC,KRAS,1,gold_standard,
MYC,LDHA,1,gold_standard,
MYC,MME,1,gold_standard,
MYC,MST1,-1,gold_standard,
MYC,NDRG1,-1,gold_standard,
MYC,NOL7,1,gold_standard,
MYC,ODC1,1,gold_standard,
MYC,PMAIP1,1,gold_standard,
MYC,PRDX3,1,gold_standard,
MYC,PRODH,-1,gold_standard,
MYC,PTBP1,1,gold_standard,
MYC,SFRP1,-1,gold_standard,
MYC,SRSF1,1,gold_standard,
MYC,ST3GAL1,1,gold_standard,
MYC,SURF1,1,gold_standard,
MYC,SURF2,1,gold_standard,
MYC,TFRC,1,gold_standard,
MYC,TNFRSF10B,1,gold_standard,
MYC,TP53,1,gold_standard,
MYC,UBE2C,1,gold_standard,
MYC,VEGFA,1,gold_standard,
MYC,WRN,1,gold_standard,
MYC,XPO1,1,gold_standard,
MYCN,ABCC1,1,gold_standard,
MYCN,BAX,1,gold_standard,
MYCN,BIRC5,1,gold_standard,
MYCN,BMI1,1,gold_standard,
MYCN,CD44,1,gold_standard,
MYCN,CDKN1A,1,gold_standard,
MYCN,CLU,-1,gold_standard,
MYCN,CTSD,1,gold_standard,
MYCN,DKK3,-1,gold_standard,
MYCN,GRHL1,-1,gold_standard,
MYCN,HDAC2,1,gold_standard,
MYCN,MCM10,1,gold_standard,
MYCN,MCM2,1,gold_standard,
MYCN,MCM3,1,gold_standard,
MYCN,MCM4,1,gold_standard,
MYCN,MCM5,1,gold_standard,
MYCN,MCM6,1,gold_standard,
MYCN,MCM7,1,gold_standard,
MYCN,MCM8,1,gold_standard,
MYCN,MXI1,-1,gold_standard,
MYCN,MYBL2,1,gold_standard,
MYCN,NDRG1,1,gold_standard,
MYCN,NES,1,gold_standard,
MYCN,SKP2,-1,gold_standard,
MYCN,TP53,1,gold_standard,
MYCN,TP53INP1,-1,gold_standard,
MZF1,BLMH,1,gold_standard,
MZF1,MMP2,-1,gold_standard,
NAB2,BCAR1,1,gold_standard,
NAB2,RBL2,1,gold_standard,
NANOG,AFP,-1,gold_standard,
NANOG,CDC25A,-1,gold_standard,
NANOG,CDK6,-1,gold_standard,
NANOG,CDX2,-1,gold_standard,
NANOG,KDR,1,gold_standard,
NANOG,GATA4,-1,gold_standard,
NANOG,GATA6,-1,gold_standard,
NANOG,LAMB1,-1,gold_standard,
NANOG,LXN,-1,gold_standard,
NANOG,MTF2,1,gold_standard,
NANOG,POU5F1,1,gold_standard,
NANOG,YES1,1,gold_standard,
NCOA1,CDKN1A,1,gold_standard,
NCOA1,EPO,1,gold_standard,
NCOA3,EPO,1,gold_standard,
NCOA6,FOS,1,gold_standard,
NCOA6,HSF1,1,gold_standard,
NCOR1,G0S2,-1,gold_standard,
NELFB,TFF1,-1,gold_standard,
NELFCD,CCND1,-1,gold_standard,
NELFCD,CDKN1A,1,gold_standard,
NELFCD,CTNNB1,-1,gold_standard,
NF1,AFP,-1,gold_standard,
NF1,FOS,1,gold_standard,
NF1,MYC,1,gold_standard,
NF1,TP53,1,gold_standard,
NFAT5,CCL2,-1,gold_standard,
NFATC2,MDM2,1,gold_standard,
NFATC3,CTSD,1,gold_standard,
NFATC3,TFF1,1,gold_standard,
NFE2L1,NQO1,1,gold_standard,
NFE2L2,BRCA1,1,gold_standard,
NFE2L2,CAT,1,gold_standard,
NFE2L2,CFTR,1,gold_standard,
NFE2L2,GCLC,-1,gold_standard,
NFE2L2,GSTA1,1,gold_standard,
NFE2L2,HMOX1,1,gold_standard,
NFE2L2,MTHFR,1,gold_standard,
NFE2L2,NQO1,1,gold_standard,
NFE2L2,SOD1,1,gold_standard,
NFE2L2,SOD2,1,gold_standard,
NFE2L2,UGT2B7,1,gold_standard,
NFIA,CDKN1A,-1,gold_standard,
NFIB,CDKN1A,1,gold_standard,
NFIB,MBP,1,gold_standard,
NFIC,CCL2,1,gold_standard,
NFIC,HMGB1,1,gold_standard,
NFIC,IRS2,1,gold_standard,
NFIC,ITGA5,-1,gold_standard,
NFIC,SMUG1,1,gold_standard,
NFKB1,ABCA1,-1,gold_standard,
NFKB1,ABCG2,1,gold_standard,
NFKB1,AGER,1,gold_standard,
NFKB1,AKT1,-1,gold_standard,
NFKB1,AKT2,-1,gold_standard,
NFKB1,B2M,1,gold_standard,
NFKB1,BACE1,-1,gold_standard,
NFKB1,BAX,-1,gold_standard,
NFKB1,BCL2L1,1,gold_standard,
NFKB1,BCL2L11,-1,gold_standard,
NFKB1,BCL3,1,gold_standard,
NFKB1,BHMT,-1,gold_standard,
NFKB1,BIRC2,1,gold_standard,
NFKB1,BIRC5,1,gold_standard,
NFKB1,BMP2,1,gold_standard,
NFKB1,BRCA2,1,gold_standard,
NFKB1,CCL2,1,gold_standard,
NFKB1,CCNB1,1,gold_standard,
NFKB1,CCND1,1,gold_standard,
NFKB1,CCND2,1,gold_standard,
NFKB1,CD40,1,gold_standard,
NFKB1,CD58,1,gold_standard,
NFKB1,CD83,1,gold_standard,
NFKB1,CDH1,1,gold_standard,
NFKB1,CDK4,1,gold_standard,
NFKB1,CDKN1A,-1,gold_standard,
NFKB1,CEACAM1,1,gold_standard,
NFKB1,CFI,1,gold_standard,
NFKB1,CFLAR,1,gold_standard,
NFKB1,CFTR,1,gold_standard,
NFKB1,COL1A2,-1,gold_standard,
NFKB1,CTCF,-1,gold_standard,
NFKB1,CTSB,1,gold_standard,
NFKB1,CXCR4,1,gold_standard,
NFKB1,CYP19A1,-1,gold_standard,
NFKB1,EGFR,1,gold_standard,
NFKB1,EGR1,-1,gold_standard,
NFKB1,EPCAM,-1,gold_standard,
NFKB1,FAF1,1,gold_standard,
NFKB1,FN1,1,gold_standard,
NFKB1,GATA3,1,gold_standard,
NFKB1,GSTP1,1,gold_standard,
NFKB1,HBEGF,1,gold_standard,
NFKB1,HSD11B2,1,gold_standard,
NFKB1,HYAL1,1,gold_standard,
NFKB1,IL18,1,gold_standard,
NFKB1,IRF1,1,gold_standard,
NFKB1,IRF7,1,gold_standard,
NFKB1,JUNB,1,gold_standard,
NFKB1,MAT2A,1,gold_standard,
NFKB1,MCL1,1,gold_standard,
NFKB1,MMP14,1,gold_standard,
NFKB1,MMP2,1,gold_standard,
NFKB1,MYC,1,gold_standard,
NFKB1,NAMPT,1,gold_standard,
NFKB1,NFKBIA,1,gold_standard,
NFKB1,NLRP2,1,gold_standard,
NFKB1,NOLC1,1,gold_standard,
NFKB1,OPTN,1,gold_standard,
NFKB1,PLAUR,1,gold_standard,
NFKB1,PROX1,1,gold_standard,
NFKB1,PTEN,1,gold_standard,
NFKB1,PTGDS,1,gold_standard,
NFKB1,REPS2,-1,gold_standard,
NFKB1,RIPK2,1,gold_standard,
NFKB1,S100A6,1,gold_standard,
NFKB1,SDC1,1,gold_standard,
NFKB1,SERPINA3,-1,gold_standard,
NFKB1,SERPINB1,1,gold_standard,
NFKB1,SLC25A27,1,gold_standard,
NFKB1,SNAI1,1,gold_standard,
NFKB1,SOD2,1,gold_standard,
NFKB1,STK39,1,gold_standard,
NFKB1,TF,1,gold_standard,
NFKB1,TFF1,1,gold_standard,
NFKB1,TFF3,1,gold_standard,
NFKB1,TIMP1,-1,gold_standard,
NFKB1,TNFAIP3,1,gold_standard,
NFKB1,TNFRSF10B,1,gold_standard,
NFKB1,TRAF2,1,gold_standard,
NFKB1,UPP1,1,gold_standard,
NFKB1,VCAM1,1,gold_standard,
NFKB1,VEGFA,1,gold_standard,
NFKB1,XIAP,1,gold_standard,
NFKB1,YY1,-1,gold_standard,
NFKB2,CCND2,1,gold_standard,
NFKB2,CDK6,1,gold_standard,
NFKB2,HIF1A,-1,gold_standard,
NFKB2,SND1,1,gold_standard,
NFKBIA,CD40,-1,gold_standard,
NFKBIA,CD58,-1,gold_standard,
NFKBIA,NFKB1,1,gold_standard,
NFKBIA,PON2,1,gold_standard,
NFKBIA,RELA,1,gold_standard,
NFKBIA,S100A6,-1,gold_standard,
NFRKB,JUN,1,gold_standard,
NFYA,CBS,1,gold_standard,
NFYA,CCND2,1,gold_standard,
NFYA,CDKN1B,1,gold_standard,
NFYA,FXR2,1,gold_standard,
NFYA,GADD45A,1,gold_standard,
NFYA,OGG1,1,gold_standard,
NFYA,SP3,1,gold_standard,
NFYB,CCND2,1,gold_standard,
NFYB,CDKN1B,1,gold_standard,
NFYB,FXR2,1,gold_standard,
NFYC,CCND2,1,gold_standard,
NFYC,CDKN1B,1,gold_standard,
NFYC,FXR2,1,gold_standard,
NOTCH3,HES1,-1,gold_standard,
NPM1,ATF5,-1,gold_standard,
NPM1,CDKN1A,1,gold_standard,
NPM1,MDM2,-1,gold_standard,
NPM1,PTPN6,1,gold_standard,
NPM1,TAF1A,1,gold_standard,
NR1H2,ABCA1,1,gold_standard,
NR1H3,ABCA1,1,gold_standard,
NR1H3,BHLHE40,1,gold_standard,
NR2F2,POU5F1,-1,gold_standard,
NR3C1,ATF2,-1,gold_standard,
NR3C1,ATP1B1,-1,gold_standard,
NR3C1,BAD,1,gold_standard,
NR3C1,BAX,1,gold_standard,
NR3C1,BRCA1,1,gold_standard,
NR3C1,CALD1,1,gold_standard,
NR3C1,CCND3,-1,gold_standard,
NR3C1,CDK4,-1,gold_standard,
NR3C1,CDK6,-1,gold_standard,
NR3C1,CDKN1A,1,gold_standard,
NR3C1,CYP19A1,1,gold_standard,
NR3C1,ELK1,-1,gold_standard,
NR3C1,ETS1,-1,gold_standard,
NR3C1,NFKB1,-1,gold_standard,
NR3C1,SRF,-1,gold_standard,
NR3C1,STAT1,-1,gold_standard,
NR3C1,TP53,-1,gold_standard,
NR4A1,CCNA2,-1,gold_standard,
NR4A1,CDKN1B,1,gold_standard,
NR4A1,MDM2,-1,gold_standard,
NR4A1,MMP2,1,gold_standard,
NR4A1,RNF7,-1,gold_standard,
NR4A1,TIMP2,1,gold_standard,
NR5A2,NR5A2,1,gold_standard,
NR5A2,STAR,1,gold_standard,
NRF1,CAPNS1,1,gold_standard,
NRF1,CXCR4,1,gold_standard,
NRF1,FMR1,1,gold_standard,
NRF1,FXR2,1,gold_standard,
NRF1,IDE,1,gold_standard,
NRF1,PRDX3,1,gold_standard,
NRF1,PRDX5,1,gold_standard,
NRF1,SLC46A1,1,gold_standard,
NRF1,SPAST,1,gold_standard,
NRIP1,SLC7A1,1,gold_standard,
NUPR1,BCL2L1,1,gold_standard,
NUPR1,CDKN1A,1,gold_standard,
NUPR1,MSL1,-1,gold_standard,
OTX2,AURKA,1,gold_standard,
OTX2,CCNG2,1,gold_standard,
OTX2,CDC25C,1,gold_standard,
OTX2,IGF1,1,gold_standard,
OTX2,PAX6,1,gold_standard,
PARP1,BRCA2,-1,gold_standard,
PARP1,CDH1,1,gold_standard,
PARP1,FOXO1,-1,gold_standard,
PARP1,SERPINF1,-1,gold_standard,
PARP1,SNAI1,-1,gold_standard,
PARP1,VIM,1,gold_standard,
PAX6,FABP7,1,gold_standard,
PAX6,MET,1,gold_standard,
PAX6,PDHX,-1,gold_standard,
PAX6,PROX1,1,gold_standard,
PBX1,NANOG,1,gold_standard,
PBX1,VCP,1,gold_standard,
PER1,BAX,-1,gold_standard,
PHB2,ARNT,-1,gold_standard,
PHB2,BTG2,-1,gold_standard,
PIAS1,PRMT1,-1,gold_standard,
PIAS2,MYCN,-1,gold_standard,
PIAS3,ATF1,1,gold_standard,
PITX1,HES1,-1,gold_standard,
PITX1,IRF2,-1,gold_standard,
PITX1,IRF7,-1,gold_standard,
PITX1,JUN,-1,gold_standard,
PITX1,RUNX2,-1,gold_standard,
PITX1,TRIB2,-1,gold_standard,
PKNOX1,PTPN6,1,gold_standard,
PLAG1,ABCC6,1,gold_standard,
PLAG1,IGF2,1,gold_standard,
PLAGL1,ABCC6,1,gold_standard,
PLAGL1,SDHB,-1,gold_standard,
PLAGL2,IGF2,1,gold_standard,
PLAGL2,METAP2,1,gold_standard,
PML,BAX,1,gold_standard,
PML,CASP3,1,gold_standard,
PML,CCND1,-1,gold_standard,
PML,CDKN1A,1,gold_standard,
PML,EAF2,-1,gold_standard,
PML,EGFR,-1,gold_standard,
PML,EP300,1,gold_standard,
PML,GRIP1,1,gold_standard,
PML,HIPK2,1,gold_standard,
PML,NR4A1,-1,gold_standard,
PML,PML,1,gold_standard,
PML,TNFAIP3,-1,gold_standard,
POU2F1,CCND1,1,gold_standard,
POU2F1,GADD45A,1,gold_standard,
POU2F1,LCT,1,gold_standard,
POU2F1,LGALS4,1,gold_standard,
POU2F1,MAD2L1,1,gold_standard,
POU2F1,TK1,1,gold_standard,
POU2F1,UGT2B7,1,gold_standard,
POU2F1,VCAM1,-1,gold_standard,
POU5F1,BMP4,-1,gold_standard,
POU5F1,CDKN1A,-1,gold_standard,
POU5F1,CDX2,-1,gold_standard,
POU5F1,EOMES,-1,gold_standard,
POU5F1,GATA6,-1,gold_standard,
POU5F1,ID2,-1,gold_standard,
POU5F1,ITGA6,1,gold_standard,
POU5F1,LEFTY1,1,gold_standard,
POU5F1,NANOG,1,gold_standard,
POU5F1,SOX2,1,gold_standard,
POU5F1,SPP1,1,gold_standard,
POU5F1,TDGF1,1,gold_standard,
POU5F1,THY1,1,gold_standard,
POU5F1,ZFP42,1,gold_standard,
PPARA,ACSL1,-1,gold_standard,
PPARA,ANGPTL4,1,gold_standard,
PPARA,APOB,1,gold_standard,
PPARA,APOC3,-1,gold_standard,
PPARA,CPT1A,-1,gold_standard,
PPARA,IL6R,-1,gold_standard,
PPARA,NFKBIA,1,gold_standard,
PPARA,PLIN2,-1,gold_standard,
PPARA,SREBF2,-1,gold_standard,
PPARA,TXNIP,-1,gold_standard,
PPARD,ANG,-1,gold_standard,
PPARD,ANGPTL4,-1,gold_standard,
PPARD,CAT,1,gold_standard,
PPARD,HSD11B2,-1,gold_standard,
PPARD,SAT1,1,gold_standard,
PPARD,SOD1,1,gold_standard,
PPARD,TIMP1,1,gold_standard,
PPARD,TXN,1,gold_standard,
PPARGC1A,ALDOB,1,gold_standard,
PPARGC1A,APOA5,1,gold_standard,
PPARGC1A,APOC3,1,gold_standard,
PPARGC1A,MFN2,1,gold_standard,
PPARGC1A,PCK2,1,gold_standard,
PRDM1,MYC,-1,gold_standard,
PRDM14,POU5F1,1,gold_standard,
PROX1,AKT2,-1,gold_standard,
PROX1,CCNE1,1,gold_standard,
PROX1,CDKN1B,1,gold_standard,
PROX1,CDKN1C,1,gold_standard,
PROX1,NR5A2,-1,gold_standard,
PTMA,IDO1,1,gold_standard,
PTTG1,CCNB1,1,gold_standard,
PTTG1,CDC42,1,gold_standard,
PTTG1,CDK1,1,gold_standard,
PTTG1,DOCK1,1,gold_standard,
PTTG1,ID3,1,gold_standard,
PTTG1,KDR,1,gold_standard,
PTTG1,LGALS1,1,gold_standard,
PTTG1,MYC,1,gold_standard,
PTTG1,PTTG1IP,1,gold_standard,
PTTG1,RAC1,1,gold_standard,
PTTG1,RHOA,1,gold_standard,
PTTG1,S100A4,1,gold_standard,
PTTG1,TIMP2,-1,gold_standard,
PTTG1,VEGFA,1,gold_standard,
PURA,PCNA,-1,gold_standard,
RAD51,SP1,1,gold_standard,
RARA,ABCC3,-1,gold_standard,
RARA,CDKN1A,1,gold_standard,
RARA,CRABP1,1,gold_standard,
RARA,CXCR5,1,gold_standard,
RARA,HSD17B2,1,gold_standard,
RARA,MACROD1,-1,gold_standard,
RARA,NR1I3,1,gold_standard,
RARA,PRKCA,1,gold_standard,
RARA,RARB,1,gold_standard,
RARA,SCD,1,gold_standard,
RARB,RARB,1,gold_standard,
RB1,BRCA1,-1,gold_standard,
RB1,CDKN1A,1,gold_standard,
RB1,DHFR,-1,gold_standard,
RB1,DNMT3A,-1,gold_standard,
RB1,E2F2,-1,gold_standard,
RB1,E2F3,-1,gold_standard,
RB1,EBNA1BP2,1,gold_standard,
RB1,FGFR1,-1,gold_standard,
RB1,FOS,-1,gold_standard,
RB1,MYC,-1,gold_standard,
RB1,PCNA,-1,gold_standard,
RB1,RB1,-1,gold_standard,
RB1,RBL1,-1,gold_standard,
RB1,TFDP1,-1,gold_standard,
RB1,VEGFA,1,gold_standard,
RB1CC1,RB1,1,gold_standard,
RBBP7,CDH1,-1,gold_standard,
RBL1,BRCA1,-1,gold_standard,
RBL1,CCNA2,-1,gold_standard,
RBL1,HIST1H2AE,-1,gold_standard,
RBL1,TFDP1,-1,gold_standard,
RBL2,BRCA1,-1,gold_standard,
RBL2,DNMT3B,-1,gold_standard,
RBL2,RAD51,-1,gold_standard,
RBMX,EGR1,-1,gold_standard,
RBMX,FOS,-1,gold_standard,
RBMX,FOSL1,-1,gold_standard,
RBMX,JUNB,-1,gold_standard,
RBMX,JUND,-1,gold_standard,
RBMX,KIT,-1,gold_standard,
RBMX,TXNIP,1,gold_standard,
RBPJ,PTEN,-1,gold_standard,
REL,CCL2,1,gold_standard,
REL,CDKN1A,1,gold_standard,
REL,CSRP1,1,gold_standard,
REL,EPHB2,-1,gold_standard,
REL,SOD2,1,gold_standard,
REL,TNFAIP3,1,gold_standard,
RELA,ABCA1,-1,gold_standard,
RELA,ABCG2,1,gold_standard,
RELA,AGER,1,gold_standard,
RELA,AKT1,-1,gold_standard,
RELA,AKT2,-1,gold_standard,
RELA,BACE1,-1,gold_standard,
RELA,BAD,1,gold_standard,
RELA,BAX,-1,gold_standard,
RELA,BCL2L1,1,gold_standard,
RELA,BCL2L11,-1,gold_standard,
RELA,BCL3,1,gold_standard,
RELA,BHMT,-1,gold_standard,
RELA,BIRC2,1,gold_standard,
RELA,BIRC5,1,gold_standard,
RELA,BMP2,1,gold_standard,
RELA,BRCA2,1,gold_standard,
RELA,CCL2,1,gold_standard,
RELA,CCNB1,1,gold_standard,
RELA,CCND1,1,gold_standard,
RELA,CCND2,1,gold_standard,
RELA,CD40,1,gold_standard,
RELA,CD58,1,gold_standard,
RELA,CD83,1,gold_standard,
RELA,CDH1,1,gold_standard,
RELA,CDK4,1,gold_standard,
RELA,CDK6,1,gold_standard,
RELA,CDKN1A,1,gold_standard,
RELA,CEACAM1,1,gold_standard,
RELA,CFI,1,gold_standard,
RELA,CFLAR,1,gold_standard,
RELA,CFTR,1,gold_standard,
RELA,COL1A2,-1,gold_standard,
RELA,CTSB,1,gold_standard,
RELA,CXCR4,1,gold_standard,
RELA,CYP19A1,-1,gold_standard,
RELA,EGFR,1,gold_standard,
RELA,EGR1,-1,gold_standard,
RELA,EPAS1,1,gold_standard,
RELA,EPCAM,-1,gold_standard,
RELA,FAF1,1,gold_standard,
RELA,FN1,1,gold_standard,
RELA,GATA3,1,gold_standard,
RELA,GNRH2,-1,gold_standard,
RELA,GSTP1,1,gold_standard,
RELA,GTF2B,1,gold_standard,
RELA,HBEGF,1,gold_standard,
RELA,HSD11B2,1,gold_standard,
RELA,HYAL1,1,gold_standard,
RELA,IL18,1,gold_standard,
RELA,IRF1,1,gold_standard,
RELA,IRF7,1,gold_standard,
RELA,JUNB,1,gold_standard,
RELA,MAT2A,1,gold_standard,
RELA,MCL1,1,gold_standard,
RELA,MMP14,1,gold_standard,
RELA,MMP2,1,gold_standard,
RELA,MYC,1,gold_standard,
RELA,NAMPT,1,gold_standard,
RELA,NFKB1,1,gold_standard,
RELA,NFKBIA,1,gold_standard,
RELA,NLRP2,1,gold_standard,
RELA,NOLC1,1,gold_standard,
RELA,OPTN,1,gold_standard,
RELA,PCK2,-1,gold_standard,
RELA,PLAUR,1,gold_standard,
RELA,PPARD,-1,gold_standard,
RELA,PROX1,1,gold_standard,
RELA,PTEN,1,gold_standard,
RELA,REPS2,-1,gold_standard,
RELA,RIPK2,1,gold_standard,
RELA,S100A6,1,gold_standard,
RELA,SAA2,1,gold_standard,
RELA,SDC1,1,gold_standard,
RELA,SERPINA3,-1,gold_standard,
RELA,SERPINB1,1,gold_standard,
RELA,SIRT1,1,gold_standard,
RELA,SLC25A27,1,gold_standard,
RELA,SNAI1,1,gold_standard,
RELA,SOD2,1,gold_standard,
RELA,STK39,1,gold_standard,
RELA,TBP,1,gold_standard,
RELA,TF,1,gold_standard,
RELA,TFF1,1,gold_standard,
RELA,TFF3,1,gold_standard,
RELA,TIMP1,-1,gold_standard,
RELA,TNC,1,gold_standard,
RELA,TNFAIP3,1,gold_standard,
RELA,TNFRSF10B,1,gold_standard,
RELA,TRAF2,1,gold_standard,
RELA,TRIB3,-1,gold_standard,
RELA,UPP1,1,gold_standard,
RELA,VCAM1,1,gold_standard,
RELA,VEGFA,1,gold_standard,
RELA,XIAP,1,gold_standard,
RELA,YY1,-1,gold_standard,
REST,CD59,-1,gold_standard,
REST,KCNQ2,-1,gold_standard,
REST,LIN28A,-1,gold_standard,
REST,NRP1,-1,gold_standard,
REST,STAT1,-1,gold_standard,
REST,TUBB3,-1,gold_standard,
RFX3,MAP1A,-1,gold_standard,
RFX5,COL1A2,-1,gold_standard,
RNF14,CCND1,1,gold_standard,
RUNX2,LGALS3,1,gold_standard,
RUNX2,MMP2,1,gold_standard,
RUNX2,VEGFA,1,gold_standard,
RUVBL1,TP53,-1,gold_standard,
RXRA,ABCA1,1,gold_standard,
RXRA,ABCC3,-1,gold_standard,
RXRA,CPT1B,1,gold_standard,
RXRA,CXCR5,1,gold_standard,
RXRA,HSD17B2,1,gold_standard,
RXRA,IL2RG,1,gold_standard,
RXRA,NOL7,1,gold_standard,
RXRA,SERPINC1,1,gold_standard,
SALL4,CDH1,-1,gold_standard,
SALL4,PTEN,-1,gold_standard,
SATB1,CDK4,1,gold_standard,
SATB1,GATA3,1,gold_standard,
SATB1,MKI67,1,gold_standard,
SATB1,SPARC,1,gold_standard,
SATB2,UPF3B,1,gold_standard,
SERTAD1,SET,1,gold_standard,
SF1,CYP11A1,1,gold_standard,
SF1,SULT2A1,1,gold_standard,
SF1,TCERG1,-1,gold_standard,
SFPQ,STAT6,-1,gold_standard,
SIRT1,ACAN,1,gold_standard,
SIRT1,BCL11A,-1,gold_standard,
SIRT1,CCAR2,-1,gold_standard,
SIRT1,CCND1,-1,gold_standard,
SIRT1,CDH1,-1,gold_standard,
SIRT1,CDKN1A,-1,gold_standard,
SIRT1,CFLAR,1,gold_standard,
SIRT1,COL1A2,-1,gold_standard,
SIRT1,CTNNB1,-1,gold_standard,
SIRT1,EGLN1,-1,gold_standard,
SIRT1,ESRRG,1,gold_standard,
SIRT1,EZH2,-1,gold_standard,
SIRT1,FOXO3,-1,gold_standard,
SIRT1,HIF1A,1,gold_standard,
SIRT1,HSF1,1,gold_standard,
SIRT1,HYOU1,1,gold_standard,
SIRT1,MCL1,1,gold_standard,
SIRT1,MYC,-1,gold_standard,
SIRT1,NBN,1,gold_standard,
SIRT1,NQO1,-1,gold_standard,
SIRT1,PAX6,-1,gold_standard,
SIRT1,PER1,1,gold_standard,
SIRT1,TBX3,-1,gold_standard,
SIRT1,TNFRSF10B,-1,gold_standard,
SIRT1,TP53,1,gold_standard,
SIRT1,WRN,-1,gold_standard,
SIRT1,XPC,-1,gold_standard,
SIRT2,AFP,1,gold_standard,
SIRT2,CDKN1A,-1,gold_standard,
SIRT2,NEDD4,-1,gold_standard,
SKI,FHL2,1,gold_standard,
SKI,MDM2,1,gold_standard,
SKIL,SMAD7,-1,gold_standard,
SLC2A4RG,SLC2A4,1,gold_standard,
SMAD3,ANGPTL4,1,gold_standard,
SMAD3,APOC3,1,gold_standard,
SMAD3,BAMBI,1,gold_standard,
SMAD3,CCND2,1,gold_standard,
SMAD3,CDKN1A,1,gold_standard,
SMAD3,FST,1,gold_standard,
SMAD3,SMAD7,-1,gold_standard,
SMAD3,TNC,1,gold_standard,
SMAD4,APOC3,1,gold_standard,
SMAD4,BAMBI,1,gold_standard,
SMAD4,BTRC,-1,gold_standard,
SMAD4,CDKN1A,1,gold_standard,
SMAD4,RUNX1T1,1,gold_standard,
SMAD4,TNC,1,gold_standard,
SMAD7,CDK1,-1,gold_standard,
SMAD7,CDKN1A,-1,gold_standard,
SMAD7,MET,1,gold_standard,
SMAD7,MYC,1,gold_standard,
SMAD7,TGFBR1,-1,gold_standard,
SMARCA1,CD44,-1,gold_standard,
SMARCA4,ABCG2,1,gold_standard,
SMARCA4,CCND1,-1,gold_standard,
SMARCA4,CD44,-1,gold_standard,
SMARCA4,CDH1,1,gold_standard,
SMARCA4,CDKN1A,1,gold_standard,
SMARCA4,FOS,-1,gold_standard,
SMARCB1,CD44,-1,gold_standard,
SMURF2,KLF5,-1,gold_standard,
SNAI1,CDH1,-1,gold_standard,
SNAI1,CLDN3,-1,gold_standard,
SNAI1,CXADR,-1,gold_standard,
SNAI1,HBEGF,1,gold_standard,
SNAI1,PEBP1,-1,gold_standard,
SNAI1,THBS1,-1,gold_standard,
SOX11,SPAST,1,gold_standard,
SOX17,CSNK1A1,-1,gold_standard,
SOX17,FN1,-1,gold_standard,
SOX17,HNF4A,1,gold_standard,
SOX17,MACC1,-1,gold_standard,
SOX17,NFAT5,-1,gold_standard,
SOX17,SERBP1,-1,gold_standard,
SOX2,ABCC3,1,gold_standard,
SOX2,ABCC6,1,gold_standard,
SOX2,ASXL1,1,gold_standard,
SOX2,BMP4,-1,gold_standard,
SOX2,ITGA6,1,gold_standard,
SOX2,MKI67,-1,gold_standard,
SOX2,PAX6,1,gold_standard,
SOX2,TUBB3,-1,gold_standard,
SOX2,VIM,1,gold_standard,
SOX4,HDAC8,1,gold_standard,
SOX6,CCNA2,-1,gold_standard,
SOX6,CCND1,-1,gold_standard,
SOX6,CDK4,-1,gold_standard,
SOX6,CDKN1A,1,gold_standard,
SOX6,CTNNB1,-1,gold_standard,
SOX6,TP53,1,gold_standard,
SOX9,CDK4,1,gold_standard,
SOX9,CDKN1A,1,gold_standard,
SOX9,HES1,1,gold_standard,
SP1,ABCA1,1,gold_standard,
SP1,ABCB8,1,gold_standard,
SP1,ABCC1,-1,gold_standard,
SP1,ABCC3,1,gold_standard,
SP1,ADAM10,1,gold_standard,
SP1,ADAM17,1,gold_standard,
SP1,ADAM23,1,gold_standard,
SP1,AHR,-1,gold_standard,
SP1,APEX1,-1,gold_standard,
SP1,APP,1,gold_standard,
SP1,ARF6,1,gold_standard,
SP1,ATP2A2,1,gold_standard,
SP1,ATP2A3,1,gold_standard,
SP1,ATP2C1,1,gold_standard,
SP1,B4GALT1,1,gold_standard,
SP1,B4GALT5,1,gold_standard,
SP1,BACE1,1,gold_standard,
SP1,BLMH,1,gold_standard,
SP1,BRD7,1,gold_standard,
SP1,BSG,1,gold_standard,
SP1,CCL2,1,gold_standard,
SP1,CCNA2,-1,gold_standard,
SP1,CCND1,1,gold_standard,
SP1,CCND2,1,gold_standard,
SP1,CD151,1,gold_standard,
SP1,CD2AP,1,gold_standard,
SP1,CD44,1,gold_standard,
SP1,CD99,1,gold_standard,
SP1,CDK4,1,gold_standard,
SP1,CDK6,-1,gold_standard,
SP1,CDKN1A,1,gold_standard,
SP1,CDKN1B,1,gold_standard,
SP1,CENPH,1,gold_standard,
SP1,CERS2,1,gold_standard,
SP1,CLDN3,1,gold_standard,
SP1,CREM,1,gold_standard,
SP1,CTGF,1,gold_standard,
SP1,CTSL,1,gold_standard,
SP1,CYP1B1,1,gold_standard,
SP1,CYP27A1,1,gold_standard,
SP1,DBF4,1,gold_standard,
SP1,DHCR24,1,gold_standard,
SP1,DNASE2,1,gold_standard,
SP1,DNMT1,1,gold_standard,
SP1,DNMT3A,1,gold_standard,
SP1,DNMT3B,1,gold_standard,
SP1,EAPP,1,gold_standard,
SP1,EDNRB,1,gold_standard,
SP1,EGFR,-1,gold_standard,
SP1,EGR1,1,gold_standard,
SP1,EPO,1,gold_standard,
SP1,EPOR,-1,gold_standard,
SP1,ERBB2,1,gold_standard,
SP1,EZR,1,gold_standard,
SP1,FMR1,1,gold_standard,
SP1,FOXM1,1,gold_standard,
SP1,FXR2,1,gold_standard,
SP1,GCLC,1,gold_standard,
SP1,GFER,1,gold_standard,
SP1,GJA1,1,gold_standard,
SP1,GSTP1,1,gold_standard,
SP1,HAS2,-1,gold_standard,
SP1,HBEGF,1,gold_standard,
SP1,HDAC4,1,gold_standard,
SP1,HIST2H4A,1,gold_standard,
SP1,HMGA1,1,gold_standard,
SP1,HPR,1,gold_standard,
SP1,HRAS,1,gold_standard,
SP1,HSD17B11,1,gold_standard,
SP1,HSD17B2,1,gold_standard,
SP1,HTT,1,gold_standard,
SP1,HYAL1,-1,gold_standard,
SP1,ID4,-1,gold_standard,
SP1,IGF2,1,gold_standard,
SP1,INSR,1,gold_standard,
SP1,IRS2,1,gold_standard,
SP1,ITGA5,1,gold_standard,
SP1,ITGAV,-1,gold_standard,
SP1,KCNQ2,1,gold_standard,
SP1,KDR,-1,gold_standard,
SP1,KIF2C,1,gold_standard,
SP1,KRT19,1,gold_standard,
SP1,LDHA,1,gold_standard,
SP1,LDLR,1,gold_standard,
SP1,LRP5,1,gold_standard,
SP1,MACROD1,1,gold_standard,
SP1,MAT2A,1,gold_standard,
SP1,MAT2B,1,gold_standard,
SP1,MDM2,1,gold_standard,
SP1,MET,1,gold_standard,
SP1,MICA,1,gold_standard,
SP1,MICB,1,gold_standard,
SP1,MIF,1,gold_standard,
SP1,MMP11,1,gold_standard,
SP1,MMP14,1,gold_standard,
SP1,MMP2,1,gold_standard,
SP1,MTA1,1,gold_standard,
SP1,MYCN,1,gold_standard,
SP1,NDUFV1,1,gold_standard,
SP1,NDUFV2,1,gold_standard,
SP1,NFKB1,1,gold_standard,
SP1,P2RX4,-1,gold_standard,
SP1,P4HA1,1,gold_standard,
SP1,PCK1,1,gold_standard,
SP1,PHGDH,1,gold_standard,
SP1,PLAUR,1,gold_standard,
SP1,POR,1,gold_standard,
SP1,PPL,1,gold_standard,
SP1,PPP2R2B,1,gold_standard,
SP1,PRKCE,-1,gold_standard,
SP1,PRNP,1,gold_standard,
SP1,PTTG1,1,gold_standard,
SP1,RARA,1,gold_standard,
SP1,RASSF1,1,gold_standard,
SP1,RECK,1,gold_standard,
SP1,RECQL4,1,gold_standard,
SP1,RELA,1,gold_standard,
SP1,RGN,-1,gold_standard,
SP1,RORA,1,gold_standard,
SP1,SIGIRR,1,gold_standard,
SP1,SKP2,1,gold_standard,
SP1,SLC19A1,1,gold_standard,
SP1,SLC19A3,1,gold_standard,
SP1,SLC29A1,-1,gold_standard,
SP1,SLC39A8,1,gold_standard,
SP1,SMPD1,1,gold_standard,
SP1,SOD1,1,gold_standard,
SP1,SOD2,-1,gold_standard,
SP1,SOX9,1,gold_standard,
SP1,SP3,1,gold_standard,
SP1,SREBF1,1,gold_standard,
SP1,STARD3,1,gold_standard,
SP1,TAF7,1,gold_standard,
SP1,TERF2,1,gold_standard,
SP1,TIMP1,1,gold_standard,
SP1,TIMP3,1,gold_standard,
SP1,TK1,1,gold_standard,
SP1,TMPO,1,gold_standard,
SP1,TNC,1,gold_standard,
SP1,TNFRSF10B,1,gold_standard,
SP1,UGCG,1,gold_standard,
SP1,UGDH,1,gold_standard,
SP1,UTRN,1,gold_standard,
SP1,VAMP2,1,gold_standard,
SP1,VEGFA,1,gold_standard,
SP1,VIM,1,gold_standard,
SP1,XIAP,1,gold_standard,
SP1,YY1,1,gold_standard,
SP100,ETS1,-1,gold_standard,
SP2,CEACAM1,-1,gold_standard,
SP2,DNMT3A,1,gold_standard,
SP2,DNMT3B,1,gold_standard,
SP2,HSD17B2,-1,gold_standard,
SP3,ABCA1,-1,gold_standard,
SP3,ALPL,1,gold_standard,
SP3,BSG,1,gold_standard,
SP3,CD2AP,1,gold_standard,
SP3,CDKN1A,1,gold_standard,
SP3,CENPH,1,gold_standard,
SP3,CTSL,1,gold_standard,
SP3,CYP27A1,1,gold_standard,
SP3,DNASE2,1,gold_standard,
SP3,EAPP,-1,gold_standard,
SP3,ERBB2,1,gold_standard,
SP3,ETF1,-1,gold_standard,
SP3,HBEGF,1,gold_standard,
SP3,HDAC4,1,gold_standard,
SP3,HSD17B2,1,gold_standard,
SP3,ID4,-1,gold_standard,
SP3,KDR,1,gold_standard,
SP3,MSH6,1,gold_standard,
SP3,MYCN,1,gold_standard,
SP3,NFKB1,1,gold_standard,
SP3,RASSF1,1,gold_standard,
SP3,RELA,1,gold_standard,
SP3,RORA,1,gold_standard,
SP3,SLC19A3,1,gold_standard,
SP3,TFF1,1,gold_standard,
SP3,TFF2,-1,gold_standard,
SP3,UTRN,1,gold_standard,
SP3,YY1,1,gold_standard,
SP4,ASS1,1,gold_standard,
SP4,ERBB2,1,gold_standard,
SP4,KDR,1,gold_standard,
SP4,MAOB,1,gold_standard,
SP4,NFKB1,1,gold_standard,
SP4,RELA,1,gold_standard,
SP4,YY1,1,gold_standard,
SPEN,DMPK,1,gold_standard,
SPIB,CD40,1,gold_standard,
SPIB,IRF7,-1,gold_standard,
SREBF1,ACLY,1,gold_standard,
SREBF1,APOA5,-1,gold_standard,
SREBF1,BCL2L1,-1,gold_standard,
SREBF1,CAV1,-1,gold_standard,
SREBF1,IRS2,-1,gold_standard,
SREBF1,LDLR,1,gold_standard,
SREBF1,LRP1,-1,gold_standard,
SREBF1,PCK1,-1,gold_standard,
SREBF1,PCSK9,1,gold_standard,
SREBF1,SCD5,1,gold_standard,
SREBF2,ABCA1,-1,gold_standard,
SREBF2,ACOT7,1,gold_standard,
SREBF2,HMGCR,1,gold_standard,
SREBF2,HNF4A,-1,gold_standard,
SREBF2,LDLR,1,gold_standard,
SREBF2,LRP1,-1,gold_standard,
SREBF2,MTTP,-1,gold_standard,
SREBF2,NPC1L1,1,gold_standard,
SREBF2,PCSK9,1,gold_standard,
SREBF2,PON2,1,gold_standard,
SRF,CREB1,-1,gold_standard,
SRF,FOS,1,gold_standard,
SRF,FOSL1,1,gold_standard,
SRF,MMP14,1,gold_standard,
SRF,MMP2,1,gold_standard,
SRF,PLG,1,gold_standard,
SRF,SAMD4A,1,gold_standard,
SRF,SMN1,1,gold_standard,
SRF,TAGLN,1,gold_standard,
SRF,UBE2S,1,gold_standard,
SRSF1,NFKB1,-1,gold_standard,
SSB,LAMB1,1,gold_standard,
STAT1,CD40,1,gold_standard,
STAT1,CDKN1A,1,gold_standard,
STAT1,CFTR,1,gold_standard,
STAT1,FCGRT,-1,gold_standard,
STAT1,FGF2,1,gold_standard,
STAT1,FGFR3,-1,gold_standard,
STAT1,HMOX1,1,gold_standard,
STAT1,HSP90AA1,-1,gold_standard,
STAT1,IRF1,1,gold_standard,
STAT1,IRF7,1,gold_standard,
STAT1,JAK2,1,gold_standard,
STAT1,MVP,1,gold_standard,
STAT1,PML,1,gold_standard,
STAT1,PPARA,1,gold_standard,
STAT1,PRKCE,-1,gold_standard,
STAT1,S100A10,1,gold_standard,
STAT1,STAT2,1,gold_standard,
STAT1,TP53,1,gold_standard,
STAT1,UPP1,1,gold_standard,
STAT2,IRF1,1,gold_standard,
STAT3,AKAP12,1,gold_standard,
STAT3,BCL2L1,1,gold_standard,
STAT3,BCL6,1,gold_standard,
STAT3,BIRC5,1,gold_standard,
STAT3,CCL2,1,gold_standard,
STAT3,CCND1,1,gold_standard,
STAT3,CCND3,1,gold_standard,
STAT3,CD46,1,gold_standard,
STAT3,CDK4,1,gold_standard,
STAT3,CDKN1A,1,gold_standard,
STAT3,CFB,1,gold_standard,
STAT3,CSRP1,1,gold_standard,
STAT3,CTGF,-1,gold_standard,
STAT3,DDIT3,-1,gold_standard,
STAT3,DNMT1,1,gold_standard,
STAT3,EGFR,1,gold_standard,
STAT3,ETV6,1,gold_standard,
STAT3,F2R,1,gold_standard,
STAT3,FGF2,1,gold_standard,
STAT3,FGG,1,gold_standard,
STAT3,FOS,1,gold_standard,
STAT3,HIF1A,1,gold_standard,
STAT3,HMOX1,1,gold_standard,
STAT3,HSPA4,1,gold_standard,
STAT3,HSPB1,1,gold_standard,
STAT3,IFNAR1,1,gold_standard,
STAT3,IRF1,1,gold_standard,
STAT3,JAK2,1,gold_standard,
STAT3,JUNB,1,gold_standard,
STAT3,LGALS3BP,-1,gold_standard,
STAT3,LTBP1,-1,gold_standard,
STAT3,MCL1,1,gold_standard,
STAT3,MICA,-1,gold_standard,
STAT3,MMP2,1,gold_standard,
STAT3,MYC,1,gold_standard,
STAT3,NANOG,1,gold_standard,
STAT3,NME1,1,gold_standard,
STAT3,PGF,-1,gold_standard,
STAT3,PIAS3,1,gold_standard,
STAT3,PIM1,1,gold_standard,
STAT3,PPARA,1,gold_standard,
STAT3,PRDM1,1,gold_standard,
STAT3,PSMB5,1,gold_standard,
STAT3,PTEN,1,gold_standard,
STAT3,PTPN13,1,gold_standard,
STAT3,PTPN6,-1,gold_standard,
STAT3,S100A11,1,gold_standard,
STAT3,SALL4,1,gold_standard,
STAT3,SOCS3,1,gold_standard,
STAT3,STAT1,1,gold_standard,
STAT3,STS,1,gold_standard,
STAT3,TIMP1,1,gold_standard,
STAT3,TNFRSF10B,-1,gold_standard,
STAT3,TYK2,-1,gold_standard,
STAT3,UCP2,-1,gold_standard,
STAT3,USP7,-1,gold_standard,
STAT3,VEGFA,1,gold_standard,
STAT3,ZFP36,1,gold_standard,
STAT4,MYC,1,gold_standard,
STAT4,S100A4,1,gold_standard,
STAT4,SOCS3,-1,gold_standard,
STAT5B,BCL2L1,1,gold_standard,
STAT5B,BCL6,-1,gold_standard,
STAT5B,IGF1,1,gold_standard,
STAT6,CCL26,1,gold_standard,
STAT6,COL1A1,1,gold_standard,
STAT6,COL1A2,1,gold_standard,
STAT6,CYP2E1,1,gold_standard,
STAT6,FOS,1,gold_standard,
STAT6,IL1R1,1,gold_standard,
STAT6,RHOA,1,gold_standard,
STAT6,STAT1,-1,gold_standard,
SUPT3H,NEDD4L,1,gold_standard,
TAF1,CDKN1A,1,gold_standard,
TAF4,ATF7,-1,gold_standard,
TBP,FOS,1,gold_standard,
TBP,FUS,-1,gold_standard,
TBP,LIN28B,1,gold_standard,
TBP,NF1,-1,gold_standard,
TBPL1,NF1,1,gold_standard,
TBX3,CDKN1A,-1,gold_standard,
TCF12,CDH1,-1,gold_standard,
TCF19,CCNE1,-1,gold_standard,
TCF3,CDH1,-1,gold_standard,
TCF3,CDK6,-1,gold_standard,
TCF3,CDKN1A,1,gold_standard,
TCF3,EXO1,-1,gold_standard,
TCF3,MYC,1,gold_standard,
TCF3,POU5F1,-1,gold_standard,
TCF4,CCND1,1,gold_standard,
TCF4,CNTNAP2,1,gold_standard,
TCF4,HECA,-1,gold_standard,
TCF4,MITF,-1,gold_standard,
TCF4,MYC,1,gold_standard,
TCF4,PLD1,1,gold_standard,
TCF4,PTEN,-1,gold_standard,
TCF4,VEGFA,1,gold_standard,
TCF4,VIM,1,gold_standard,
TCF7L2,BIRC5,1,gold_standard,
TCF7L2,HECA,-1,gold_standard,
TCF7L2,STARD7,1,gold_standard,
TEAD1,ATP6V0A2,1,gold_standard,
TEAD4,VEGFA,-1,gold_standard,
TFAP2C,CDKN1A,-1,gold_standard,
TFAP2C,CRABP2,1,gold_standard,
TFAP2C,GPX1,1,gold_standard,
TFCP2,PAX6,1,gold_standard,
TFCP2,SPP1,1,gold_standard,
TFCP2,TF,1,gold_standard,
TFDP1,CCNE1,1,gold_standard,
TFDP1,CDK1,1,gold_standard,
TFDP1,DHFR,1,gold_standard,
TFDP1,MYBL2,1,gold_standard,
TFDP1,NRIP1,1,gold_standard,
TFDP1,PCNA,1,gold_standard,
TFDP1,RRM1,1,gold_standard,
TFDP1,TP53,-1,gold_standard,
TFDP1,TYMS,1,gold_standard,
TFPT,EAF2,-1,gold_standard,
TNFAIP3,IRF7,-1,gold_standard,
TNFAIP3,JUN,-1,gold_standard,
TNFAIP3,NFKB1,-1,gold_standard,
TNFAIP3,RELA,-1,gold_standard,
TP53,AFP,-1,gold_standard,
TP53,AKT1,-1,gold_standard,
TP53,ATF3,1,gold_standard,
TP53,BAX,1,gold_standard,
TP53,BCL2L1,1,gold_standard,
TP53,BCL3,-1,gold_standard,
TP53,BIRC5,-1,gold_standard,
TP53,BRCA1,-1,gold_standard,
TP53,BRCA2,-1,gold_standard,
TP53,CAV1,1,gold_standard,
TP53,CCNB1,-1,gold_standard,
TP53,CCNB2,-1,gold_standard,
TP53,CCND1,-1,gold_standard,
TP53,CD82,1,gold_standard,
TP53,CDK1,-1,gold_standard,
TP53,CDK2,-1,gold_standard,
TP53,CDKN1A,1,gold_standard,
TP53,CHEK1,-1,gold_standard,
TP53,CHEK2,-1,gold_standard,
TP53,CHUK,-1,gold_standard,
TP53,CRYAB,1,gold_standard,
TP53,CTNNB1,-1,gold_standard,
TP53,CTSD,1,gold_standard,
TP53,DDB1,1,gold_standard,
TP53,DDB2,1,gold_standard,
TP53,DNMT1,1,gold_standard,
TP53,DUSP1,1,gold_standard,
TP53,E2F3,-1,gold_standard,
TP53,E2F7,1,gold_standard,
TP53,EGFR,1,gold_standard,
TP53,EPHA2,1,gold_standard,
TP53,EZH2,1,gold_standard,
TP53,FGF2,-1,gold_standard,
TP53,FLT1,1,gold_standard,
TP53,FOXM1,-1,gold_standard,
TP53,GADD45A,1,gold_standard,
TP53,GDF15,1,gold_standard,
TP53,GSTP1,1,gold_standard,
TP53,HIPK2,1,gold_standard,
TP53,HNF4A,-1,gold_standard,
TP53,HSP90AB1,-1,gold_standard,
TP53,IFI16,1,gold_standard,
TP53,IGF1R,-1,gold_standard,
TP53,IPO7,-1,gold_standard,
TP53,MAD1L1,-1,gold_standard,
TP53,MAP4,-1,gold_standard,
TP53,MCL1,-1,gold_standard,
TP53,MCM7,-1,gold_standard,
TP53,MDM2,1,gold_standard,
TP53,MET,-1,gold_standard,
TP53,MGMT,-1,gold_standard,
TP53,MMP2,1,gold_standard,
TP53,MYC,-1,gold_standard,
TP53,OGG1,1,gold_standard,
TP53,PERP,-1,gold_standard,
TP53,PIAS3,-1,gold_standard,
TP53,PMAIP1,1,gold_standard,
TP53,PML,1,gold_standard,
TP53,PRC1,-1,gold_standard,
TP53,PTEN,-1,gold_standard,
TP53,PTTG1,1,gold_standard,
TP53,RASSF1,-1,gold_standard,
TP53,RECQL4,1,gold_standard,
TP53,REEP5,-1,gold_standard,
TP53,SIVA1,1,gold_standard,
TP53,SLC2A1,-1,gold_standard,
TP53,SLC6A6,-1,gold_standard,
TP53,SSTR2,-1,gold_standard,
TP53,STAT3,-1,gold_standard,
TP53,TBXAS1,-1,gold_standard,
TP53,TCF7L2,-1,gold_standard,
TP53,THBS1,1,gold_standard,
TP53,TNFRSF10A,1,gold_standard,
TP53,TNFRSF10B,1,gold_standard,
TP53,TP53,1,gold_standard,
TP53,TP53I3,1,gold_standard,
TP53,TRIM22,1,gold_standard,
TP53,TYMS,-1,gold_standard,
TP53,UHRF1,-1,gold_standard,
TP53,UHRF1BP1,1,gold_standard,
TP53,VCAN,1,gold_standard,
TP53,VEGFA,1,gold_standard,
TP53,WRN,-1,gold_standard,
TP53,XPO1,-1,gold_standard,
TP53BP1,BRCA1,1,gold_standard,
TRAF6,VEGFA,-1,gold_standard,
TRERF1,CD40,-1,gold_standard,
TRIB3,ATF4,-1,gold_standard,
TRIM16,VIM,-1,gold_standard,
TRIM28,E2F3,-1,gold_standard,
TRIM28,E2F4,-1,gold_standard,
TRPS1,RUNX2,-1,gold_standard,
TRRAP,CCND2,1,gold_standard,
TRRAP,MITF,-1,gold_standard,
TSC22D1,CNP,1,gold_standard,
TSC22D3,CCND1,1,gold_standard,
TSC22D3,CDKN1A,-1,gold_standard,
TSC22D3,FOXO1,-1,gold_standard,
TSC22D3,FOXO3,-1,gold_standard,
TSG101,EGFR,-1,gold_standard,
UHRF1,RB1,1,gold_standard,
USF1,ABCA1,1,gold_standard,
USF1,AGT,-1,gold_standard,
USF1,APC,1,gold_standard,
USF1,APOA5,1,gold_standard,
USF1,B2M,1,gold_standard,
USF1,CEACAM1,1,gold_standard,
USF1,CTSD,1,gold_standard,
USF1,CXCR4,1,gold_standard,
USF1,CYP19A1,-1,gold_standard,
USF1,FMR1,1,gold_standard,
USF1,FOXA2,1,gold_standard,
USF1,GATA5,1,gold_standard,
USF1,HMOX1,1,gold_standard,
USF1,P4HA1,1,gold_standard,
USF1,PTGDS,1,gold_standard,
USF1,S100A6,1,gold_standard,
USF1,SERBP1,1,gold_standard,
USF1,SLC19A1,1,gold_standard,
USF1,TGFB2,1,gold_standard,
USF1,TOP3A,1,gold_standard,
USF2,ABCA1,1,gold_standard,
USF2,APC,1,gold_standard,
USF2,APOA5,1,gold_standard,
USF2,B2M,1,gold_standard,
USF2,CEACAM1,1,gold_standard,
USF2,CTSD,1,gold_standard,
USF2,CXCR4,1,gold_standard,
USF2,CYP19A1,-1,gold_standard,
USF2,FMR1,1,gold_standard,
USF2,HMOX1,1,gold_standard,
USF2,IGF2R,1,gold_standard,
USF2,P4HA1,1,gold_standard,
USF2,SLC19A1,1,gold_standard,
USF2,TGFB2,1,gold_standard,
USF2,THBS1,1,gold_standard,
USF2,TOP3A,1,gold_standard,
VHL,ANGPT2,-1,gold_standard,
VHL,CDKN1B,1,gold_standard,
VHL,CDKN1C,1,gold_standard,
VHL,CXCR4,-1,gold_standard,
VHL,DAB2,1,gold_standard,
VHL,HIF1A,-1,gold_standard,
VHL,IGF1R,-1,gold_standard,
VHL,NMU,-1,gold_standard,
VHL,SPARC,1,gold_standard,
VHL,TFRC,-1,gold_standard,
VHL,VEGFA,1,gold_standard,
WWP1,ERBB4,-1,gold_standard,
WWP1,TGFBR1,-1,gold_standard,
WWTR1,ASNS,-1,gold_standard,
WWTR1,BAK1,1,gold_standard,
WWTR1,BAX,1,gold_standard,
WWTR1,SMAD3,1,gold_standard,
XBP1,ERP29,-1,gold_standard,
XBP1,HSPA5,1,gold_standard,
XBP1,NPPB,1,gold_standard,
XPC,CASP2,-1,gold_standard,
XPC,KIN,1,gold_standard,
XPC,RNF111,-1,gold_standard,
XRCC5,ETS1,-1,gold_standard,
YBX1,AGT,1,gold_standard,
YBX1,ANAPC4,-1,gold_standard,
YBX1,CCNB1,-1,gold_standard,
YBX1,CCNC,-1,gold_standard,
YBX1,CDC20,-1,gold_standard,
YBX1,CDH1,1,gold_standard,
YBX1,CDKN3,1,gold_standard,
YBX1,CKS2,-1,gold_standard,
YBX1,CXCR4,1,gold_standard,
YBX1,EGFR,1,gold_standard,
YBX1,ERBB2,1,gold_standard,
YBX1,ERBB3,1,gold_standard,
YBX1,KPNA2,-1,gold_standard,
YBX1,MET,1,gold_standard,
YBX1,MNAT1,-1,gold_standard,
YBX1,MYCN,1,gold_standard,
YBX1,RAD9A,1,gold_standard,
YBX1,RBBP8,-1,gold_standard,
YBX1,SKP2,-1,gold_standard,
YBX1,SUMO1,-1,gold_standard,
YBX1,TYMS,-1,gold_standard,
YEATS4,TP53,-1,gold_standard,
YY1,ACTC1,-1,gold_standard,
YY1,APC,-1,gold_standard,
YY1,APH1A,1,gold_standard,
YY1,ATP2C1,1,gold_standard,
YY1,CFTR,1,gold_standard,
YY1,COX7C,1,gold_standard,
YY1,CREBBP,-1,gold_standard,
YY1,CTCF,1,gold_standard,
YY1,CXCR4,-1,gold_standard,
YY1,DNAJB4,1,gold_standard,
YY1,EGFR,1,gold_standard,
YY1,EPAS1,-1,gold_standard,
YY1,ERBB2,1,gold_standard,
YY1,ERCC5,1,gold_standard,
YY1,GDAP1,1,gold_standard,
YY1,HAS2,-1,gold_standard,
YY1,HSPA5,1,gold_standard,
YY1,MYC,1,gold_standard,
YY1,NF1,1,gold_standard,
YY1,PCNA,1,gold_standard,
YY1,PDIA6,-1,gold_standard,
YY1,PRDM2,1,gold_standard,
YY1,SURF1,1,gold_standard,
YY1,SURF2,1,gold_standard,
YY1,TNFRSF10B,1,gold_standard,
YY1,TOP3A,1,gold_standard,
YY1,TP53,1,gold_standard,
YY1,VEGFB,1,gold_standard,
YY1,ZNF175,1,gold_standard,
ZBTB14,FHL2,1,gold_standard,
ZBTB16,BID,-1,gold_standard,
ZBTB16,CCNA2,-1,gold_standard,
ZBTB16,CRABP1,1,gold_standard,
ZBTB16,CXCR4,1,gold_standard,
ZBTB16,SOX9,1,gold_standard,
ZBTB17,CDKN1A,-1,gold_standard,
ZBTB2,ARF1,-1,gold_standard,
ZBTB2,CDKN1A,-1,gold_standard,
ZBTB2,MDM2,1,gold_standard,
ZBTB2,TP53,-1,gold_standard,
ZBTB5,CDKN1A,-1,gold_standard,
ZFHX3,AFP,-1,gold_standard,
ZFHX3,CDKN1A,1,gold_standard,
ZFP36,ELAVL1,1,gold_standard,
ZFP36,HIF1A,1,gold_standard,
ZFP36,LATS2,-1,gold_standard,
ZFP36,VEGFA,-1,gold_standard,
ZFP36L1,VEGFA,-1,gold_standard,
ZHX2,AFP,-1,gold_standard,
ZHX2,CCNA2,-1,gold_standard,
ZHX2,CCNE1,-1,gold_standard,
ZIC2,TCF4,-1,gold_standard,
ZNF143,BUB1B,1,gold_standard,
ZNF143,PCYT1A,1,gold_standard,
ZNF148,VIM,-1,gold_standard,
ZNF202,ABCA1,-1,gold_standard,
ZNF202,POMGNT1,-1,gold_standard,
ZNF217,CDH1,-1,gold_standard,
ZNF224,ALDOA,-1,gold_standard,
ZNF24,CCND1,1,gold_standard,
ZNF24,CTNNB1,1,gold_standard,
ZNF24,VEGFA,-1,gold_standard,
ZNF300,CDKN1A,-1,gold_standard,
ZNF300,CDKN1B,-1,gold_standard,
ZNF300,MYC,1,gold_standard,
ZNF350,ATXN2,1,gold_standard,
ZNF350,HMGA2,-1,gold_standard,
ZNF382,CDK6,-1,gold_standard,
ZNF382,HMGA2,-1,gold_standard,
ZNF382,ID1,-1,gold_standard,
ZNF382,JUN,-1,gold_standard,
ZNF382,MITF,-1,gold_standard,
ZNF382,MYC,-1,gold_standard,
ZNF382,NFKB1,-1,gold_standard,
ZNF382,STAT3,-1,gold_standard,
ZNF382,STAT5B,-1,gold_standard,
ZNF383,JUN,-1,gold_standard,
ZNF76,CDKN1A,-1,gold_standard,
ZNF76,PCYT1A,1,gold_standard,
AHR,FOS,1,dorothea,
AHR,MYC,1,dorothea,
AHR,ASAP1,1,dorothea,
AHR,VGLL4,1,dorothea,
AHR,ARID5B,1,dorothea,
AHR,CTNNA1,1,dorothea,
AHR,DOCK4,1,dorothea,
AHR,EPB41L2,1,dorothea,
AHR,FRMD4A,1,dorothea,
AHR,GAS7,1,dorothea,
AHR,KAZN,1,dorothea,
AHR,KDM4C,1,dorothea,
AHR,LHFPL2,1,dorothea,
AHR,MAP4K4,1,dorothea,
AHR,MAST4,1,dorothea,
AHR,MID1,1,dorothea,
AHR,MYO1B,1,dorothea,
AHR,NCOR2,1,dorothea,
AHR,NFATC2,1,dorothea,
AHR,NRP2,1,dorothea,
AHR,PLCB1,1,dorothea,
AHR,RBMS1,1,dorothea,
AHR,SIPA1L2,1,dorothea,
AHR,SOS1,1,dorothea,
AHR,SULF2,1,dorothea,
AHR,TRIM37,1,dorothea,
AHR,TRIO,1,dorothea,
AHR,TRPS1,1,dorothea,
AHR,TSHZ2,1,dorothea,
AHR,UTRN,1,dorothea,
AHR,ZNF217,1,dorothea,
AHR,ZNF385D,1,dorothea,
ARID2,AGTPBP1,1,dorothea,
ARID2,ATXN7,1,dorothea,
ARID2,BAZ2A,1,dorothea,
ARID2,BBX,1,dorothea,
ARID2,CACUL1,1,dorothea,
ARID2,CDK17,1,dorothea,
ARID2,CHD2,1,dorothea,
ARID2,CHD9,1,dorothea,
ARID2,CPSF6,1,dorothea,
ARID2,FOXJ3,1,dorothea,
ARID2,HNRNPH1,1,dorothea,
ARID2,HNRNPL,1,dorothea,
ARID2,JMJD1C,1,dorothea,
ARID2,LRP6,1,dorothea,
ARID2,MAP4K5,1,dorothea,
ARID2,MLLT10,1,dorothea,
ARID2,MSI2,1,dorothea,
ARID2,NCOA2,1,dorothea,
ARID2,NFAT5,1,dorothea,
ARID2,PAWR,1,dorothea,
ARID2,RBPJ,1,dorothea,
ARID2,RCOR3,1,dorothea,
ARID2,SIAH1,1,dorothea,
ARID2,SOS1,1,dorothea,
ARID2,TIAL1,1,dorothea,
ARID2,TNPO1,1,dorothea,
ARID2,USP3,1,dorothea,
ARID2,WAC,1,dorothea,
ARID2,ZCCHC2,1,dorothea,
ARID2,ZNF131,1,dorothea,
ARID3A,ACKR2,1,dorothea,
ARID3A,BAZ2A,1,dorothea,
ARID3A,BCAT1,1,dorothea,
ARID3A,CIC,1,dorothea,
ARID3A,CYTH1,1,dorothea,
ARID3A,DDIT4,1,dorothea,
ARID3A,ERN1,1,dorothea,
ARID3A,FOXK1,1,dorothea,
ARID3A,GAB2,1,dorothea,
ARID3A,GRK6,1,dorothea,
ARID3A,MKNK2,1,dorothea,
ARID3A,PLIN2,1,dorothea,
ARID3A,PTK2B,1,dorothea,
ARID3A,SEC14L1,1,dorothea,
ARID3A,ST3GAL1,1,dorothea,
ARID3A,STK10,1,dorothea,
ARID3A,TGIF1,1,dorothea,
ARID3A,ZC3H3,1,dorothea,
ARNT,BHLHE40,1,dorothea,
ARNT,LDHA,1,dorothea,
ARNT,VEGFA,1,dorothea,
ARNT,ANGPT1,1,dorothea,
ARNT,AFF1,1,dorothea,
ARNT,ALDOA,1,dorothea,
ARNT,ANK3,1,dorothea,
ARNT,ARID1B,1,dorothea,
ARNT,ARID5B,1,dorothea,
ARNT,ASAP1,1,dorothea,
ARNT,DAAM1,1,dorothea,
ARNT,DOCK1,1,dorothea,
ARNT,DOCK4,1,dorothea,
ARNT,DST,1,dorothea,
ARNT,DYNC2H1,1,dorothea,
ARNT,EIF3H,1,dorothea,
ARNT,ENO1,1,dorothea,
ARNT,ERC1,1,dorothea,
ARNT,EXOC6B,1,dorothea,
ARNT,FNDC3B,1,dorothea,
ARNT,GTDC1,1,dorothea,
ARNT,IQSEC1,1,dorothea,
ARNT,LPP,1,dorothea,
ARNT,MACROD2,1,dorothea,
ARNT,MED13L,1,dorothea,
ARNT,MID1,1,dorothea,
ARNT,NBEA,1,dorothea,
ARNT,NFASC,1,dorothea,
ARNT,NFIA,1,dorothea,
ARNT,PIP4K2A,1,dorothea,
ARNT,PTK2,1,dorothea,
ARNT,PTPRD,1,dorothea,
ARNT,RBMS1,1,dorothea,
ARNT,RBMS3,1,dorothea,
ARNT,RBPJ,1,dorothea,
ARNT,RREB1,1,dorothea,
ARNT,SLC22A23,1,dorothea,
ARNT,SORL1,1,dorothea,
ARNT,SOX5,1,dorothea,
ARNT,SPAG9,1,dorothea,
ARNT,SPOCK1,1,dorothea,
ARNT,TBC1D5,1,dorothea,
ARNT,TCF12,1,dorothea,
ARNT,TCF4,1,dorothea,
ARNT,TFRC,1,dorothea,
ARNT,TRIO,1,dorothea,
ARNT,TTLL5,1,dorothea,
ARNT,UVRAG,1,dorothea,
ARNT,VGLL4,1,dorothea,
ARNT,VPS13B,1,dorothea,
ARNT,VPS13D,1,dorothea,
ARNTL,DBP,1,dorothea,
ARNTL,NR1D2,1,dorothea,
ATF1,ERBB2,1,dorothea,
ATF1,FLT1,1,dorothea,
ATF1,LDHA,1,dorothea,
ATF1,NTS,1,dorothea,
ATF1,PLAUR,1,dorothea,
ATF1,TOP2A,1,dorothea,
ATF1,UGT8,1,dorothea,
ATF2,CDKN1A,1,dorothea,
ATF2,DUSP1,1,dorothea,
ATF2,FN1,1,dorothea,
ATF2,FOS,1,dorothea,
ATF2,IMPDH2,1,dorothea,
ATF2,PCK2,1,dorothea,
ATF2,RB1,1,dorothea,
ATF3,GCLC,-1,dorothea,
ATF3,STAT3,-1,dorothea,
ATF3,AKAP13,-1,dorothea,
ATF3,ANXA1,-1,dorothea,
ATF3,BHLHE40,-1,dorothea,
ATF3,COA7,-1,dorothea,
ATF3,ETS2,-1,dorothea,
ATF3,GLIS3,-1,dorothea,
ATF3,GNA12,-1,dorothea,
ATF3,HSPB1,-1,dorothea,
ATF3,KDM4C,-1,dorothea,
ATF3,KDM6B,-1,dorothea,
ATF3,KLF6,-1,dorothea,
ATF3,MAPKAP1,-1,dorothea,
ATF3,MAPRE2,-1,dorothea,
ATF3,MED15,-1,dorothea,
ATF3,MYO18A,-1,dorothea,
ATF3,NFIA,-1,dorothea,
ATF3,PCBP1,-1,dorothea,
ATF3,PER1,-1,dorothea,
ATF3,PRPF31,-1,dorothea,
ATF3,PTP4A1,-1,dorothea,
ATF3,RAD9A,-1,dorothea,
ATF3,RCAN1,-1,dorothea,
ATF3,SMOX,-1,dorothea,
ATF3,SND1,-1,dorothea,
ATF3,SPAG9,-1,dorothea,
ATF3,SPRED2,-1,dorothea,
ATF3,SREBF1,-1,dorothea,
ATF3,SYTL2,-1,dorothea,
ATF3,TOM1L2,-1,dorothea,
ATF3,TRIB1,-1,dorothea,
ATF3,TSC22D2,-1,dorothea,
ATF3,UBC,-1,dorothea,
ATF3,VGLL4,-1,dorothea,
ATF3,VMP1,-1,dorothea,
ATF3,ZBTB20,-1,dorothea,
ATF3,ZFP36L1,-1,dorothea,
ATF4,MCL1,1,dorothea,
ATF6,ATP2A2,1,dorothea,
ATF6,CALR,1,dorothea,
ATF6,DDIT3,1,dorothea,
ATF6,HSP90B1,1,dorothea,
ATF6,HSPA5,1,dorothea,
ATF6,SEL1L,1,dorothea,
ATF6,SRF,1,dorothea,
ATF6,XBP1,1,dorothea,
ATF7,ARID1A,1,dorothea,
ATF7,ARID1B,1,dorothea,
ATF7,CMIP,1,dorothea,
ATF7,CREB3L2,1,dorothea,
ATF7,CREBBP,1,dorothea,
ATF7,DEPDC5,1,dorothea,
ATF7,DST,1,dorothea,
ATF7,EML2,1,dorothea,
ATF7,EXOC4,1,dorothea,
ATF7,FAM122C,1,dorothea,
ATF7,IGF1,1,dorothea,
ATF7,KANSL1,1,dorothea,
ATF7,KDM4C,1,dorothea,
ATF7,KPNA6,1,dorothea,
ATF7,MSI2,1,dorothea,
ATF7,NFIA,1,dorothea,
ATF7,PHF21A,1,dorothea,
ATF7,PTPRS,1,dorothea,
ATF7,SND1,1,dorothea,
ATF7,TCF12,1,dorothea,
ATF7,TEAD1,1,dorothea,
ATF7,TNRC6B,1,dorothea,
ATF7,TP53BP1,1,dorothea,
ATF7,UBE2H,1,dorothea,
ATF7,XPO7,1,dorothea,
ATF7,ZFP36L1,1,dorothea,
BACH1,ALDOA,1,dorothea,
BACH1,ASAP1,1,dorothea,
BACH1,CDK6,1,dorothea,
BACH1,CLIP4,1,dorothea,
BACH1,DPH6,1,dorothea,
BACH1,GCLC,1,dorothea,
BACH1,IFRD1,1,dorothea,
BACH1,KCTD20,1,dorothea,
BACH1,LBR,1,dorothea,
BACH1,MAFG,1,dorothea,
BACH1,ME1,1,dorothea,
BACH1,MSANTD3,1,dorothea,
BACH1,NQO2,1,dorothea,
BACH1,PIK3CD,1,dorothea,
BACH1,PSAP,1,dorothea,
BACH1,RFFL,1,dorothea,
BACH1,SLC48A1,1,dorothea,
BACH1,SLC7A11,1,dorothea,
BACH1,SLX4IP,1,dorothea,
BACH1,SMARCA4,1,dorothea,
BACH1,SQSTM1,1,dorothea,
BACH1,SSC4D,1,dorothea,
BACH1,SYNJ2,1,dorothea,
BACH1,TNFAIP2,1,dorothea,
BACH1,TRIM56,1,dorothea,
BCL11A,CCDC88C,1,dorothea,
BCL11A,CDYL,1,dorothea,
BCL11A,CNTNAP2,1,dorothea,
BCL11A,DTNB,1,dorothea,
BCL11A,ELMO1,1,dorothea,
BCL11A,ETV6,1,dorothea,
BCL11A,GDI2,1,dorothea,
BCL11A,IGF1R,1,dorothea,
BCL11A,JARID2,1,dorothea,
BCL11A,KDM2B,1,dorothea,
BCL11A,LCP1,1,dorothea,
BCL11A,MAP3K8,1,dorothea,
BCL11A,NFIC,1,dorothea,
BCL11A,OBSCN,1,dorothea,
BCL11A,PPP2R5C,1,dorothea,
BCL11A,SLC12A8,1,dorothea,
BCL11A,SORL1,1,dorothea,
BCL11A,SYNE2,1,dorothea,
BCL11A,TBC1D4,1,dorothea,
BCL11A,TLE4,1,dorothea,
BCL11A,TRAK1,1,dorothea,
BCL11A,ZMIZ1,1,dorothea,
BCL11A,ZMYND8,1,dorothea,
BCL6,PRDM1,-1,dorothea,
BCL6,FOXO3,-1,dorothea,
BCL6,ANK3,-1,dorothea,
BCL6,ARHGAP26,-1,dorothea,
BCL6,ARID5B,-1,dorothea,
BCL6,BRD4,-1,dorothea,
BCL6,CABIN1,-1,dorothea,
BCL6,CCND3,-1,dorothea,
BCL6,CFLAR,-1,dorothea,
BCL6,DUSP22,-1,dorothea,
BCL6,GMDS,-1,dorothea,
BCL6,GPCPD1,-1,dorothea,
BCL6,HDAC4,-1,dorothea,
BCL6,IL4R,-1,dorothea,
BCL6,JADE1,-1,dorothea,
BCL6,LDLR,-1,dorothea,
BCL6,LPP,-1,dorothea,
BCL6,MAP3K8,-1,dorothea,
BCL6,MAPKAPK3,-1,dorothea,
BCL6,NCOA7,-1,dorothea,
BCL6,OSBPL10,-1,dorothea,
BCL6,PLCG2,-1,dorothea,
BCL6,RHOQ,-1,dorothea,
BCL6,RNF213,-1,dorothea,
BCL6,SEMA4B,-1,dorothea,
BCL6,ST3GAL1,-1,dorothea,
BCL6,SYNE2,-1,dorothea,
BCL6,SYPL1,-1,dorothea,
BCL6,TCF3,-1,dorothea,
BCL6,TLE3,-1,dorothea,
BCL6,TNK2,-1,dorothea,
BCL6,TNS3,-1,dorothea,
BCL6,TPM4,-1,dorothea,
BHLHE40,NR4A1,-1,dorothea,
BHLHE40,ABCC1,-1,dorothea,
BHLHE40,ACAP3,-1,dorothea,
BHLHE40,ACTB,-1,dorothea,
BHLHE40,ANKRD11,-1,dorothea,
BHLHE40,ARHGEF3,-1,dorothea,
BHLHE40,BCL3,-1,dorothea,
BHLHE40,BCOR,-1,dorothea,
BHLHE40,CCDC57,-1,dorothea,
BHLHE40,CD83,-1,dorothea,
BHLHE40,CDKN1A,-1,dorothea,
BHLHE40,CSK,-1,dorothea,
BHLHE40,CTTN,-1,dorothea,
BHLHE40,CUX1,-1,dorothea,
BHLHE40,DLGAP1,-1,dorothea,
BHLHE40,EGLN3,-1,dorothea,
BHLHE40,FKBP5,-1,dorothea,
BHLHE40,FLNB,-1,dorothea,
BHLHE40,GDF15,-1,dorothea,
BHLHE40,GNA12,-1,dorothea,
BHLHE40,HES1,-1,dorothea,
BHLHE40,ID2,-1,dorothea,
BHLHE40,IRF2BP2,-1,dorothea,
BHLHE40,JMJD1C,-1,dorothea,
BHLHE40,LDLR,-1,dorothea,
BHLHE40,MAP2K3,-1,dorothea,
BHLHE40,MICAL3,-1,dorothea,
BHLHE40,PARVB,-1,dorothea,
BHLHE40,PFKFB3,-1,dorothea,
BHLHE40,PIM1,-1,dorothea,
BHLHE40,PLEC,-1,dorothea,
BHLHE40,RARA,-1,dorothea,
BHLHE40,RGS9,-1,dorothea,
BHLHE40,SEMA4B,-1,dorothea,
BHLHE40,SH3BP2,-1,dorothea,
BHLHE40,SLC16A3,-1,dorothea,
BHLHE40,SLC37A1,-1,dorothea,
BHLHE40,SLC7A5,-1,dorothea,
BHLHE40,SMAD7,-1,dorothea,
BHLHE40,SNAP47,-1,dorothea,
BHLHE40,SRC,-1,dorothea,
BHLHE40,SUB1,-1,dorothea,
BHLHE40,SYNJ2,-1,dorothea,
BHLHE40,TLE3,-1,dorothea,
BHLHE40,TRAPPC9,-1,dorothea,
BHLHE40,UBE2D3,-1,dorothea,
BHLHE40,VGLL4,-1,dorothea,
BHLHE40,XXYLT1,-1,dorothea,
BHLHE40,ZFP36L1,-1,dorothea,
CDX2,DSC2,1,dorothea,
CDX2,GUCY2C,1,dorothea,
CEBPA,ABCC1,1,dorothea,
CEBPA,ACACA,1,dorothea,
CEBPA,ACACB,1,dorothea,
CEBPA,AEBP1,1,dorothea,
CEBPA,AFP,1,dorothea,
CEBPA,AGT,1,dorothea,
CEBPA,ALB,1,dorothea,
CEBPA,APOA1,1,dorothea,
CEBPA,APOB,1,dorothea,
CEBPA,APOC3,1,dorothea,
CEBPA,C8ORF76,1,dorothea,
CEBPA,CCNB1,1,dorothea,
CEBPA,CCND1,1,dorothea,
CEBPA,CCNE1,1,dorothea,
CEBPA,CDK2,1,dorothea,
CEBPA,CDKN1A,1,dorothea,
CEBPA,CFTR,1,dorothea,
CEBPA,COMT,1,dorothea,
CEBPA,CPS1,1,dorothea,
CEBPA,CREB1,1,dorothea,
CEBPA,CRMP1,1,dorothea,
CEBPA,CSRP1,1,dorothea,
CEBPA,E2F2,1,dorothea,
CEBPA,E2F3,1,dorothea,
CEBPA,EHHADH,1,dorothea,
CEBPA,EPO,1,dorothea,
CEBPA,F3,1,dorothea,
CEBPA,FASN,1,dorothea,
CEBPA,FGA,1,dorothea,
CEBPA,FN1,1,dorothea,
CEBPA,FOXA2,1,dorothea,
CEBPA,GADD45A,1,dorothea,
CEBPA,GAPDH,1,dorothea,
CEBPA,GLS2,1,dorothea,
CEBPA,GPX4,1,dorothea,
CEBPA,GSK3B,1,dorothea,
CEBPA,GUCY2C,1,dorothea,
CEBPA,HMGB1,1,dorothea,
CEBPA,HNF4A,1,dorothea,
CEBPA,HP,1,dorothea,
CEBPA,HPX,1,dorothea,
CEBPA,ID1,1,dorothea,
CEBPA,IGF2,1,dorothea,
CEBPA,IRS1,1,dorothea,
CEBPA,ITGA2,1,dorothea,
CEBPA,KAT7,1,dorothea,
CEBPA,KCNH8,1,dorothea,
CEBPA,LBP,1,dorothea,
CEBPA,LDLR,1,dorothea,
CEBPA,LIPC,1,dorothea,
CEBPA,MAD1L1,1,dorothea,
CEBPA,MAT2A,1,dorothea,
CEBPA,MME,1,dorothea,
CEBPA,MMP11,1,dorothea,
CEBPA,MSR1,1,dorothea,
CEBPA,NFYA,1,dorothea,
CEBPA,NFYC,1,dorothea,
CEBPA,PCK1,1,dorothea,
CEBPA,PCK2,1,dorothea,
CEBPA,PCNA,1,dorothea,
CEBPA,PER2,1,dorothea,
CEBPA,RB1,1,dorothea,
CEBPA,SAA1,1,dorothea,
CEBPA,SCD,1,dorothea,
CEBPA,SLC10A1,1,dorothea,
CEBPA,SLC9A1,1,dorothea,
CEBPA,SMYD2,1,dorothea,
CEBPA,SOD1,1,dorothea,
CEBPA,SP1,1,dorothea,
CEBPA,SPIDR,1,dorothea,
CEBPA,SREBF1,1,dorothea,
CEBPA,SREBF2,1,dorothea,
CEBPA,STAT3,1,dorothea,
CEBPA,TF,1,dorothea,
CEBPA,THOC1,1,dorothea,
CEBPA,TIMP2,1,dorothea,
CEBPA,TK1,1,dorothea,
CEBPA,TNFAIP3,1,dorothea,
CEBPA,TNFRSF1A,1,dorothea,
CEBPA,TOP2A,1,dorothea,
CEBPA,TSC22D3,1,dorothea,
CEBPA,UBE2L3,1,dorothea,
CEBPA,UHRF1,1,dorothea,
CEBPA,VLDLR,1,dorothea,
CEBPB,ALB,1,dorothea,
CEBPB,ASNS,1,dorothea,
CEBPB,BCL2L1,1,dorothea,
CEBPB,FOS,1,dorothea,
CEBPB,GADD45G,1,dorothea,
CEBPB,HP,1,dorothea,
CEBPB,IGF2,1,dorothea,
CEBPB,SAA1,1,dorothea,
CEBPB,SLC10A1,1,dorothea,
CEBPB,TOP1,1,dorothea,
CEBPD,C3,1,dorothea,
CEBPD,CFTR,1,dorothea,
CEBPD,GADD45G,1,dorothea,
CEBPD,GAPDH,1,dorothea,
CEBPD,CCND1,1,dorothea,
CEBPD,GRAMD1A,1,dorothea,
CEBPD,NFIL3,1,dorothea,
CEBPD,TF,1,dorothea,
CEBPG,AIG1,1,dorothea,
CEBPG,ATP2A2,1,dorothea,
CEBPG,BRD4,1,dorothea,
CEBPG,CECR2,1,dorothea,
CEBPG,CHN2,1,dorothea,
CEBPG,CLIP1,1,dorothea,
CEBPG,CPQ,1,dorothea,
CEBPG,CRYZL1,1,dorothea,
CEBPG,CYP19A1,1,dorothea,
CEBPG,DPYSL2,1,dorothea,
CEBPG,DST,1,dorothea,
CEBPG,EDEM1,1,dorothea,
CEBPG,EPAS1,1,dorothea,
CEBPG,EPS15,1,dorothea,
CEBPG,FGGY,1,dorothea,
CEBPG,FRYL,1,dorothea,
CEBPG,FYN,1,dorothea,
CEBPG,GRHL2,1,dorothea,
CEBPG,HK1,1,dorothea,
CEBPG,LIPC,1,dorothea,
CEBPG,MAP4,1,dorothea,
CEBPG,MICAL2,1,dorothea,
CEBPG,MTHFD1L,1,dorothea,
CEBPG,NFIB,1,dorothea,
CEBPG,NFIL3,1,dorothea,
CEBPG,PHF3,1,dorothea,
CEBPG,PIK3R1,1,dorothea,
CEBPG,PTP4A2,1,dorothea,
CEBPG,ROCK2,1,dorothea,
CEBPG,RTN4,1,dorothea,
CEBPG,SLC38A1,1,dorothea,
CEBPG,SLC9A1,1,dorothea,
CEBPG,SOX6,1,dorothea,
CEBPG,TBC1D31,1,dorothea,
CEBPG,TCF4,1,dorothea,
CEBPG,TRIB1,1,dorothea,
CEBPG,TRIB3,1,dorothea,
CLOCK,NR1D2,1,dorothea,
CLOCK,ATP9B,1,dorothea,
CLOCK,CELSR1,1,dorothea,
CLOCK,CHCHD6,1,dorothea,
CLOCK,CMIP,1,dorothea,
CLOCK,COL6A1,1,dorothea,
CLOCK,DLGAP1,1,dorothea,
CLOCK,FAM91A1,1,dorothea,
CLOCK,GAS7,1,dorothea,
CLOCK,GET4,1,dorothea,
CLOCK,INPP5A,1,dorothea,
CLOCK,IQSEC1,1,dorothea,
CLOCK,LARP1,1,dorothea,
CLOCK,MAGI1,1,dorothea,
CLOCK,MICAL2,1,dorothea,
CLOCK,PCYT1A,1,dorothea,
CLOCK,PPFIA1,1,dorothea,
CLOCK,PREX1,1,dorothea,
CLOCK,PRKAG2,1,dorothea,
CLOCK,PTK2,1,dorothea,
CLOCK,RGS12,1,dorothea,
CLOCK,RGS6,1,dorothea,
CLOCK,SEC14L1,1,dorothea,
CLOCK,SIPA1L1,1,dorothea,
CLOCK,TIAM1,1,dorothea,
CLOCK,TNS1,1,dorothea,
CLOCK,TNS3,1,dorothea,
CLOCK,TRAPPC9,1,dorothea,
CLOCK,ZDHHC14,1,dorothea,
CLOCK,ZNF331,1,dorothea,
CREB1,AQP3,1,dorothea,
CREB1,CCND1,1,dorothea,
CREB1,CDK11A,1,dorothea,
CREB1,CPT1A,1,dorothea,
CREB1,CXCR4,1,dorothea,
CREB1,CYP11A1,1,dorothea,
CREB1,DIO2,1,dorothea,
CREB1,EGR1,1,dorothea,
CREB1,ERBB2,1,dorothea,
CREB1,FLT1,1,dorothea,
CREB1,FN1,1,dorothea,
CREB1,FOS,1,dorothea,
CREB1,HPGD,1,dorothea,
CREB1,NF1,1,dorothea,
CREB1,NPY,1,dorothea,
CREB1,NTS,1,dorothea,
CREB1,ODC1,1,dorothea,
CREB1,PCK1,1,dorothea,
CREB1,PCK2,1,dorothea,
CREB1,POLD2,1,dorothea,
CREB1,RARB,1,dorothea,
CREB1,RRM2B,1,dorothea,
CREB1,SLC19A1,1,dorothea,
CREB1,SPRY2,1,dorothea,
CREB1,STAR,1,dorothea,
CREB1,UGT8,1,dorothea,
CREB1,VEGFA,1,dorothea,
CREB3,HM13,1,dorothea,
CREB3,PRPF31,1,dorothea,
CREB3,ANO10,1,dorothea,
CREB3,BHLHE40,1,dorothea,
CREB3,CAP1,1,dorothea,
CREB3,CHCHD6,1,dorothea,
CREB3,DNAJB12,1,dorothea,
CREB3,DTNBP1,1,dorothea,
CREB3,ESYT2,1,dorothea,
CREB3,GALNT2,1,dorothea,
CREB3,LAMTOR5,1,dorothea,
CREB3,MAD2L1BP,1,dorothea,
CREB3,MTHFR,1,dorothea,
CREB3,NEBL,1,dorothea,
CREB3,PCBP1,1,dorothea,
CREB3,PCNA,1,dorothea,
CREB3,PTTG1IP,1,dorothea,
CREB3,ST3GAL2,1,dorothea,
CREB3,STAT3,1,dorothea,
CREB3,STON2,1,dorothea,
CREB3,SUB1,1,dorothea,
CREB3L1,VEGFA,1,dorothea,
CREB3L1,ARHGEF1,1,dorothea,
CREB3L1,ARID1A,1,dorothea,
CREB3L1,ASPH,1,dorothea,
CREB3L1,BCAR1,1,dorothea,
CREB3L1,CERCAM,1,dorothea,
CREB3L1,FNDC3B,1,dorothea,
CREB3L1,HMGB1,1,dorothea,
CREB3L1,KCNK1,1,dorothea,
CREB3L1,MAD2L1BP,1,dorothea,
CREB3L1,MTDH,1,dorothea,
CREB3L1,NRSN2,1,dorothea,
CREB3L1,PARVB,1,dorothea,
CREB3L1,PLEC,1,dorothea,
CREB3L1,SERPINH1,1,dorothea,
CREB3L1,STAR,1,dorothea,
CREB3L1,STARD10,1,dorothea,
CREB3L1,TXNDC5,1,dorothea,
CREB3L1,UBC,1,dorothea,
CREM,GPCPD1,1,dorothea,
CREM,ARID1A,1,dorothea,
CREM,ARID5B,1,dorothea,
CREM,ATF3,1,dorothea,
CREM,CMIP,1,dorothea,
CREM,CREB3L2,1,dorothea,
CREM,ERN1,1,dorothea,
CREM,ESYT2,1,dorothea,
CREM,FOXP1,1,dorothea,
CREM,FSCN1,1,dorothea,
CREM,GADD45A,1,dorothea,
CREM,HDAC4,1,dorothea,
CREM,HIVEP2,1,dorothea,
CREM,KDM4C,1,dorothea,
CREM,LIMS1,1,dorothea,
CREM,LITAF,1,dorothea,
CREM,LPCAT1,1,dorothea,
CREM,MSI2,1,dorothea,
CREM,NAV2,1,dorothea,
CREM,PLCL2,1,dorothea,
CREM,PRKCE,1,dorothea,
CREM,PRKCZ,1,dorothea,
CREM,PTMA,1,dorothea,
CREM,PTP4A2,1,dorothea,
CREM,PTPRS,1,dorothea,
CREM,PTPRU,1,dorothea,
CREM,RARA,1,dorothea,
CREM,RREB1,1,dorothea,
CREM,SH2B3,1,dorothea,
CREM,SH3BP5,1,dorothea,
CREM,SND1,1,dorothea,
CREM,ST7,1,dorothea,
CREM,SUB1,1,dorothea,
CREM,TGIF1,1,dorothea,
CREM,THADA,1,dorothea,
CREM,TRIM69,1,dorothea,
CREM,UBE2H,1,dorothea,
CREM,USP9X,1,dorothea,
CREM,ZDHHC14,1,dorothea,
CTCF,ACKR3,1,dorothea,
CTCF,ACTR3,-1,dorothea,
CTCF,AHCYL1,1,dorothea,
CTCF,AKT1,-1,dorothea,
CTCF,ANG,1,dorothea,
CTCF,ANKRD46,1,dorothea,
CTCF,ARL2,-1,dorothea,
CTCF,ASAP2,1,dorothea,
CTCF,ATN1,1,dorothea,
CTCF,ATXN7,1,dorothea,
CTCF,BCL2L14,-1,dorothea,
CTCF,BICD2,1,dorothea,
CTCF,CCND1,1,dorothea,
CTCF,CEP135,1,dorothea,
CTCF,CFTR,1,dorothea,
CTCF,CIDEB,1,dorothea,
CTCF,CNIH1,1,dorothea,
CTCF,COL27A1,1,dorothea,
CTCF,COMMD2,-1,dorothea,
CTCF,DIP2B,1,dorothea,
CTCF,DMKN,1,dorothea,
CTCF,DMPK,1,dorothea,
CTCF,ELP5,1,dorothea,
CTCF,ESRP2,-1,dorothea,
CTCF,ETNK2,1,dorothea,
CTCF,FBXO7,1,dorothea,
CTCF,GALNT6,1,dorothea,
CTCF,GALT,1,dorothea,
CTCF,GAS7,1,dorothea,
CTCF,HAUS7,-1,dorothea,
CTCF,HEBP2,1,dorothea,
CTCF,HS1BP3,1,dorothea,
CTCF,HSPA5,1,dorothea,
CTCF,IGF2,1,dorothea,
CTCF,IPO13,1,dorothea,
CTCF,KSR1,1,dorothea,
CTCF,LPIN3,1,dorothea,
CTCF,LRRC59,1,dorothea,
CTCF,MCM10,1,dorothea,
CTCF,MRPL17,1,dorothea,
CTCF,MYD88,1,dorothea,
CTCF,NBN,1,dorothea,
CTCF,NES,1,dorothea,
CTCF,NF1,1,dorothea,
CTCF,NFE2L2,1,dorothea,
CTCF,NPC1,-1,dorothea,
CTCF,NT5C3A,-1,dorothea,
CTCF,PBXIP1,1,dorothea,
CTCF,PMPCB,1,dorothea,
CTCF,POMT2,1,dorothea,
CTCF,PPARD,1,dorothea,
CTCF,PPRC1,1,dorothea,
CTCF,PRSS35,1,dorothea,
CTCF,PTPRG,1,dorothea,
CTCF,RAD21,1,dorothea,
CTCF,RBL2,1,dorothea,
CTCF,RBM39,-1,dorothea,
CTCF,RBMS3,-1,dorothea,
CTCF,S100Z,-1,dorothea,
CTCF,SMIM7,1,dorothea,
CTCF,TBC1D14,1,dorothea,
CTCF,TMBIM6,1,dorothea,
CTCF,TRAPPC6A,1,dorothea,
CTCF,TRO,-1,dorothea,
CTCF,TSFM,1,dorothea,
CTCF,TYSND1,1,dorothea,
CTCF,ZNF20,1,dorothea,
CTCF,ZNF462,-1,dorothea,
CTCF,ZNF613,1,dorothea,
CTCF,ZNF763,-1,dorothea,
CTCF,ZNHIT2,-1,dorothea,
CUX1,ECT2,-1,dorothea,
CUX1,RACGAP1,-1,dorothea,
CUX1,EEF2,1,dorothea,
CUX1,FTO,1,dorothea,
CUX1,AHCY,1,dorothea,
CUX1,AHI1,1,dorothea,
CUX1,APOB,1,dorothea,
CUX1,ARID5B,1,dorothea,
CUX1,AXIN2,1,dorothea,
CUX1,CLEC16A,1,dorothea,
CUX1,DAAM1,1,dorothea,
CUX1,DEPDC1B,1,dorothea,
CUX1,ETV4,1,dorothea,
CUX1,GMDS,1,dorothea,
CUX1,HSPD1,1,dorothea,
CUX1,ITGB5,1,dorothea,
CUX1,JADE1,1,dorothea,
CUX1,KIAA1217,1,dorothea,
CUX1,KIFC3,1,dorothea,
CUX1,MACF1,1,dorothea,
CUX1,MED15,1,dorothea,
CUX1,MYADM,1,dorothea,
CUX1,NFIC,1,dorothea,
CUX1,PIM1,1,dorothea,
CUX1,PREX1,1,dorothea,
CUX1,PUF60,1,dorothea,
CUX1,RBCK1,1,dorothea,
CUX1,SLC16A3,1,dorothea,
CUX1,SLC30A10,1,dorothea,
CUX1,SPTBN1,1,dorothea,
CUX1,SQSTM1,1,dorothea,
CUX1,TBC1D1,1,dorothea,
CUX1,TBC1D5,1,dorothea,
CUX1,TEX2,1,dorothea,
CUX1,UBAC1,1,dorothea,
CUX1,ZFAND3,1,dorothea,
E2F2,ASF1B,1,dorothea,
E2F2,CDC6,1,dorothea,
E2F2,CDCA4,1,dorothea,
E2F2,CDCA7,1,dorothea,
E2F2,CDT1,1,dorothea,
E2F2,MCM10,1,dorothea,
E2F2,MCM5,1,dorothea,
E2F2,MCM6,1,dorothea,
E2F2,MCM7,1,dorothea,
E2F2,MYCN,1,dorothea,
E2F2,PLK1,1,dorothea,
E2F2,PLK4,1,dorothea,
E2F3,CDC6,1,dorothea,
E2F3,MCM5,1,dorothea,
E2F3,MCM6,1,dorothea,
E2F3,MCM7,1,dorothea,
E2F3,MYCN,1,dorothea,
E2F3,PLK1,1,dorothea,
E2F3,TP53BP2,1,dorothea,
E2F4,ACTG1,1,dorothea,
E2F4,ACTR5,1,dorothea,
E2F4,ADARB1,1,dorothea,
E2F4,AKR7A2,1,dorothea,
E2F4,ALDH5A1,1,dorothea,
E2F4,ANAPC15,1,dorothea,
E2F4,ANLN,1,dorothea,
E2F4,APRT,1,dorothea,
E2F4,ASF1B,1,dorothea,
E2F4,AURKB,1,dorothea,
E2F4,BACH1,1,dorothea,
E2F4,BARD1,1,dorothea,
E2F4,BCL11A,1,dorothea,
E2F4,BIRC5,1,dorothea,
E2F4,BORA,1,dorothea,
E2F4,BUB3,1,dorothea,
E2F4,CALM1,1,dorothea,
E2F4,CALR,1,dorothea,
E2F4,CAV1,1,dorothea,
E2F4,CBX5,1,dorothea,
E2F4,CCNA2,1,dorothea,
E2F4,CCNB1,1,dorothea,
E2F4,CCND1,1,dorothea,
E2F4,CDC25A,1,dorothea,
E2F4,CDC25C,1,dorothea,
E2F4,CDC37L1,1,dorothea,
E2F4,CDC45,1,dorothea,
E2F4,CDC6,1,dorothea,
E2F4,CDCA4,1,dorothea,
E2F4,CDCA7,1,dorothea,
E2F4,CDK1,1,dorothea,
E2F4,CDK2,1,dorothea,
E2F4,CDT1,1,dorothea,
E2F4,CENPE,1,dorothea,
E2F4,CENPO,1,dorothea,
E2F4,CFAP20,1,dorothea,
E2F4,CHEK1,1,dorothea,
E2F4,CIB2,1,dorothea,
E2F4,CKS2,1,dorothea,
E2F4,CREG1,1,dorothea,
E2F4,CSE1L,1,dorothea,
E2F4,CTH,1,dorothea,
E2F4,CUTC,1,dorothea,
E2F4,CUX1,1,dorothea,
E2F4,DBF4,1,dorothea,
E2F4,DDX11,1,dorothea,
E2F4,DERL2,1,dorothea,
E2F4,DHFR,1,dorothea,
E2F4,DHPS,1,dorothea,
E2F4,DLEU1,1,dorothea,
E2F4,DROSHA,1,dorothea,
E2F4,DUT,1,dorothea,
E2F4,E2F2,1,dorothea,
E2F4,E2F3,1,dorothea,
E2F4,E2F8,1,dorothea,
E2F4,EIF2B2,1,dorothea,
E2F4,EIF4H,1,dorothea,
E2F4,EPAS1,1,dorothea,
E2F4,EXOSC9,1,dorothea,
E2F4,FAM210B,1,dorothea,
E2F4,FANCC,1,dorothea,
E2F4,FBXO5,1,dorothea,
E2F4,FDFT1,1,dorothea,
E2F4,FEN1,1,dorothea,
E2F4,FOXM1,1,dorothea,
E2F4,FST,1,dorothea,
E2F4,GABPA,1,dorothea,
E2F4,GADD45A,1,dorothea,
E2F4,GINS1,1,dorothea,
E2F4,GMNN,1,dorothea,
E2F4,GNAS,1,dorothea,
E2F4,GNPTG,1,dorothea,
E2F4,GPANK1,1,dorothea,
E2F4,HAGHL,1,dorothea,
E2F4,HLTF,1,dorothea,
E2F4,HMGB1,1,dorothea,
E2F4,HMGB3,1,dorothea,
E2F4,HMGN2,1,dorothea,
E2F4,HMMR,1,dorothea,
E2F4,HNRNPD,1,dorothea,
E2F4,ID3,1,dorothea,
E2F4,IFNAR2,1,dorothea,
E2F4,IKBKG,-1,dorothea,
E2F4,INSIG1,1,dorothea,
E2F4,ITGB3BP,1,dorothea,
E2F4,JUN,1,dorothea,
E2F4,KATNAL1,-1,dorothea,
E2F4,KDM6A,1,dorothea,
E2F4,KHDRBS1,1,dorothea,
E2F4,KLF10,1,dorothea,
E2F4,KLHL21,1,dorothea,
E2F4,LGALS1,1,dorothea,
E2F4,LIN54,1,dorothea,
E2F4,LUC7L,-1,dorothea,
E2F4,MAD2L1,1,dorothea,
E2F4,MAP3K7,1,dorothea,
E2F4,MAPRE1,1,dorothea,
E2F4,MBP,1,dorothea,
E2F4,MCM3,1,dorothea,
E2F4,MCM5,1,dorothea,
E2F4,MCM6,1,dorothea,
E2F4,MCM7,1,dorothea,
E2F4,MCM8,1,dorothea,
E2F4,METTL3,1,dorothea,
E2F4,MFAP1,1,dorothea,
E2F4,MKI67,1,dorothea,
E2F4,MLH1,1,dorothea,
E2F4,MSH2,1,dorothea,
E2F4,MTHFD1,1,dorothea,
E2F4,MYBL2,1,dorothea,
E2F4,MYC,1,dorothea,
E2F4,MYCL,1,dorothea,
E2F4,NAP1L4,1,dorothea,
E2F4,NASP,1,dorothea,
E2F4,NCL,1,dorothea,
E2F4,NDC80,1,dorothea,
E2F4,NEK2,1,dorothea,
E2F4,NFE2L1,1,dorothea,
E2F4,NFKB2,1,dorothea,
E2F4,NPAT,1,dorothea,
E2F4,NUSAP1,1,dorothea,
E2F4,NXT1,1,dorothea,
E2F4,OGFR,1,dorothea,
E2F4,ORC1,1,dorothea,
E2F4,P4HA2,-1,dorothea,
E2F4,PARK7,1,dorothea,
E2F4,PCNA,1,dorothea,
E2F4,PCNT,1,dorothea,
E2F4,PDXK,1,dorothea,
E2F4,PDXP,1,dorothea,
E2F4,PGRMC1,1,dorothea,
E2F4,PIGQ,1,dorothea,
E2F4,PIM2,1,dorothea,
E2F4,PKN2,1,dorothea,
E2F4,PLCG1,1,dorothea,
E2F4,PLK4,1,dorothea,
E2F4,PLSCR1,1,dorothea,
E2F4,POLA2,1,dorothea,
E2F4,POLD1,1,dorothea,
E2F4,POLD2,1,dorothea,
E2F4,POLE2,1,dorothea,
E2F4,POLR2D,1,dorothea,
E2F4,PPIA,1,dorothea,
E2F4,PRC1,1,dorothea,
E2F4,PRIM2,1,dorothea,
E2F4,PRKCSH,1,dorothea,
E2F4,PRPSAP1,1,dorothea,
E2F4,PRR11,1,dorothea,
E2F4,RABIF,1,dorothea,
E2F4,RAD54L,1,dorothea,
E2F4,RB1,1,dorothea,
E2F4,RBBP5,1,dorothea,
E2F4,RBL1,1,dorothea,
E2F4,RECQL,1,dorothea,
E2F4,REL,1,dorothea,
E2F4,RFC2,1,dorothea,
E2F4,RFC3,1,dorothea,
E2F4,RFC4,1,dorothea,
E2F4,RIPK2,1,dorothea,
E2F4,RRM1,1,dorothea,
E2F4,SAYSD1,1,dorothea,
E2F4,SFPQ,1,dorothea,
E2F4,SH3BGR,1,dorothea,
E2F4,SKP1,1,dorothea,
E2F4,SLC25A14,1,dorothea,
E2F4,SLC25A4,1,dorothea,
E2F4,SLC2A13,1,dorothea,
E2F4,SLC35F6,1,dorothea,
E2F4,SLC44A4,1,dorothea,
E2F4,SLCO4A1,1,dorothea,
E2F4,SMARCA4,1,dorothea,
E2F4,SMARCA5,1,dorothea,
E2F4,SMC2,1,dorothea,
E2F4,SMC4,1,dorothea,
E2F4,SP1,1,dorothea,
E2F4,SRRM2,1,dorothea,
E2F4,SRSF8,1,dorothea,
E2F4,SS18L1,1,dorothea,
E2F4,STAM,1,dorothea,
E2F4,STMN1,1,dorothea,
E2F4,SUV39H1,1,dorothea,
E2F4,SUZ12,1,dorothea,
E2F4,TFAM,1,dorothea,
E2F4,TFRC,1,dorothea,
E2F4,THOP1,1,dorothea,
E2F4,TK1,1,dorothea,
E2F4,TMPO,1,dorothea,
E2F4,TOP1,1,dorothea,
E2F4,TOP2A,1,dorothea,
E2F4,TRAF2,1,dorothea,
E2F4,TSNAX,1,dorothea,
E2F4,TYMS,1,dorothea,
E2F4,UBE2C,1,dorothea,
E2F4,UMPS,1,dorothea,
E2F4,UNG,1,dorothea,
E2F4,USP25,1,dorothea,
E2F4,UXT,1,dorothea,
E2F4,VARS2,1,dorothea,
E2F4,VCP,1,dorothea,
E2F4,VHL,1,dorothea,
E2F4,VPS4A,1,dorothea,
E2F4,WDR76,1,dorothea,
E2F4,WEE1,1,dorothea,
E2F4,XRCC2,1,dorothea,
E2F4,YBX3,1,dorothea,
E2F4,YWHAH,1,dorothea,
E2F4,ZFP36L1,1,dorothea,
E2F4,ZNF267,1,dorothea,
E2F5,MYC,1,dorothea,
E2F5,CBX3,1,dorothea,
E2F5,CHEK2,1,dorothea,
E2F5,DPYSL2,1,dorothea,
E2F5,FANCC,1,dorothea,
E2F5,JADE1,1,dorothea,
E2F5,MAP3K7,1,dorothea,
E2F5,MCM3,1,dorothea,
E2F5,PIM1,1,dorothea,
E2F5,PTMA,1,dorothea,
E2F5,SLC22A23,1,dorothea,
E2F5,SLC25A37,1,dorothea,
E2F6,BRCA1,-1,dorothea,
E2F6,DEPDC5,-1,dorothea,
E2F6,RBBP4,-1,dorothea,
E2F6,RBBP8,-1,dorothea,
E2F6,ZNF131,-1,dorothea,
E2F6,ABR,-1,dorothea,
E2F6,AGRN,-1,dorothea,
E2F6,ARHGAP21,-1,dorothea,
E2F6,BAHD1,-1,dorothea,
E2F6,CCDC57,-1,dorothea,
E2F6,CTDSP1,-1,dorothea,
E2F6,EFNA3,-1,dorothea,
E2F6,FANCC,-1,dorothea,
E2F6,FZD5,-1,dorothea,
E2F6,GNAS,-1,dorothea,
E2F6,HIRA,-1,dorothea,
E2F6,KCTD15,-1,dorothea,
E2F6,MACF1,-1,dorothea,
E2F6,MROH1,-1,dorothea,
E2F6,MXI1,-1,dorothea,
E2F6,MYH9,-1,dorothea,
E2F6,NACC2,-1,dorothea,
E2F6,NFATC2,-1,dorothea,
E2F6,NFE2L2,-1,dorothea,
E2F6,NFIB,-1,dorothea,
E2F6,NOL4L,-1,dorothea,
E2F6,OSBPL3,-1,dorothea,
E2F6,PCBP1,-1,dorothea,
E2F6,PFKFB3,-1,dorothea,
E2F6,PIEZO1,-1,dorothea,
E2F6,PIP4K2A,-1,dorothea,
E2F6,PTMA,-1,dorothea,
E2F6,PTP4A2,-1,dorothea,
E2F6,PTPRF,-1,dorothea,
E2F6,PTPRU,-1,dorothea,
E2F6,RAP1GAP,-1,dorothea,
E2F6,RNH1,-1,dorothea,
E2F6,RXRA,-1,dorothea,
E2F6,SLC16A3,-1,dorothea,
E2F6,SMAD3,-1,dorothea,
E2F6,SRXN1,-1,dorothea,
E2F6,ST3GAL1,-1,dorothea,
E2F6,ST6GAL1,-1,dorothea,
E2F6,TACC3,-1,dorothea,
E2F6,TANGO2,-1,dorothea,
E2F6,TCF3,-1,dorothea,
E2F6,TGIF1,-1,dorothea,
E2F6,TNK2,-1,dorothea,
E2F6,TRIB3,-1,dorothea,
E2F6,TXNRD1,-1,dorothea,
E2F6,ZCCHC2,-1,dorothea,
E2F6,ZNF195,-1,dorothea,
E2F6,ZNF395,-1,dorothea,
E2F6,ZNF451,-1,dorothea,
E2F7,SP1,-1,dorothea,
E2F7,E2F8,1,dorothea,
E2F7,UHRF1,1,dorothea,
E2F7,AGRN,1,dorothea,
E2F7,ALDOA,1,dorothea,
E2F7,ARID1A,1,dorothea,
E2F7,CD44,1,dorothea,
E2F7,DNMT1,1,dorothea,
E2F7,DST,1,dorothea,
E2F7,EEF1A1,1,dorothea,
E2F7,ETS1,1,dorothea,
E2F7,FOS,1,dorothea,
E2F7,HNRNPD,1,dorothea,
E2F7,HNRNPK,1,dorothea,
E2F7,LGALS1,1,dorothea,
E2F7,PDGFRA,1,dorothea,
E2F7,PFKM,1,dorothea,
E2F7,PLK2,1,dorothea,
E2F7,RCC1,1,dorothea,
E2F7,RFC4,1,dorothea,
E2F7,RMI1,1,dorothea,
E2F7,SLC1A5,1,dorothea,
E2F7,SMG6,1,dorothea,
E2F7,STAG2,1,dorothea,
E2F7,VGLL4,1,dorothea,
E2F7,WEE1,1,dorothea,
E2F7,ZFP36L1,1,dorothea,
EGR1,AKR1B1,1,dorothea,
EGR1,ANGPTL4,1,dorothea,
EGR1,APEX1,1,dorothea,
EGR1,APOA1,1,dorothea,
EGR1,ATP2A2,1,dorothea,
EGR1,BAX,1,dorothea,
EGR1,CAT,1,dorothea,
EGR1,CD44,1,dorothea,
EGR1,CD9,1,dorothea,
EGR1,CDK5,1,dorothea,
EGR1,CEBPB,1,dorothea,
EGR1,CHRNA7,1,dorothea,
EGR1,CRABP2,1,dorothea,
EGR1,CTNNB1,1,dorothea,
EGR1,ELK1,1,dorothea,
EGR1,F3,1,dorothea,
EGR1,FASN,1,dorothea,
EGR1,FGF13,1,dorothea,
EGR1,FGFR3,1,dorothea,
EGR1,FLT1,1,dorothea,
EGR1,FOSL1,1,dorothea,
EGR1,GGPS1,1,dorothea,
EGR1,IMPDH2,1,dorothea,
EGR1,JUN,1,dorothea,
EGR1,KCNH8,1,dorothea,
EGR1,MYC,1,dorothea,
EGR1,NFKB1,1,dorothea,
EGR1,PDGFA,1,dorothea,
EGR1,POR,1,dorothea,
EGR1,PSEN2,1,dorothea,
EGR1,PTP4A1,1,dorothea,
EGR1,RELA,-1,dorothea,
EGR1,SLC1A4,1,dorothea,
EGR1,SLC5A5,1,dorothea,
EGR1,SOS1,1,dorothea,
EGR1,SPP1,1,dorothea,
EGR1,SPRY1,1,dorothea,
EGR1,STMN1,1,dorothea,
EGR1,TFPI2,1,dorothea,
EGR1,TGFBR2,1,dorothea,
EGR1,THBS1,1,dorothea,
EGR1,TIMP2,1,dorothea,
EGR1,TIMP3,1,dorothea,
EGR1,TOE1,1,dorothea,
EGR1,VAMP2,1,dorothea,
ELF1,BRCA2,1,dorothea,
ELF1,ADCY7,1,dorothea,
ELF1,AFF1,1,dorothea,
ELF1,ARHGAP12,1,dorothea,
ELF1,ARHGDIA,1,dorothea,
ELF1,ASAP1,1,dorothea,
ELF1,ASPSCR1,1,dorothea,
ELF1,CAST,1,dorothea,
ELF1,CDC42SE2,1,dorothea,
ELF1,CHD9,1,dorothea,
ELF1,DDX3X,1,dorothea,
ELF1,DPP9,1,dorothea,
ELF1,DYRK1A,1,dorothea,
ELF1,FNDC3B,1,dorothea,
ELF1,FOXN3,1,dorothea,
ELF1,FOXO3,1,dorothea,
ELF1,GATAD2A,1,dorothea,
ELF1,IGF2R,1,dorothea,
ELF1,LARP4B,1,dorothea,
ELF1,LSM4,1,dorothea,
ELF1,MAP1LC3B,1,dorothea,
ELF1,MBNL1,1,dorothea,
ELF1,MED15,1,dorothea,
ELF1,MYO9B,1,dorothea,
ELF1,NEDD4L,1,dorothea,
ELF1,NFE2L2,1,dorothea,
ELF1,PCBP1,1,dorothea,
ELF1,PTTG1IP,1,dorothea,
ELF1,RNF213,1,dorothea,
ELF1,RNF38,1,dorothea,
ELF1,SEC14L1,1,dorothea,
ELF1,SGMS1,1,dorothea,
ELF1,SIN3A,1,dorothea,
ELF1,SREBF1,1,dorothea,
ELF1,STK24,1,dorothea,
ELF1,TACC1,1,dorothea,
ELF1,TRIB1,1,dorothea,
ELF1,TSPAN14,1,dorothea,
ELF1,UBE2H,1,dorothea,
ELF1,ZNF217,1,dorothea,
ELF3,ALCAM,1,dorothea,
ELF3,ARHGAP12,1,dorothea,
ELF3,ARHGAP32,1,dorothea,
ELF3,ARHGAP42,1,dorothea,
ELF3,ARSG,1,dorothea,
ELF3,ATP2A2,1,dorothea,
ELF3,CDCP1,1,dorothea,
ELF3,CFTR,1,dorothea,
ELF3,CTNNBIP1,1,dorothea,
ELF3,DOCK4,1,dorothea,
ELF3,F2RL1,1,dorothea,
ELF3,FAT1,1,dorothea,
ELF3,GMDS,1,dorothea,
ELF3,GRHL2,1,dorothea,
ELF3,HABP2,1,dorothea,
ELF3,HK2,1,dorothea,
ELF3,KRT8,1,dorothea,
ELF3,LPP,1,dorothea,
ELF3,MAL2,1,dorothea,
ELF3,MCC,1,dorothea,
ELF3,MEIS1,1,dorothea,
ELF3,NEDD4L,1,dorothea,
ELF3,NFIA,1,dorothea,
ELF3,PLD1,1,dorothea,
ELF3,PLEKHG3,1,dorothea,
ELF3,PTK2B,1,dorothea,
ELF3,PTPRE,1,dorothea,
ELF3,RABGAP1L,1,dorothea,
ELF3,RBM47,1,dorothea,
ELF3,RNF43,1,dorothea,
ELF3,SEMA4B,1,dorothea,
ELF3,SLC37A1,1,dorothea,
ELF3,SLC39A11,1,dorothea,
ELF3,SLC44A3,1,dorothea,
ELF3,SLX4IP,1,dorothea,
ELF3,SPRED2,1,dorothea,
ELF3,ST14,1,dorothea,
ELF3,TACC2,1,dorothea,
ELF3,TNIP1,1,dorothea,
ELF3,TSPAN15,1,dorothea,
ELF3,WWC1,1,dorothea,
ELK1,CDKN1B,1,dorothea,
ELK1,CITED2,1,dorothea,
ELK1,DDIT4,1,dorothea,
ELK1,EGR1,1,dorothea,
ELK1,ERBB2,1,dorothea,
ELK1,F2,1,dorothea,
ELK1,FOS,1,dorothea,
ELK1,FUT4,1,dorothea,
ELK1,IER2,1,dorothea,
ELK1,JUNB,1,dorothea,
ELK1,MCL1,1,dorothea,
ELK1,MDM4,1,dorothea,
ELK1,MYLK,1,dorothea,
ELK1,NR1H2,1,dorothea,
ELK1,NR4A1,1,dorothea,
ELK1,PDGFB,1,dorothea,
ELK1,PRKCA,1,dorothea,
ELK1,PTPRZ1,1,dorothea,
ELK1,SLU7,1,dorothea,
ELK1,SOD1,1,dorothea,
ELK1,SRF,1,dorothea,
ELK1,TAGLN,1,dorothea,
ELK1,TBP,1,dorothea,
ELK1,VIL1,1,dorothea,
ELK4,ACTB,1,dorothea,
ELK4,ARPC5L,1,dorothea,
ELK4,ASB1,1,dorothea,
ELK4,EGR1,1,dorothea,
ELK4,ERCC1,1,dorothea,
ELK4,KDM5A,1,dorothea,
ELK4,KRT8,1,dorothea,
ELK4,NCOA7,1,dorothea,
ELK4,SCAF11,1,dorothea,
ELK4,SEC14L1,1,dorothea,
ELK4,SLC4A7,1,dorothea,
ELK4,ZFAND6,1,dorothea,
EOMES,AFF1,1,dorothea,
EOMES,ANK3,1,dorothea,
EOMES,ASTN2,1,dorothea,
EOMES,EXOC4,1,dorothea,
EOMES,FYN,1,dorothea,
EOMES,GALNT10,1,dorothea,
EOMES,KSR1,1,dorothea,
EOMES,LRIG1,1,dorothea,
EOMES,NRXN3,1,dorothea,
EOMES,PPP2R2B,1,dorothea,
EOMES,SORBS2,1,dorothea,
EOMES,TIAM1,1,dorothea,
EPAS1,BHLHE40,1,dorothea,
EPAS1,EGLN3,1,dorothea,
EPAS1,EPO,1,dorothea,
EPAS1,PDGFB,1,dorothea,
EPAS1,POU5F1,1,dorothea,
EPAS1,SLC11A2,1,dorothea,
ESRRA,ACSS2,1,dorothea,
ESRRA,RAP1GAP,1,dorothea,
ESRRA,RBM47,1,dorothea,
ESRRA,SLC22A23,1,dorothea,
ESRRA,SLC9A1,1,dorothea,
ESRRA,ASCC2,1,dorothea,
ESRRA,ATP1B1,1,dorothea,
ESRRA,BAIAP2L1,1,dorothea,
ESRRA,BCL3,1,dorothea,
ESRRA,BHLHE40,1,dorothea,
ESRRA,CAPN2,1,dorothea,
ESRRA,DENND1A,1,dorothea,
ESRRA,DLG2,1,dorothea,
ESRRA,DMD,1,dorothea,
ESRRA,DNAJB12,1,dorothea,
ESRRA,EPHB4,1,dorothea,
ESRRA,ERBB2,1,dorothea,
ESRRA,GREB1,1,dorothea,
ESRRA,GSN,1,dorothea,
ESRRA,GTF2IRD1,1,dorothea,
ESRRA,HDAC11,1,dorothea,
ESRRA,HK1,1,dorothea,
ESRRA,KIAA1522,1,dorothea,
ESRRA,LLGL2,1,dorothea,
ESRRA,MAPKAP1,1,dorothea,
ESRRA,MARK2,1,dorothea,
ESRRA,MSI2,1,dorothea,
ESRRA,MYO18A,1,dorothea,
ESRRA,NDUFAF6,1,dorothea,
ESRRA,NFATC2,1,dorothea,
ESRRA,NFIA,1,dorothea,
ESRRA,OGDH,1,dorothea,
ESRRA,PAK4,1,dorothea,
ESRRA,PIK3C2B,1,dorothea,
ESRRA,PNKD,1,dorothea,
ESRRA,POR,1,dorothea,
ESRRA,PPFIBP2,1,dorothea,
ESRRA,PPP5C,1,dorothea,
ESRRA,RARA,1,dorothea,
ESRRA,RGS6,1,dorothea,
ESRRA,SLC35F6,1,dorothea,
ESRRA,SOX6,1,dorothea,
ESRRA,STARD10,1,dorothea,
ESRRA,STRBP,1,dorothea,
ESRRA,TGM2,1,dorothea,
ESRRA,TMCO4,1,dorothea,
ESRRA,TMEM164,1,dorothea,
ESRRA,TRIB3,1,dorothea,
ESRRA,TXNRD1,1,dorothea,
ESRRA,UBE2V1,1,dorothea,
ESRRA,WNK2,1,dorothea,
ESRRA,XYLT1,1,dorothea,
ETS1,ABCC1,1,dorothea,
ETS1,ASAP1,1,dorothea,
ETS1,ATP2A3,1,dorothea,
ETS1,ATXN2,1,dorothea,
ETS1,B3GAT3,1,dorothea,
ETS1,BID,1,dorothea,
ETS1,BIRC2,1,dorothea,
ETS1,CASP8,1,dorothea,
ETS1,CCND1,1,dorothea,
ETS1,CD3D,1,dorothea,
ETS1,CDC37,1,dorothea,
ETS1,CDK11A,1,dorothea,
ETS1,CDK4,1,dorothea,
ETS1,CDKN1A,1,dorothea,
ETS1,CDKN1B,1,dorothea,
ETS1,COL1A1,1,dorothea,
ETS1,COPS2,1,dorothea,
ETS1,COX4I1,1,dorothea,
ETS1,CSNK2A1,1,dorothea,
ETS1,CSNK2A2,1,dorothea,
ETS1,CSNK2B,1,dorothea,
ETS1,CTSB,1,dorothea,
ETS1,CXCR4,1,dorothea,
ETS1,DAD1,1,dorothea,
ETS1,DUSP6,1,dorothea,
ETS1,ETS2,1,dorothea,
ETS1,ETV4,1,dorothea,
ETS1,FLT1,1,dorothea,
ETS1,FOS,1,dorothea,
ETS1,FOSL1,1,dorothea,
ETS1,GABPA,1,dorothea,
ETS1,HMOX1,1,dorothea,
ETS1,HPGD,1,dorothea,
ETS1,IER5,1,dorothea,
ETS1,ITGA5,1,dorothea,
ETS1,JAK3,1,dorothea,
ETS1,LCP1,1,dorothea,
ETS1,MCL1,1,dorothea,
ETS1,MET,1,dorothea,
ETS1,MGAT5,1,dorothea,
ETS1,MMP2,1,dorothea,
ETS1,NFKB1,1,dorothea,
ETS1,NRP1,1,dorothea,
ETS1,PCSK6,1,dorothea,
ETS1,POLD1,1,dorothea,
ETS1,POR,1,dorothea,
ETS1,PSEN1,1,dorothea,
ETS1,RAD51,1,dorothea,
ETS1,SLC19A1,1,dorothea,
ETS1,SMAD4,1,dorothea,
ETS1,SPRY2,1,dorothea,
ETS1,SURF1,1,dorothea,
ETS1,TAF12,1,dorothea,
ETS1,TCEAL1,1,dorothea,
ETS1,TFRC,1,dorothea,
ETS1,THBS1,1,dorothea,
ETS1,TIMP1,-1,dorothea,
ETS1,TNFRSF10A,1,dorothea,
ETS1,TNFRSF10B,1,dorothea,
ETS1,TOM1,1,dorothea,
ETS1,TP53,1,dorothea,
ETS1,TTYH3,1,dorothea,
ETS1,VEGFA,1,dorothea,
ETS1,ZNF175,1,dorothea,
ETS2,BRCA1,1,dorothea,
ETS2,CDK1,1,dorothea,
ETS2,EGR1,1,dorothea,
ETS2,FOS,1,dorothea,
ETS2,FOSL1,1,dorothea,
ETS2,JAK3,1,dorothea,
ETS2,MYC,1,dorothea,
ETS2,PDE7A,1,dorothea,
ETS2,PSEN1,1,dorothea,
ETS2,TP53,1,dorothea,
ETV1,ADAMTSL3,1,dorothea,
ETV1,BIRC6,1,dorothea,
ETV1,CDK18,1,dorothea,
ETV1,CGGBP1,1,dorothea,
ETV1,CTTN,1,dorothea,
ETV1,DUSP6,1,dorothea,
ETV1,ERCC1,1,dorothea,
ETV1,FMR1,1,dorothea,
ETV1,IQGAP2,1,dorothea,
ETV1,ISG20L2,1,dorothea,
ETV1,JMJD6,1,dorothea,
ETV1,KDM5A,1,dorothea,
ETV1,LIMCH1,1,dorothea,
ETV1,MATN2,1,dorothea,
ETV1,MZF1,1,dorothea,
ETV1,NAV1,1,dorothea,
ETV1,NFIA,1,dorothea,
ETV1,NSMCE1,1,dorothea,
ETV1,PDE9A,1,dorothea,
ETV1,RAP1GAP,1,dorothea,
ETV1,SEC14L1,1,dorothea,
ETV1,TANK,1,dorothea,
ETV1,TCF4,1,dorothea,
ETV1,TNIK,1,dorothea,
ETV1,UTRN,1,dorothea,
ETV1,WDR37,1,dorothea,
ETV4,MMP2,1,dorothea,
ETV4,PLAUR,1,dorothea,
ETV4,TGFBR2,1,dorothea,
ETV4,TIMP2,1,dorothea,
FOS,ACTA1,1,dorothea,
FOS,ARNT,1,dorothea,
FOS,BATF3,1,dorothea,
FOS,BCL2L1,1,dorothea,
FOS,BCL2L11,1,dorothea,
FOS,CCL2,1,dorothea,
FOS,CDH1,1,dorothea,
FOS,CDK4,1,dorothea,
FOS,CDKN1A,1,dorothea,
FOS,CTSL,1,dorothea,
FOS,ERCC1,1,dorothea,
FOS,FASN,1,dorothea,
FOS,FGF2,1,dorothea,
FOS,FOSL1,1,dorothea,
FOS,FOXA1,1,dorothea,
FOS,GATA3,1,dorothea,
FOS,GREB1,1,dorothea,
FOS,GSTP1,1,dorothea,
FOS,HSPA1A,1,dorothea,
FOS,IL4R,1,dorothea,
FOS,ITGA5,1,dorothea,
FOS,LRIG2,1,dorothea,
FOS,MAF,1,dorothea,
FOS,MMP2,1,dorothea,
FOS,NAT1,1,dorothea,
FOS,NQO1,1,dorothea,
FOS,NR3C1,1,dorothea,
FOS,NTS,1,dorothea,
FOS,PDGFB,1,dorothea,
FOS,PDHA1,1,dorothea,
FOS,PLAUR,1,dorothea,
FOS,PPARD,1,dorothea,
FOS,RUNX2,1,dorothea,
FOS,SMAD4,1,dorothea,
FOS,SP3,1,dorothea,
FOS,STAR,1,dorothea,
FOS,STIM1,1,dorothea,
FOS,TNFAIP6,1,dorothea,
FOS,TP53,1,dorothea,
FOS,UBP1,1,dorothea,
FOS,VEGFA,1,dorothea,
FOSL1,CLU,1,dorothea,
FOSL1,GCLC,1,dorothea,
FOSL1,NQO1,1,dorothea,
FOSL1,PLAUR,1,dorothea,
FOSL2,CLU,1,dorothea,
FOSL2,PLAUR,1,dorothea,
FOXA1,APOA1,1,dorothea,
FOXA1,BRCA1,1,dorothea,
FOXA1,CCNG2,1,dorothea,
FOXA1,CEBPA,1,dorothea,
FOXA1,ERBB3,1,dorothea,
FOXA1,GREB1,1,dorothea,
FOXA1,MYC,1,dorothea,
FOXA1,TFF1,1,dorothea,
FOXA1,TTR,1,dorothea,
FOXA2,APOA1,1,dorothea,
FOXA2,HHEX,1,dorothea,
FOXA2,TTR,1,dorothea,
FOXA2,TCF7L2,1,dorothea,
FOXA2,WWC1,1,dorothea,
FOXJ2,SUN1,1,dorothea,
FOXJ2,ANTXR2,1,dorothea,
FOXJ2,ARID4A,1,dorothea,
FOXJ2,AZI2,1,dorothea,
FOXJ2,CC2D2A,1,dorothea,
FOXJ2,CFAP69,1,dorothea,
FOXJ2,CWC27,1,dorothea,
FOXJ2,DNAJC16,1,dorothea,
FOXJ2,FAM13A,1,dorothea,
FOXJ2,FHL1,1,dorothea,
FOXJ2,FOXP1,1,dorothea,
FOXJ2,HBP1,1,dorothea,
FOXJ2,HIBADH,1,dorothea,
FOXJ2,JAK1,1,dorothea,
FOXJ2,LRBA,1,dorothea,
FOXJ2,MAK,1,dorothea,
FOXJ2,OTUD5,1,dorothea,
FOXJ2,PCGF5,1,dorothea,
FOXJ2,PER1,1,dorothea,
FOXJ2,PIK3CA,1,dorothea,
FOXJ2,PRPF8,1,dorothea,
FOXJ2,STAG2,1,dorothea,
FOXJ2,TNRC18,1,dorothea,
FOXJ2,TRA2A,1,dorothea,
FOXJ2,WEE1,1,dorothea,
FOXJ2,ZBTB20,1,dorothea,
FOXK2,AKT2,1,dorothea,
FOXK2,ANKRD11,1,dorothea,
FOXK2,ARID5B,1,dorothea,
FOXK2,ATF7IP2,1,dorothea,
FOXK2,CLEC16A,1,dorothea,
FOXK2,CMBL,1,dorothea,
FOXK2,CTTN,1,dorothea,
FOXK2,DIXDC1,1,dorothea,
FOXK2,DNAJB6,1,dorothea,
FOXK2,DPP9,1,dorothea,
FOXK2,FDFT1,1,dorothea,
FOXK2,FOXK1,1,dorothea,
FOXK2,GATAD2A,1,dorothea,
FOXK2,HNRNPF,1,dorothea,
FOXK2,ITPR1,1,dorothea,
FOXK2,KDM6B,1,dorothea,
FOXK2,LDLR,1,dorothea,
FOXK2,MARK2,1,dorothea,
FOXK2,MED15,1,dorothea,
FOXK2,MGRN1,1,dorothea,
FOXK2,MTHFR,1,dorothea,
FOXK2,NEDD4L,1,dorothea,
FOXK2,NSUN4,1,dorothea,
FOXK2,OSBPL9,1,dorothea,
FOXK2,PCBP1,1,dorothea,
FOXK2,PHF12,1,dorothea,
FOXK2,PI4KA,1,dorothea,
FOXK2,PICALM,1,dorothea,
FOXK2,POR,1,dorothea,
FOXK2,PTP4A2,1,dorothea,
FOXK2,SEMA4B,1,dorothea,
FOXK2,SMURF1,1,dorothea,
FOXK2,SNAP23,1,dorothea,
FOXK2,ST7,1,dorothea,
FOXK2,STAT3,1,dorothea,
FOXK2,TLE3,1,dorothea,
FOXK2,TLK1,1,dorothea,
FOXK2,TPM3,1,dorothea,
FOXK2,TRAPPC10,1,dorothea,
FOXK2,TSC22D2,1,dorothea,
FOXK2,TXNIP,1,dorothea,
FOXK2,UBE2D3,1,dorothea,
FOXK2,USP42,1,dorothea,
FOXK2,VPS13D,1,dorothea,
FOXK2,WEE1,1,dorothea,
FOXK2,XPO7,1,dorothea,
FOXK2,XXYLT1,1,dorothea,
FOXK2,ZNF131,1,dorothea,
FOXK2,ZSCAN31,1,dorothea,
FOXM1,AURKB,1,dorothea,
FOXM1,BIRC5,1,dorothea,
FOXM1,BMI1,1,dorothea,
FOXM1,BRCA2,1,dorothea,
FOXM1,CCND1,1,dorothea,
FOXM1,CCND2,1,dorothea,
FOXM1,CDC25A,1,dorothea,
FOXM1,CDC25C,1,dorothea,
FOXM1,CDK1,1,dorothea,
FOXM1,CDKN1A,1,dorothea,
FOXM1,CDKN1B,1,dorothea,
FOXM1,CDX2,1,dorothea,
FOXM1,CENPA,1,dorothea,
FOXM1,CENPF,1,dorothea,
FOXM1,CKS1B,1,dorothea,
FOXM1,FOS,1,dorothea,
FOXM1,ITGB1,1,dorothea,
FOXM1,MMP2,1,dorothea,
FOXM1,PLK1,1,dorothea,
FOXM1,SKP2,1,dorothea,
FOXM1,VEGFA,1,dorothea,
FOXM1,XRCC1,1,dorothea,
FOXO1,ALPI,1,dorothea,
FOXO1,ANGPT2,1,dorothea,
FOXO1,BCL2L11,1,dorothea,
FOXO1,CAV1,1,dorothea,
FOXO1,CCNB1,-1,dorothea,
FOXO1,CCNB2,-1,dorothea,
FOXO1,CCND1,-1,dorothea,
FOXO1,CCND2,-1,dorothea,
FOXO1,CCNG2,1,dorothea,
FOXO1,CDKN1A,1,dorothea,
FOXO1,CDKN1C,1,dorothea,
FOXO1,CDKN2D,1,dorothea,
FOXO1,CNOT8,1,dorothea,
FOXO1,DAAM1,1,dorothea,
FOXO1,DAPK1,1,dorothea,
FOXO1,DUSP4,-1,dorothea,
FOXO1,EIF4EBP1,1,dorothea,
FOXO1,MCM5,-1,dorothea,
FOXO1,PCK1,1,dorothea,
FOXO1,PCK2,1,dorothea,
FOXO1,SCP2,1,dorothea,
FOXO1,TIMP3,-1,dorothea,
FOXO1,TMEM47,1,dorothea,
FOXO3,BCL2L11,1,dorothea,
FOXO3,BNIP3L,1,dorothea,
FOXO3,CAT,1,dorothea,
FOXO3,CBLB,1,dorothea,
FOXO3,CCND1,-1,dorothea,
FOXO3,CCNG2,1,dorothea,
FOXO3,CDKN1A,1,dorothea,
FOXO3,CDKN2D,1,dorothea,
FOXO3,CITED2,1,dorothea,
FOXO3,DUSP5,1,dorothea,
FOXO3,DUSP6,1,dorothea,
FOXO3,FOXO1,1,dorothea,
FOXO3,GADD45A,1,dorothea,
FOXO3,HBP1,1,dorothea,
FOXO3,ID1,1,dorothea,
FOXO3,JAK1,1,dorothea,
FOXO3,KLF4,1,dorothea,
FOXO3,PIK3CA,1,dorothea,
FOXO3,PINK1,1,dorothea,
FOXO3,PRDX3,1,dorothea,
FOXO3,RBL2,1,dorothea,
FOXO3,SOD2,1,dorothea,
FOXO3,STK11,1,dorothea,
FOXP1,CDKN1A,-1,dorothea,
FOXP1,TCF4,-1,dorothea,
FOXP1,ACSL3,-1,dorothea,
FOXP1,ACTR3,-1,dorothea,
FOXP1,AFF1,-1,dorothea,
FOXP1,AGAP1,-1,dorothea,
FOXP1,ANGPT1,-1,dorothea,
FOXP1,ANKRD28,-1,dorothea,
FOXP1,AP3B1,-1,dorothea,
FOXP1,ARHGAP32,-1,dorothea,
FOXP1,ARID1A,-1,dorothea,
FOXP1,ARID5B,-1,dorothea,
FOXP1,AUTS2,-1,dorothea,
FOXP1,AZIN1,-1,dorothea,
FOXP1,BACH1,-1,dorothea,
FOXP1,BCAS3,-1,dorothea,
FOXP1,BCL11A,-1,dorothea,
FOXP1,BIRC6,-1,dorothea,
FOXP1,BNC2,-1,dorothea,
FOXP1,CAB39,-1,dorothea,
FOXP1,CADM1,-1,dorothea,
FOXP1,CAMK2D,-1,dorothea,
FOXP1,CDK6,-1,dorothea,
FOXP1,CEP112,-1,dorothea,
FOXP1,CHD2,-1,dorothea,
FOXP1,CHD9,-1,dorothea,
FOXP1,CHN1,-1,dorothea,
FOXP1,CHN2,-1,dorothea,
FOXP1,CLASP2,-1,dorothea,
FOXP1,CUL3,-1,dorothea,
FOXP1,DIP2B,-1,dorothea,
FOXP1,DLGAP1,-1,dorothea,
FOXP1,DOCK4,-1,dorothea,
FOXP1,DST,-1,dorothea,
FOXP1,EFNA5,-1,dorothea,
FOXP1,EGLN3,-1,dorothea,
FOXP1,EIF3H,-1,dorothea,
FOXP1,EIF4G3,-1,dorothea,
FOXP1,ELF2,-1,dorothea,
FOXP1,EPB41L2,-1,dorothea,
FOXP1,ERC2,-1,dorothea,
FOXP1,FAM13A,-1,dorothea,
FOXP1,FAT1,-1,dorothea,
FOXP1,FCHSD2,-1,dorothea,
FOXP1,FNDC3B,-1,dorothea,
FOXP1,FOCAD,-1,dorothea,
FOXP1,FOXN3,-1,dorothea,
FOXP1,GBE1,-1,dorothea,
FOXP1,GLIS3,-1,dorothea,
FOXP1,GPBP1L1,-1,dorothea,
FOXP1,GSE1,-1,dorothea,
FOXP1,GTDC1,-1,dorothea,
FOXP1,HECTD1,-1,dorothea,
FOXP1,HIVEP2,-1,dorothea,
FOXP1,IGF1R,-1,dorothea,
FOXP1,ITPR1,-1,dorothea,
FOXP1,JADE2,-1,dorothea,
FOXP1,KDM4C,-1,dorothea,
FOXP1,KIAA1217,-1,dorothea,
FOXP1,LAMC1,-1,dorothea,
FOXP1,LIMCH1,-1,dorothea,
FOXP1,LIMS1,-1,dorothea,
FOXP1,LNX1,-1,dorothea,
FOXP1,LRIG1,-1,dorothea,
FOXP1,LTBP1,-1,dorothea,
FOXP1,MAD1L1,-1,dorothea,
FOXP1,MAGI1,-1,dorothea,
FOXP1,MAML3,-1,dorothea,
FOXP1,MCTP1,-1,dorothea,
FOXP1,MCTP2,-1,dorothea,
FOXP1,MIPOL1,-1,dorothea,
FOXP1,MPZL1,-1,dorothea,
FOXP1,MSI2,-1,dorothea,
FOXP1,MTA3,-1,dorothea,
FOXP1,NAV2,-1,dorothea,
FOXP1,NCOR2,-1,dorothea,
FOXP1,NRP2,-1,dorothea,
FOXP1,NRXN3,-1,dorothea,
FOXP1,NUP98,-1,dorothea,
FOXP1,PACS1,-1,dorothea,
FOXP1,PARP1,-1,dorothea,
FOXP1,PDS5B,-1,dorothea,
FOXP1,PHLPP1,-1,dorothea,
FOXP1,PHTF2,-1,dorothea,
FOXP1,PIK3R1,-1,dorothea,
FOXP1,PIP4K2A,-1,dorothea,
FOXP1,PLCB1,-1,dorothea,
FOXP1,PMAIP1,-1,dorothea,
FOXP1,POU2F1,-1,dorothea,
FOXP1,PPP1R12A,-1,dorothea,
FOXP1,PREX1,-1,dorothea,
FOXP1,PRPF31,-1,dorothea,
FOXP1,PTCH1,-1,dorothea,
FOXP1,RABGAP1L,-1,dorothea,
FOXP1,RAD51B,-1,dorothea,
FOXP1,RAPGEF1,-1,dorothea,
FOXP1,RAPGEF5,-1,dorothea,
FOXP1,RBPJ,-1,dorothea,
FOXP1,RBPMS,-1,dorothea,
FOXP1,RERE,-1,dorothea,
FOXP1,RFTN1,-1,dorothea,
FOXP1,RIN2,-1,dorothea,
FOXP1,ROCK1,-1,dorothea,
FOXP1,ROR2,-1,dorothea,
FOXP1,RPTOR,-1,dorothea,
FOXP1,SDK2,-1,dorothea,
FOXP1,SHANK2,-1,dorothea,
FOXP1,SLC22A23,-1,dorothea,
FOXP1,SMARCC1,-1,dorothea,
FOXP1,SND1,-1,dorothea,
FOXP1,SNX25,-1,dorothea,
FOXP1,SORL1,-1,dorothea,
FOXP1,SPAG9,-1,dorothea,
FOXP1,SPIDR,-1,dorothea,
FOXP1,SSBP2,-1,dorothea,
FOXP1,STAG1,-1,dorothea,
FOXP1,STAG2,-1,dorothea,
FOXP1,STAT3,-1,dorothea,
FOXP1,STIM2,-1,dorothea,
FOXP1,SVIL,-1,dorothea,
FOXP1,TBC1D2B,-1,dorothea,
FOXP1,TBXAS1,-1,dorothea,
FOXP1,TCF12,-1,dorothea,
FOXP1,THADA,-1,dorothea,
FOXP1,TPD52,-1,dorothea,
FOXP1,TPP2,-1,dorothea,
FOXP1,TRAPPC9,-1,dorothea,
FOXP1,TXNRD1,-1,dorothea,
FOXP1,U2SURP,-1,dorothea,
FOXP1,UBE3C,-1,dorothea,
FOXP1,UST,-1,dorothea,
FOXP1,UTRN,-1,dorothea,
FOXP1,VGLL4,-1,dorothea,
FOXP1,VPS13A,-1,dorothea,
FOXP1,VPS13C,-1,dorothea,
FOXP1,VPS41,-1,dorothea,
FOXP1,WNK1,-1,dorothea,
FOXP1,XXYLT1,-1,dorothea,
FOXP1,YPEL3,-1,dorothea,
FOXP1,ZBTB16,-1,dorothea,
FOXP1,ZFP36L1,-1,dorothea,
FOXP1,ZMYM2,-1,dorothea,
FOXP1,ZNF608,-1,dorothea,
GABPA,BRCA1,1,dorothea,
GABPA,CDK13,1,dorothea,
GABPA,AAK1,1,dorothea,
GABPA,ACTB,1,dorothea,
GABPA,ARHGEF4,1,dorothea,
GABPA,ARHGEF7,1,dorothea,
GABPA,ARPC5L,1,dorothea,
GABPA,ASPSCR1,1,dorothea,
GABPA,CAP1,1,dorothea,
GABPA,CCDC171,1,dorothea,
GABPA,DLG1,1,dorothea,
GABPA,DOCK4,1,dorothea,
GABPA,EFR3A,1,dorothea,
GABPA,ELOVL6,1,dorothea,
GABPA,ERBB2,1,dorothea,
GABPA,ERCC1,1,dorothea,
GABPA,EXOC6,1,dorothea,
GABPA,FRYL,1,dorothea,
GABPA,IPO11,1,dorothea,
GABPA,LARP4B,1,dorothea,
GABPA,LIG4,1,dorothea,
GABPA,LSM4,1,dorothea,
GABPA,MAD2L1BP,1,dorothea,
GABPA,MARK2,1,dorothea,
GABPA,MBNL1,1,dorothea,
GABPA,MED15,1,dorothea,
GABPA,NCOA2,1,dorothea,
GABPA,NEK7,1,dorothea,
GABPA,NFIB,1,dorothea,
GABPA,NIPBL,1,dorothea,
GABPA,OXR1,1,dorothea,
GABPA,PNKP,1,dorothea,
GABPA,PTK2B,1,dorothea,
GABPA,PTPN12,1,dorothea,
GABPA,PTTG1IP,1,dorothea,
GABPA,RABGEF1,1,dorothea,
GABPA,RNF38,1,dorothea,
GABPA,SEC31A,1,dorothea,
GABPA,STIM2,1,dorothea,
GABPA,TBC1D5,1,dorothea,
GABPA,TCF12,1,dorothea,
GABPA,TM9SF3,1,dorothea,
GABPA,TRAPPC10,1,dorothea,
GABPA,UBR4,1,dorothea,
GABPA,UTRN,1,dorothea,
GABPA,VPS13B,1,dorothea,
GABPA,VPS53,1,dorothea,
GABPA,WDR37,1,dorothea,
GABPA,ZNF280D,1,dorothea,
GATA3,ABCC2,1,dorothea,
GATA3,ARNT2,1,dorothea,
GATA3,ATP2B1,1,dorothea,
GATA3,ATXN10,1,dorothea,
GATA3,BCAS3,1,dorothea,
GATA3,BLCAP,1,dorothea,
GATA3,EGFR,1,dorothea,
GATA3,EPOR,1,dorothea,
GATA3,FBXO11,1,dorothea,
GATA3,FN1,1,dorothea,
GATA3,FNDC3B,1,dorothea,
GATA3,GALNT10,1,dorothea,
GATA3,GCNT4,1,dorothea,
GATA3,GREB1,1,dorothea,
GATA3,IL4R,1,dorothea,
GATA3,ITPK1,1,dorothea,
GATA3,KMT2E,1,dorothea,
GATA3,MAF,1,dorothea,
GATA3,MDM2,1,dorothea,
GATA3,MYC,1,dorothea,
GATA3,NCOA3,1,dorothea,
GATA3,NFKB1,1,dorothea,
GATA3,NRCAM,1,dorothea,
GATA3,RBMS1,1,dorothea,
GATA3,SH3KBP1,1,dorothea,
GATA3,SLIT2,1,dorothea,
GATA3,SPEF2,1,dorothea,
GATA3,SVIL,1,dorothea,
GATA3,TCF7L2,1,dorothea,
GATA3,TET2,1,dorothea,
GATA3,TFF1,1,dorothea,
GATA3,TGFBR3,1,dorothea,
GATA3,UST,1,dorothea,
GATA3,VAPB,1,dorothea,
GATA3,ZNF217,1,dorothea,
GATA3,ZNF507,1,dorothea,
GATA3,ZXDC,1,dorothea,
GATA4,ADA,1,dorothea,
GATA4,CLDN6,1,dorothea,
GATA4,FLNB,1,dorothea,
GATA4,KIAA1217,1,dorothea,
GATA6,APOA1,1,dorothea,
GATA6,SEMA6A,1,dorothea,
GATA6,SVIL,1,dorothea,
GATA6,ABCC5,1,dorothea,
GATA6,ARHGAP42,1,dorothea,
GATA6,ATE1,1,dorothea,
GATA6,ATP2B1,1,dorothea,
GATA6,BCAR3,1,dorothea,
GATA6,BCAS3,1,dorothea,
GATA6,BHLHE40,1,dorothea,
GATA6,CEP128,1,dorothea,
GATA6,CUX1,1,dorothea,
GATA6,DLC1,1,dorothea,
GATA6,DPYSL2,1,dorothea,
GATA6,FILIP1L,1,dorothea,
GATA6,FLNB,1,dorothea,
GATA6,GALNT2,1,dorothea,
GATA6,KRT18,1,dorothea,
GATA6,KRT8,1,dorothea,
GATA6,LMCD1,1,dorothea,
GATA6,MEF2C,1,dorothea,
GATA6,MICAL2,1,dorothea,
GATA6,MID1,1,dorothea,
GATA6,MYLK,1,dorothea,
GATA6,NR5A2,1,dorothea,
GATA6,PCSK5,1,dorothea,
GATA6,PDE4D,1,dorothea,
GATA6,PHLDB2,1,dorothea,
GATA6,PKIB,1,dorothea,
GATA6,PLCB4,1,dorothea,
GATA6,PLEKHA7,1,dorothea,
GATA6,PTK2B,1,dorothea,
GATA6,RBM47,1,dorothea,
GATA6,RGS3,1,dorothea,
GATA6,SH3KBP1,1,dorothea,
GATA6,SH3RF2,1,dorothea,
GATA6,SIPA1L2,1,dorothea,
GATA6,SOX6,1,dorothea,
GATA6,STARD13,1,dorothea,
GATA6,SYNE1,1,dorothea,
GATA6,SYNE2,1,dorothea,
GATA6,TBC1D1,1,dorothea,
GATA6,TMSB4X,1,dorothea,
GATA6,ZFP36L1,1,dorothea,
GLI2,CCND1,1,dorothea,
GLI2,COL5A2,1,dorothea,
GLI2,EFEMP1,-1,dorothea,
GLI2,FGF13,1,dorothea,
GLI2,FOXA2,1,dorothea,
GLI2,GLI1,1,dorothea,
GLI2,IFNGR1,-1,dorothea,
GLI2,PCNA,1,dorothea,
GLI2,PTCH1,1,dorothea,
GLI2,UGCG,-1,dorothea,
GRHL2,KIAA1522,1,dorothea,
GRHL2,LAD1,1,dorothea,
GRHL2,LIPH,1,dorothea,
GRHL2,ABLIM1,1,dorothea,
GRHL2,AFAP1,1,dorothea,
GRHL2,ALCAM,1,dorothea,
GRHL2,ARHGAP32,1,dorothea,
GRHL2,ARHGEF4,1,dorothea,
GRHL2,ATP8B1,1,dorothea,
GRHL2,CAST,1,dorothea,
GRHL2,CCDC12,1,dorothea,
GRHL2,CDCP1,1,dorothea,
GRHL2,CDH1,1,dorothea,
GRHL2,CLDN4,1,dorothea,
GRHL2,CTNNBIP1,1,dorothea,
GRHL2,EPB41L1,1,dorothea,
GRHL2,ESYT2,1,dorothea,
GRHL2,ETV6,1,dorothea,
GRHL2,EVL,1,dorothea,
GRHL2,EXPH5,1,dorothea,
GRHL2,GSN,1,dorothea,
GRHL2,HSPB1,1,dorothea,
GRHL2,IQSEC1,1,dorothea,
GRHL2,KIAA1217,1,dorothea,
GRHL2,LIMCH1,1,dorothea,
GRHL2,LIMK2,1,dorothea,
GRHL2,LPP,1,dorothea,
GRHL2,MACF1,1,dorothea,
GRHL2,MAL2,1,dorothea,
GRHL2,MAP4K4,1,dorothea,
GRHL2,MARK2,1,dorothea,
GRHL2,MID1,1,dorothea,
GRHL2,MYO5B,1,dorothea,
GRHL2,NCEH1,1,dorothea,
GRHL2,OSBPL3,1,dorothea,
GRHL2,PACSIN2,1,dorothea,
GRHL2,PLEKHA7,1,dorothea,
GRHL2,RBM47,1,dorothea,
GRHL2,SCNN1A,1,dorothea,
GRHL2,SGMS1,1,dorothea,
GRHL2,SHANK2,1,dorothea,
GRHL2,SIPA1L3,1,dorothea,
GRHL2,SLC12A8,1,dorothea,
GRHL2,SLC22A23,1,dorothea,
GRHL2,SLC35F2,1,dorothea,
GRHL2,SLC3A2,1,dorothea,
GRHL2,SLC44A3,1,dorothea,
GRHL2,SPIDR,1,dorothea,
GRHL2,SPINT2,1,dorothea,
GRHL2,ST14,1,dorothea,
GRHL2,TAF1B,1,dorothea,
GRHL2,TIAM2,1,dorothea,
GRHL2,TNS3,1,dorothea,
GRHL2,WWC1,1,dorothea,
GRHL2,ZNF608,1,dorothea,
HBP1,AFF1,-1,dorothea,
HBP1,ARID1B,-1,dorothea,
HBP1,ARID5B,-1,dorothea,
HBP1,ATAD2,-1,dorothea,
HBP1,CDK19,-1,dorothea,
HBP1,CITED2,-1,dorothea,
HBP1,CLN6,-1,dorothea,
HBP1,EHD1,-1,dorothea,
HBP1,ELF2,-1,dorothea,
HBP1,ERCC1,-1,dorothea,
HBP1,FOXO3,-1,dorothea,
HBP1,GABARAPL2,-1,dorothea,
HBP1,GNA13,-1,dorothea,
HBP1,GTF2I,-1,dorothea,
HBP1,HECTD1,-1,dorothea,
HBP1,HERC3,-1,dorothea,
HBP1,JMJD1C,-1,dorothea,
HBP1,KANK1,-1,dorothea,
HBP1,KLHDC2,-1,dorothea,
HBP1,LRCH1,-1,dorothea,
HBP1,MAP1LC3B,-1,dorothea,
HBP1,MXI1,-1,dorothea,
HBP1,NIPBL,-1,dorothea,
HBP1,PHPT1,-1,dorothea,
HBP1,PJA2,-1,dorothea,
HBP1,PPM1A,-1,dorothea,
HBP1,PPM1D,-1,dorothea,
HBP1,RNF13,-1,dorothea,
HBP1,RNF38,-1,dorothea,
HBP1,SIN3A,-1,dorothea,
HBP1,SMARCA2,-1,dorothea,
HBP1,SQSTM1,-1,dorothea,
HBP1,TLK1,-1,dorothea,
HBP1,TOPORS,-1,dorothea,
HBP1,VPS26A,-1,dorothea,
HHEX,TLE1,-1,dorothea,
HHEX,A2M,-1,dorothea,
HHEX,ACSS3,-1,dorothea,
HHEX,ADAP2,-1,dorothea,
HHEX,ELMO1,-1,dorothea,
HHEX,NR2F2,-1,dorothea,
HHEX,PLCG2,-1,dorothea,
HHEX,SLC23A2,-1,dorothea,
HIF1A,ABCA1,1,dorothea,
HIF1A,ABCG2,1,dorothea,
HIF1A,ADAM17,1,dorothea,
HIF1A,ADM,1,dorothea,
HIF1A,AGT,1,dorothea,
HIF1A,ANGPT2,1,dorothea,
HIF1A,ANKRD37,1,dorothea,
HIF1A,APH1A,1,dorothea,
HIF1A,AURKA,1,dorothea,
HIF1A,BCL2L1,1,dorothea,
HIF1A,BHLHE40,1,dorothea,
HIF1A,BIRC5,1,dorothea,
HIF1A,BNIP3L,1,dorothea,
HIF1A,CCL2,1,dorothea,
HIF1A,CDKN1A,1,dorothea,
HIF1A,CDKN1B,1,dorothea,
HIF1A,CITED2,1,dorothea,
HIF1A,COX4I1,1,dorothea,
HIF1A,CP,1,dorothea,
HIF1A,DDIT4,1,dorothea,
HIF1A,EGLN1,1,dorothea,
HIF1A,EGLN3,1,dorothea,
HIF1A,ENO2,1,dorothea,
HIF1A,ERCC6,1,dorothea,
HIF1A,ERRFI1,1,dorothea,
HIF1A,ETS1,1,dorothea,
HIF1A,FAM162A,1,dorothea,
HIF1A,FECH,1,dorothea,
HIF1A,FHL1,1,dorothea,
HIF1A,FLT1,1,dorothea,
HIF1A,FOXM1,1,dorothea,
HIF1A,FURIN,1,dorothea,
HIF1A,GAPDH,1,dorothea,
HIF1A,GBE1,1,dorothea,
HIF1A,GFPT1,1,dorothea,
HIF1A,GPX3,1,dorothea,
HIF1A,GYS1,1,dorothea,
HIF1A,HK1,1,dorothea,
HIF1A,HK2,1,dorothea,
HIF1A,HMGCR,1,dorothea,
HIF1A,HMOX1,1,dorothea,
HIF1A,HSP90B1,1,dorothea,
HIF1A,HSPA1B,1,dorothea,
HIF1A,ID2,1,dorothea,
HIF1A,ILK,1,dorothea,
HIF1A,ITGB1,1,dorothea,
HIF1A,KDM3A,1,dorothea,
HIF1A,KDM4B,1,dorothea,
HIF1A,LGALS1,1,dorothea,
HIF1A,LOX,1,dorothea,
HIF1A,MCL1,1,dorothea,
HIF1A,MMP14,1,dorothea,
HIF1A,NAMPT,1,dorothea,
HIF1A,NPM1,1,dorothea,
HIF1A,NPPB,1,dorothea,
HIF1A,NR3C1,1,dorothea,
HIF1A,PDK3,1,dorothea,
HIF1A,PFKFB3,1,dorothea,
HIF1A,PFKFB4,1,dorothea,
HIF1A,PFKL,1,dorothea,
HIF1A,PFKP,1,dorothea,
HIF1A,PGAM1,1,dorothea,
HIF1A,PKM,1,dorothea,
HIF1A,PLAUR,1,dorothea,
HIF1A,PMAIP1,1,dorothea,
HIF1A,POLI,1,dorothea,
HIF1A,PPIA,1,dorothea,
HIF1A,PPP1R10,1,dorothea,
HIF1A,PPP5C,1,dorothea,
HIF1A,RNF7,1,dorothea,
HIF1A,SLC16A4,1,dorothea,
HIF1A,STC2,1,dorothea,
HIF1A,TF,1,dorothea,
HIF1A,TFF3,1,dorothea,
HIF1A,TFRC,1,dorothea,
HIF1A,TIMP1,1,dorothea,
HIF1A,TP53,1,dorothea,
HIF1A,TUBB3,1,dorothea,
HIF1A,VEGFB,1,dorothea,
HIF1A,VHL,1,dorothea,
HINFP,ABT1,1,dorothea,
HINFP,ACBD5,1,dorothea,
HINFP,ATF7IP2,1,dorothea,
HINFP,CCDC9,1,dorothea,
HINFP,CYB5R4,1,dorothea,
HINFP,GPN1,1,dorothea,
HINFP,MPZL1,1,dorothea,
HINFP,REEP5,1,dorothea,
HINFP,TBXAS1,1,dorothea,
HINFP,USP48,1,dorothea,
HMBOX1,NCOA4,-1,dorothea,
HMBOX1,PDE8A,-1,dorothea,
HMBOX1,ADCY10,-1,dorothea,
HMBOX1,AMBRA1,-1,dorothea,
HMBOX1,ASPH,-1,dorothea,
HMBOX1,CDKAL1,-1,dorothea,
HMBOX1,CHD2,-1,dorothea,
HMBOX1,CTBS,-1,dorothea,
HMBOX1,CYTH1,-1,dorothea,
HMBOX1,FOXP1,-1,dorothea,
HMBOX1,KDM4C,-1,dorothea,
HMBOX1,KSR1,-1,dorothea,
HMBOX1,PDE7A,-1,dorothea,
HMBOX1,PEAK1,-1,dorothea,
HMBOX1,PHF21A,-1,dorothea,
HMBOX1,RBM39,-1,dorothea,
HMBOX1,RBPJ,-1,dorothea,
HMBOX1,REV3L,-1,dorothea,
HMBOX1,RICTOR,-1,dorothea,
HMBOX1,SMAD3,-1,dorothea,
HMBOX1,SPIDR,-1,dorothea,
HMBOX1,STK17B,-1,dorothea,
HMBOX1,TNRC6B,-1,dorothea,
HMBOX1,TXNRD1,-1,dorothea,
HMBOX1,VPS13D,-1,dorothea,
HMBOX1,ZNRF1,-1,dorothea,
HNF1B,WDR72,1,dorothea,
HNF1B,ACSL5,1,dorothea,
HNF1B,AKR1C3,1,dorothea,
HNF1B,ARHGAP24,1,dorothea,
HNF1B,ATP6AP1L,1,dorothea,
HNF1B,CNKSR3,1,dorothea,
HNF1B,GLIS3,1,dorothea,
HNF1B,GPR160,1,dorothea,
HNF1B,GPR39,1,dorothea,
HNF1B,HAVCR1,1,dorothea,
HNF1B,HDAC4,1,dorothea,
HNF1B,LPP,1,dorothea,
HNF1B,LYRM1,1,dorothea,
HNF1B,MAL2,1,dorothea,
HNF1B,PARD3,1,dorothea,
HNF1B,PLEKHG3,1,dorothea,
HNF1B,PTP4A1,1,dorothea,
HNF1B,SH3KBP1,1,dorothea,
HNF1B,SPINK1,1,dorothea,
HNF1B,TM4SF4,1,dorothea,
HNF1B,VEPH1,1,dorothea,
HNF1B,ZNF438,1,dorothea,
HNF4A,ABCC2,1,dorothea,
HNF4A,ABCC6,1,dorothea,
HNF4A,ACAT2,1,dorothea,
HNF4A,ACOT13,1,dorothea,
HNF4A,ADAMTS1,1,dorothea,
HNF4A,ALDH6A1,1,dorothea,
HNF4A,ALDOB,1,dorothea,
HNF4A,ANK3,1,dorothea,
HNF4A,APOA1,1,dorothea,
HNF4A,APOA2,1,dorothea,
HNF4A,APOA4,1,dorothea,
HNF4A,APOB,1,dorothea,
HNF4A,APOC3,1,dorothea,
HNF4A,BPHL,1,dorothea,
HNF4A,C3,1,dorothea,
HNF4A,CDKN1A,1,dorothea,
HNF4A,CEBPA,1,dorothea,
HNF4A,CLDN4,1,dorothea,
HNF4A,CYP26A1,1,dorothea,
HNF4A,CYP27A1,1,dorothea,
HNF4A,DSC2,1,dorothea,
HNF4A,EBP,1,dorothea,
HNF4A,EFHD1,1,dorothea,
HNF4A,EPHX1,1,dorothea,
HNF4A,EPHX2,1,dorothea,
HNF4A,EPO,1,dorothea,
HNF4A,EPS15L1,1,dorothea,
HNF4A,F10,1,dorothea,
HNF4A,F2,1,dorothea,
HNF4A,G6PC3,1,dorothea,
HNF4A,GHR,1,dorothea,
HNF4A,GPR39,1,dorothea,
HNF4A,GUCY2C,1,dorothea,
HNF4A,LIPC,1,dorothea,
HNF4A,MME,1,dorothea,
HNF4A,PCK1,1,dorothea,
HNF4A,PCK2,1,dorothea,
HNF4A,PPARA,1,dorothea,
HNF4A,PROS1,1,dorothea,
HNF4A,PRPF3,1,dorothea,
HNF4A,SERPINA1,1,dorothea,
HNF4A,SOAT2,1,dorothea,
HNF4A,SULT2A1,1,dorothea,
HNF4A,TASP1,1,dorothea,
HNF4A,TBP,1,dorothea,
HNF4A,TCF7L2,1,dorothea,
HNF4A,UGT2B7,1,dorothea,
HSF1,HSPA1A,1,dorothea,
HSF1,HSPA1B,1,dorothea,
HSF1,DNAH17,1,dorothea,
HSF1,HPCAL1,1,dorothea,
HSF1,MKNK2,1,dorothea,
HSF1,NADK,1,dorothea,
HSF1,STIP1,1,dorothea,
HSF1,UBB,1,dorothea,
IRF1,OGN,1,dorothea,
IRF1,TP53,1,dorothea,
IRF2,ADAR,1,dorothea,
IRF2,CASP7,1,dorothea,
IRF2,CASP8,1,dorothea,
IRF2,NMI,1,dorothea,
IRF2,NR3C1,1,dorothea,
IRF2,AFF1,1,dorothea,
IRF2,APOL2,1,dorothea,
IRF2,ARID1B,1,dorothea,
IRF2,ATF1,1,dorothea,
IRF2,CEACAM1,1,dorothea,
IRF2,CEP128,1,dorothea,
IRF2,DDX3X,1,dorothea,
IRF2,DPYSL2,1,dorothea,
IRF2,FAM111A,1,dorothea,
IRF2,FAM13A,1,dorothea,
IRF2,FANCA,1,dorothea,
IRF2,FMR1,1,dorothea,
IRF2,FOXP1,1,dorothea,
IRF2,GAB1,1,dorothea,
IRF2,GALK2,1,dorothea,
IRF2,GPBP1L1,1,dorothea,
IRF2,HNRNPF,1,dorothea,
IRF2,IFIT3,1,dorothea,
IRF2,IKZF4,1,dorothea,
IRF2,IL1R1,1,dorothea,
IRF2,ING1,1,dorothea,
IRF2,ISG15,1,dorothea,
IRF2,KLHL8,1,dorothea,
IRF2,MAX,1,dorothea,
IRF2,MDK,1,dorothea,
IRF2,MICB,1,dorothea,
IRF2,NFE2L2,1,dorothea,
IRF2,NFIC,1,dorothea,
IRF2,NUB1,1,dorothea,
IRF2,PARP14,1,dorothea,
IRF2,PATL1,1,dorothea,
IRF2,PER1,1,dorothea,
IRF2,PNRC2,1,dorothea,
IRF2,PRKD2,1,dorothea,
IRF2,PRPSAP1,1,dorothea,
IRF2,PTMA,1,dorothea,
IRF2,PTPN12,1,dorothea,
IRF2,RNF111,1,dorothea,
IRF2,SEMA4B,1,dorothea,
IRF2,SEMA4C,1,dorothea,
IRF2,SLC25A22,1,dorothea,
IRF2,SRBD1,1,dorothea,
IRF2,ST6GAL1,1,dorothea,
IRF2,TGIF1,1,dorothea,
IRF2,UBE2D3,1,dorothea,
IRF2,UBE2L6,1,dorothea,
IRF2,UBR2,1,dorothea,
IRF2,WDR74,1,dorothea,
IRF2,ZC3HAV1,1,dorothea,
IRF2,ZFP36,1,dorothea,
IRF2,ZNF250,1,dorothea,
IRF2,ZNF566,1,dorothea,
IRF2,ZNF93,1,dorothea,
IRF3,IRF7,1,dorothea,
IRF3,ABCA7,1,dorothea,
IRF3,APOBEC3D,1,dorothea,
IRF3,APOBEC3F,1,dorothea,
IRF3,ABHD2,1,dorothea,
IRF3,AKAP8L,1,dorothea,
IRF3,ANKRD23,1,dorothea,
IRF3,APOBEC3C,1,dorothea,
IRF3,APOBEC3G,1,dorothea,
IRF3,ARL16,1,dorothea,
IRF3,BABAM1,1,dorothea,
IRF3,BCAS3,1,dorothea,
IRF3,BST2,1,dorothea,
IRF3,CDCA3,1,dorothea,
IRF3,CEP131,1,dorothea,
IRF3,CLK3,1,dorothea,
IRF3,CNOT3,1,dorothea,
IRF3,CNPY3,1,dorothea,
IRF3,CREB3L4,1,dorothea,
IRF3,CYTH2,1,dorothea,
IRF3,DDX39A,1,dorothea,
IRF3,ERCC2,1,dorothea,
IRF3,FOXK2,1,dorothea,
IRF3,GLCCI1,1,dorothea,
IRF3,GPR108,1,dorothea,
IRF3,GTF3C5,1,dorothea,
IRF3,GTPBP6,1,dorothea,
IRF3,HGS,1,dorothea,
IRF3,KIAA0895L,1,dorothea,
IRF3,LMBR1L,1,dorothea,
IRF3,MED24,1,dorothea,
IRF3,MVD,1,dorothea,
IRF3,NARF,1,dorothea,
IRF3,NUBP2,1,dorothea,
IRF3,PABPN1,1,dorothea,
IRF3,PHPT1,1,dorothea,
IRF3,PRPF31,1,dorothea,
IRF3,RAB11B,1,dorothea,
IRF3,RAB4B,1,dorothea,
IRF3,SHARPIN,1,dorothea,
IRF3,SLC25A28,1,dorothea,
IRF3,TCF3,1,dorothea,
IRF3,TMEM160,1,dorothea,
IRF3,TMEM161A,1,dorothea,
IRF3,TPCN1,1,dorothea,
IRF3,TRAF2,1,dorothea,
IRF3,TYK2,1,dorothea,
IRF3,WBP1,1,dorothea,
IRF3,XRCC3,1,dorothea,
IRF3,ZNF574,1,dorothea,
IRF3,ZNF691,1,dorothea,
IRF3,ZNF775,1,dorothea,
IRF9,IFIT3,1,dorothea,
IRF9,IRF7,1,dorothea,
IRF9,ADAR,1,dorothea,
IRF9,ISG15,1,dorothea,
IRF9,KSR1,1,dorothea,
IRF9,MX1,1,dorothea,
JUN,ACTA1,1,dorothea,
JUN,APP,1,dorothea,
JUN,BATF3,1,dorothea,
JUN,CCND2,1,dorothea,
JUN,CD44,1,dorothea,
JUN,CYP11A1,1,dorothea,
JUN,ETS2,1,dorothea,
JUN,F3,1,dorothea,
JUN,FOS,1,dorothea,
JUN,GCLC,1,dorothea,
JUN,IER5,1,dorothea,
JUN,IGF1,1,dorothea,
JUN,NAT1,1,dorothea,
JUN,NFKB2,1,dorothea,
JUN,NPY,1,dorothea,
JUN,NQO1,-1,dorothea,
JUN,NR3C1,1,dorothea,
JUN,NTS,1,dorothea,
JUN,PDHA1,1,dorothea,
JUN,POLD2,1,dorothea,
JUN,PPARA,1,dorothea,
JUN,RUNX2,1,dorothea,
JUN,SPP1,1,dorothea,
JUN,TFF1,1,dorothea,
JUN,TFPI2,1,dorothea,
JUN,TIMP2,1,dorothea,
JUN,TNFRSF10A,1,dorothea,
JUN,TXN,1,dorothea,
JUN,VIM,1,dorothea,
JUNB,CLU,1,dorothea,
JUNB,PIM1,1,dorothea,
JUNB,ABCC1,1,dorothea,
JUNB,AKAP13,1,dorothea,
JUNB,AUTS2,1,dorothea,
JUNB,BACH1,1,dorothea,
JUNB,BHLHE40,1,dorothea,
JUNB,CCDC12,1,dorothea,
JUNB,CMIP,1,dorothea,
JUNB,DMD,1,dorothea,
JUNB,EHD1,1,dorothea,
JUNB,FOSL1,1,dorothea,
JUNB,FOXK1,1,dorothea,
JUNB,GMDS,1,dorothea,
JUNB,GNA12,1,dorothea,
JUNB,IER5,1,dorothea,
JUNB,KALRN,1,dorothea,
JUNB,KAZN,1,dorothea,
JUNB,KLF6,1,dorothea,
JUNB,LIMS1,1,dorothea,
JUNB,LMNA,1,dorothea,
JUNB,MICAL2,1,dorothea,
JUNB,NACA2,1,dorothea,
JUNB,ROCK2,1,dorothea,
JUNB,RTN4,1,dorothea,
JUNB,SEC14L1,1,dorothea,
JUNB,SH3BP5,1,dorothea,
JUNB,SLC12A8,1,dorothea,
JUNB,SMARCA2,1,dorothea,
JUNB,SPRED2,1,dorothea,
JUNB,TBC1D14,1,dorothea,
JUNB,TGIF1,1,dorothea,
JUNB,TIAM2,1,dorothea,
JUNB,TMSB4X,1,dorothea,
JUNB,TNRC6B,1,dorothea,
JUNB,UBC,1,dorothea,
JUNB,VOPP1,1,dorothea,
JUNB,WWTR1,1,dorothea,
JUNB,ZBTB20,1,dorothea,
JUNB,ZFP36L1,1,dorothea,
JUNB,ZFP36L2,1,dorothea,
JUNB,ZNF217,1,dorothea,
JUND,CLU,1,dorothea,
JUND,NQO2,1,dorothea,
JUND,PLAUR,1,dorothea,
KDM5B,DNAJB12,1,dorothea,
KDM5B,CMIP,1,dorothea,
KDM5B,CTNNA1,1,dorothea,
KDM5B,DAAM1,1,dorothea,
KDM5B,FOXP1,1,dorothea,
KDM5B,JARID2,1,dorothea,
KDM5B,JUP,1,dorothea,
KDM5B,LHFPL2,1,dorothea,
KDM5B,MYH9,1,dorothea,
KDM5B,PPFIBP2,1,dorothea,
KDM5B,PRRC2B,1,dorothea,
KDM5B,RAB11FIP4,1,dorothea,
KDM5B,RREB1,1,dorothea,
KDM5B,SMAD3,1,dorothea,
KDM5B,SYNJ2,1,dorothea,
KDM5B,TGIF1,1,dorothea,
KDM5B,VGLL4,1,dorothea,
KLF13,AP3D1,-1,dorothea,
KLF13,ARID1A,-1,dorothea,
KLF13,ARRDC2,-1,dorothea,
KLF13,ATP6V0D1,-1,dorothea,
KLF13,BCL9L,-1,dorothea,
KLF13,DNAJB1,-1,dorothea,
KLF13,EML2,-1,dorothea,
KLF13,ERCC1,-1,dorothea,
KLF13,FASN,-1,dorothea,
KLF13,FCHO1,-1,dorothea,
KLF13,FKBP5,-1,dorothea,
KLF13,FSCN1,-1,dorothea,
KLF13,JADE1,-1,dorothea,
KLF13,KLHL21,-1,dorothea,
KLF13,LTBP4,-1,dorothea,
KLF13,NDST1,-1,dorothea,
KLF13,NFIC,-1,dorothea,
KLF13,OAZ1,-1,dorothea,
KLF13,PISD,-1,dorothea,
KLF13,PKNOX1,-1,dorothea,
KLF13,PLEC,-1,dorothea,
KLF13,PTOV1,-1,dorothea,
KLF13,REST,-1,dorothea,
KLF13,SAMD11,-1,dorothea,
KLF13,SLC1A5,-1,dorothea,
KLF13,SNX8,-1,dorothea,
KLF13,TBC1D14,-1,dorothea,
KLF13,TYRO3,-1,dorothea,
KLF3,ADD3,1,dorothea,
KLF3,ARHGAP5,1,dorothea,
KLF3,BTBD3,1,dorothea,
KLF3,CACHD1,1,dorothea,
KLF3,CAST,1,dorothea,
KLF3,GNG12,1,dorothea,
KLF3,KCNK1,1,dorothea,
KLF3,MYO5A,1,dorothea,
KLF3,STRBP,1,dorothea,
KLF3,STXBP6,1,dorothea,
KLF3,TRIO,1,dorothea,
KLF3,TSPAN12,1,dorothea,
KLF5,JUP,1,dorothea,
KLF5,LAMB3,1,dorothea,
KLF5,ACTN1,1,dorothea,
KLF5,AGRN,1,dorothea,
KLF5,AHNAK2,1,dorothea,
KLF5,ALDH3A2,1,dorothea,
KLF5,AMN,1,dorothea,
KLF5,ANXA2,1,dorothea,
KLF5,BAIAP2L1,1,dorothea,
KLF5,CANT1,1,dorothea,
KLF5,CD9,1,dorothea,
KLF5,CIRBP,1,dorothea,
KLF5,CLDN4,1,dorothea,
KLF5,COL4A2,1,dorothea,
KLF5,DGKQ,1,dorothea,
KLF5,DIAPH1,1,dorothea,
KLF5,DVL1,1,dorothea,
KLF5,ECE1,1,dorothea,
KLF5,ELF3,1,dorothea,
KLF5,EPHA2,1,dorothea,
KLF5,ERBB2,1,dorothea,
KLF5,ESRP2,1,dorothea,
KLF5,GPR137,1,dorothea,
KLF5,GPX4,1,dorothea,
KLF5,KIAA1522,1,dorothea,
KLF5,KRT8,1,dorothea,
KLF5,LGALS3,1,dorothea,
KLF5,LLGL2,1,dorothea,
KLF5,LNX2,1,dorothea,
KLF5,LSR,1,dorothea,
KLF5,LTBP4,1,dorothea,
KLF5,MIB2,1,dorothea,
KLF5,MIDN,1,dorothea,
KLF5,MKNK2,1,dorothea,
KLF5,MYH14,1,dorothea,
KLF5,MYO1C,1,dorothea,
KLF5,MYO5B,1,dorothea,
KLF5,NFE2L2,1,dorothea,
KLF5,NOL4L,1,dorothea,
KLF5,PLEC,1,dorothea,
KLF5,PPL,1,dorothea,
KLF5,PPP1R13L,1,dorothea,
KLF5,PRKCZ,1,dorothea,
KLF5,PTCH1,1,dorothea,
KLF5,RAB11A,1,dorothea,
KLF5,RAB11FIP1,1,dorothea,
KLF5,RBM47,1,dorothea,
KLF5,RXRA,1,dorothea,
KLF5,S100A16,1,dorothea,
KLF5,SCNN1A,1,dorothea,
KLF5,SDC1,1,dorothea,
KLF5,SH2D3A,1,dorothea,
KLF5,SLC2A1,1,dorothea,
KLF5,SLC48A1,1,dorothea,
KLF5,SPIRE2,1,dorothea,
KLF5,SREBF1,1,dorothea,
KLF5,STX1A,1,dorothea,
KLF5,TCF3,1,dorothea,
KLF5,TECR,1,dorothea,
KLF5,TJP3,1,dorothea,
KLF5,WWC1,1,dorothea,
KLF5,YWHAZ,1,dorothea,
KLF5,ZNF217,1,dorothea,
KLF6,CDH1,1,dorothea,
KLF6,IGF1R,1,dorothea,
KLF6,ACTN1,1,dorothea,
KLF6,ANXA2,1,dorothea,
KLF6,ARID5B,1,dorothea,
KLF6,ASAP1,1,dorothea,
KLF6,CLIP2,1,dorothea,
KLF6,CTNNBIP1,1,dorothea,
KLF6,DUSP10,1,dorothea,
KLF6,EHD1,1,dorothea,
KLF6,ERRFI1,1,dorothea,
KLF6,ETS1,1,dorothea,
KLF6,ETS2,1,dorothea,
KLF6,IER5,1,dorothea,
KLF6,IRF1,1,dorothea,
KLF6,ITGB1,1,dorothea,
KLF6,LDLR,1,dorothea,
KLF6,LHFPL2,1,dorothea,
KLF6,LMNA,1,dorothea,
KLF6,LRRFIP1,1,dorothea,
KLF6,LTBP4,1,dorothea,
KLF6,MACF1,1,dorothea,
KLF6,MSI2,1,dorothea,
KLF6,MYH9,1,dorothea,
KLF6,NEDD9,1,dorothea,
KLF6,PLEC,1,dorothea,
KLF6,PTP4A1,1,dorothea,
KLF6,RBCK1,1,dorothea,
KLF6,RND3,1,dorothea,
KLF6,SH3BP2,1,dorothea,
KLF6,SH3BP4,1,dorothea,
KLF6,SH3RF1,1,dorothea,
KLF6,SREBF1,1,dorothea,
KLF6,TACC1,1,dorothea,
KLF6,TECR,1,dorothea,
KLF6,TSPAN14,1,dorothea,
KLF6,VMP1,1,dorothea,
KLF6,WFS1,1,dorothea,
KLF6,WWTR1,1,dorothea,
KLF6,XXYLT1,1,dorothea,
KLF6,ZFP36L1,1,dorothea,
KLF6,ZFP36L2,1,dorothea,
KMT2A,CDKN1B,1,dorothea,
KMT2A,MEIS1,1,dorothea,
MAF,FRMD4B,1,dorothea,
MAF,IL4R,1,dorothea,
MAF,ARHGEF3,1,dorothea,
MAF,ARL4C,1,dorothea,
MAF,BRD4,1,dorothea,
MAF,CYTH1,1,dorothea,
MAF,FOXK1,1,dorothea,
MAF,GALM,1,dorothea,
MAF,GRAMD4,1,dorothea,
MAF,NOL4L,1,dorothea,
MAF,OSBPL3,1,dorothea,
MAF,PDE4D,1,dorothea,
MAF,RGS10,1,dorothea,
MAF,SFXN1,1,dorothea,
MAF,SH3BP5,1,dorothea,
MAF,SH3KBP1,1,dorothea,
MAF,SMAD3,1,dorothea,
MAF,SPON2,1,dorothea,
MAF,TBC1D14,1,dorothea,
MAF,TECR,1,dorothea,
MAF,TMSB4X,1,dorothea,
MAFB,DSE,1,dorothea,
MAFB,TBC1D14,1,dorothea,
MAFB,AKAP13,1,dorothea,
MAFB,ANKRD17,1,dorothea,
MAFB,APBB2,1,dorothea,
MAFB,APPL2,1,dorothea,
MAFB,ARHGAP24,1,dorothea,
MAFB,CACNA1D,1,dorothea,
MAFB,CLIP4,1,dorothea,
MAFB,CPEB4,1,dorothea,
MAFB,DAAM1,1,dorothea,
MAFB,DIP2C,1,dorothea,
MAFB,DOCK4,1,dorothea,
MAFB,DST,1,dorothea,
MAFB,DTNA,1,dorothea,
MAFB,ELMO1,1,dorothea,
MAFB,FLNB,1,dorothea,
MAFB,HDAC4,1,dorothea,
MAFB,JMJD1C,1,dorothea,
MAFB,MTSS1,1,dorothea,
MAFB,NAV2,1,dorothea,
MAFB,NBAS,1,dorothea,
MAFB,PHLDB2,1,dorothea,
MAFB,PRDM1,1,dorothea,
MAFB,PREX1,1,dorothea,
MAFB,SEC14L1,1,dorothea,
MAFB,SLC39A11,1,dorothea,
MAFB,SMYD3,1,dorothea,
MAFB,SNX29,1,dorothea,
MAFB,SOX9,1,dorothea,
MAFB,SPAG9,1,dorothea,
MAFB,SRPK2,1,dorothea,
MAFB,SYNE1,1,dorothea,
MAFB,TACC2,1,dorothea,
MAFB,TBXAS1,1,dorothea,
MAFB,TJP2,1,dorothea,
MAFB,TNS3,1,dorothea,
MAFB,TRIO,1,dorothea,
MAFB,WDFY3,1,dorothea,
MAFB,ZBTB20,1,dorothea,
MAFB,ZMIZ1,1,dorothea,
MAFB,ZNF407,1,dorothea,
MAFF,RAPGEF5,1,dorothea,
MAFF,ARHGEF3,1,dorothea,
MAFF,ARID5B,1,dorothea,
MAFF,BCAS3,1,dorothea,
MAFF,BHLHE40,1,dorothea,
MAFF,CCDC150,1,dorothea,
MAFF,CD55,1,dorothea,
MAFF,CDK14,1,dorothea,
MAFF,CHN2,1,dorothea,
MAFF,CPEB4,1,dorothea,
MAFF,CYTH1,1,dorothea,
MAFF,DAAM1,1,dorothea,
MAFF,DLG2,1,dorothea,
MAFF,DST,1,dorothea,
MAFF,FLNB,1,dorothea,
MAFF,JMJD1C,1,dorothea,
MAFF,PALLD,1,dorothea,
MAFF,PDE4D,1,dorothea,
MAFF,PDLIM5,1,dorothea,
MAFF,PHLDB2,1,dorothea,
MAFF,PLXNA2,1,dorothea,
MAFF,PRKAG2,1,dorothea,
MAFF,RABGAP1L,1,dorothea,
MAFF,RAPGEF1,1,dorothea,
MAFF,RGS3,1,dorothea,
MAFF,SEC14L1,1,dorothea,
MAFF,SMOX,1,dorothea,
MAFF,TBC1D14,1,dorothea,
MAFF,TEC,1,dorothea,
MAFF,TIAM2,1,dorothea,
MAFF,TJP2,1,dorothea,
MAFF,TLN2,1,dorothea,
MAFF,VGLL4,1,dorothea,
MAFF,WWP2,1,dorothea,
MAFG,NQO1,1,dorothea,
MAFG,EIF4G3,1,dorothea,
MAFG,ABCC1,1,dorothea,
MAFG,ABL1,1,dorothea,
MAFG,ABLIM3,1,dorothea,
MAFG,ARHGEF3,1,dorothea,
MAFG,CEP112,1,dorothea,
MAFG,CTIF,1,dorothea,
MAFG,EGLN3,1,dorothea,
MAFG,FGF13,1,dorothea,
MAFG,HDAC4,1,dorothea,
MAFG,KAZN,1,dorothea,
MAFG,KSR1,1,dorothea,
MAFG,LYPLAL1,1,dorothea,
MAFG,MED15,1,dorothea,
MAFG,NABP1,1,dorothea,
MAFG,PDE4D,1,dorothea,
MAFG,PLXNA2,1,dorothea,
MAFG,RAPGEF1,1,dorothea,
MAFG,RERE,1,dorothea,
MAFG,RGS3,1,dorothea,
MAFG,SAMD4A,1,dorothea,
MAFG,SLC40A1,1,dorothea,
MAFG,SLC44A1,1,dorothea,
MAFG,SMAD3,1,dorothea,
MAFG,STAU2,1,dorothea,
MAFG,TBC1D14,1,dorothea,
MAFG,TCF4,1,dorothea,
MAFG,TEC,1,dorothea,
MAFG,TIAM2,1,dorothea,
MAFG,TJP2,1,dorothea,
MAFG,TSC22D2,1,dorothea,
MAFG,ZBTB20,1,dorothea,
MAX,NPRL3,-1,dorothea,
MAX,SERF2,1,dorothea,
MAX,CCND1,1,dorothea,
MAX,CDK6,1,dorothea,
MAX,ACOT7,1,dorothea,
MAX,AGAP3,1,dorothea,
MAX,AGPAT3,1,dorothea,
MAX,AP3D1,1,dorothea,
MAX,ARHGEF3,1,dorothea,
MAX,AUTS2,1,dorothea,
MAX,CAST,1,dorothea,
MAX,CCDC88C,1,dorothea,
MAX,CTBP2,1,dorothea,
MAX,CYTH1,1,dorothea,
MAX,DNM2,1,dorothea,
MAX,EVL,1,dorothea,
MAX,FHL2,1,dorothea,
MAX,GRAMD4,1,dorothea,
MAX,GSN,1,dorothea,
MAX,HMGN4,1,dorothea,
MAX,INSR,1,dorothea,
MAX,JADE2,1,dorothea,
MAX,KDM4B,1,dorothea,
MAX,KIAA0232,1,dorothea,
MAX,KLC1,1,dorothea,
MAX,KSR1,1,dorothea,
MAX,LMNA,1,dorothea,
MAX,NFATC2,1,dorothea,
MAX,NOL4L,1,dorothea,
MAX,PCBP1,1,dorothea,
MAX,PFKFB3,1,dorothea,
MAX,PHC2,1,dorothea,
MAX,PLEC,1,dorothea,
MAX,PRKCZ,1,dorothea,
MAX,RAP1GAP2,1,dorothea,
MAX,RGS3,1,dorothea,
MAX,SH3KBP1,1,dorothea,
MAX,SMAD3,1,dorothea,
MAX,SMG6,1,dorothea,
MAX,STAT3,1,dorothea,
MAX,STXBP1,1,dorothea,
MAX,TBCD,1,dorothea,
MAX,TSPAN18,1,dorothea,
MAX,VGLL4,1,dorothea,
MAZ,MYC,1,dorothea,
MAZ,CTDSP1,1,dorothea,
MAZ,KCTD15,1,dorothea,
MAZ,MARK2,1,dorothea,
MAZ,RNF220,1,dorothea,
MAZ,ACAP3,1,dorothea,
MAZ,ACTN1,1,dorothea,
MAZ,AGPAT3,1,dorothea,
MAZ,AGRN,1,dorothea,
MAZ,AP3D1,1,dorothea,
MAZ,ARAP1,1,dorothea,
MAZ,ARID1A,1,dorothea,
MAZ,BCAR1,1,dorothea,
MAZ,CABIN1,1,dorothea,
MAZ,CCDC97,1,dorothea,
MAZ,CLIP2,1,dorothea,
MAZ,COL1A1,1,dorothea,
MAZ,CSK,1,dorothea,
MAZ,DGKZ,1,dorothea,
MAZ,DVL1,1,dorothea,
MAZ,EPB41L1,1,dorothea,
MAZ,FOXP1,1,dorothea,
MAZ,GIT1,1,dorothea,
MAZ,GPR137,1,dorothea,
MAZ,GSE1,1,dorothea,
MAZ,HNRNPF,1,dorothea,
MAZ,KCTD2,1,dorothea,
MAZ,KDM2B,1,dorothea,
MAZ,LASP1,1,dorothea,
MAZ,MAPKAPK3,1,dorothea,
MAZ,MED16,1,dorothea,
MAZ,MFSD12,1,dorothea,
MAZ,MLLT1,1,dorothea,
MAZ,MSI2,1,dorothea,
MAZ,MYLK,1,dorothea,
MAZ,NCOR2,1,dorothea,
MAZ,NFIA,1,dorothea,
MAZ,NOSIP,1,dorothea,
MAZ,PDXK,1,dorothea,
MAZ,PLXNB2,1,dorothea,
MAZ,PRPF31,1,dorothea,
MAZ,SERPINH1,1,dorothea,
MAZ,SLC4A2,1,dorothea,
MAZ,SOX12,1,dorothea,
MAZ,SSBP4,1,dorothea,
MAZ,ST3GAL2,1,dorothea,
MAZ,STAT6,1,dorothea,
MAZ,STK10,1,dorothea,
MAZ,STK11,1,dorothea,
MAZ,STK32C,1,dorothea,
MAZ,TACC3,1,dorothea,
MAZ,TCF3,1,dorothea,
MAZ,UBTF,1,dorothea,
MBD1,ANKRD11,-1,dorothea,
MBD1,BANP,-1,dorothea,
MBD1,DAZAP1,-1,dorothea,
MBD1,DIDO1,-1,dorothea,
MBD1,DPP9,-1,dorothea,
MBD1,E4F1,-1,dorothea,
MBD1,EXOC7,-1,dorothea,
MBD1,FOXK2,-1,dorothea,
MBD1,HOOK2,-1,dorothea,
MBD1,IFT140,-1,dorothea,
MBD1,ITGAE,-1,dorothea,
MBD1,KDM4B,-1,dorothea,
MBD1,KMT2B,-1,dorothea,
MBD1,MC1R,-1,dorothea,
MBD1,NELFA,-1,dorothea,
MBD1,NELFCD,-1,dorothea,
MBD1,PGS1,-1,dorothea,
MBD1,PNPLA6,-1,dorothea,
MBD1,PRPF31,-1,dorothea,
MBD1,PSMG4,-1,dorothea,
MBD1,RBM14,-1,dorothea,
MBD1,RGS12,-1,dorothea,
MBD1,RSAD1,-1,dorothea,
MBD1,SECISBP2,-1,dorothea,
MBD1,SF3A2,-1,dorothea,
MBD1,SRCAP,-1,dorothea,
MBD1,SRSF7,-1,dorothea,
MBD1,TCF25,-1,dorothea,
MBD1,THADA,-1,dorothea,
MBD1,THOP1,-1,dorothea,
MBD1,TRIM41,-1,dorothea,
MBD1,TTLL4,-1,dorothea,
MBD1,UQCC1,-1,dorothea,
MBD1,USP4,-1,dorothea,
MBD1,WRNIP1,-1,dorothea,
MBD1,ZDHHC7,-1,dorothea,
MBD1,ZNF263,-1,dorothea,
MBD1,ZZEF1,-1,dorothea,
MBD2,AGAP3,1,dorothea,
MBD2,CELSR1,1,dorothea,
MBD2,CHD4,1,dorothea,
MBD2,ESPN,1,dorothea,
MBD2,LDLRAD4,1,dorothea,
MBD2,PRKCZ,1,dorothea,
MBD2,RADIL,1,dorothea,
MBD2,SLC16A3,1,dorothea,
MBD2,SPPL2B,1,dorothea,
MBD2,TUB,1,dorothea,
MBD2,TYK2,1,dorothea,
MEF2A,GTDC1,1,dorothea,
MEF2A,MEF2D,1,dorothea,
MEF2A,SCHIP1,1,dorothea,
MEF2A,SYNE1,1,dorothea,
MEF2A,AFAP1,1,dorothea,
MEF2A,ARHGAP10,1,dorothea,
MEF2A,ARHGAP24,1,dorothea,
MEF2A,ARHGAP42,1,dorothea,
MEF2A,ARHGEF12,1,dorothea,
MEF2A,ARHGEF3,1,dorothea,
MEF2A,ASAP1,1,dorothea,
MEF2A,ATF3,1,dorothea,
MEF2A,BCAS3,1,dorothea,
MEF2A,CAB39,1,dorothea,
MEF2A,CDC42EP3,1,dorothea,
MEF2A,CDYL,1,dorothea,
MEF2A,CHD9,1,dorothea,
MEF2A,CRIM1,1,dorothea,
MEF2A,DAAM1,1,dorothea,
MEF2A,DMD,1,dorothea,
MEF2A,DST,1,dorothea,
MEF2A,EEA1,1,dorothea,
MEF2A,EFR3A,1,dorothea,
MEF2A,ERC1,1,dorothea,
MEF2A,ERCC1,1,dorothea,
MEF2A,FBXW11,1,dorothea,
MEF2A,FCHSD2,1,dorothea,
MEF2A,GOLIM4,1,dorothea,
MEF2A,HIVEP2,1,dorothea,
MEF2A,HMGB1,1,dorothea,
MEF2A,ITGB1,1,dorothea,
MEF2A,ITPR1,1,dorothea,
MEF2A,JMJD1C,1,dorothea,
MEF2A,KDM4C,1,dorothea,
MEF2A,KIAA1217,1,dorothea,
MEF2A,KLF6,1,dorothea,
MEF2A,LHFPL2,1,dorothea,
MEF2A,LMNA,1,dorothea,
MEF2A,LRCH1,1,dorothea,
MEF2A,LTBP1,1,dorothea,
MEF2A,MACF1,1,dorothea,
MEF2A,MBNL1,1,dorothea,
MEF2A,MEF2C,1,dorothea,
MEF2A,METTL8,1,dorothea,
MEF2A,MSN,1,dorothea,
MEF2A,MYH9,1,dorothea,
MEF2A,MYLK,1,dorothea,
MEF2A,NCOA3,1,dorothea,
MEF2A,NCOA7,1,dorothea,
MEF2A,NEDD9,1,dorothea,
MEF2A,NEK6,1,dorothea,
MEF2A,NEK7,1,dorothea,
MEF2A,NFATC2,1,dorothea,
MEF2A,NUMB,1,dorothea,
MEF2A,PALLD,1,dorothea,
MEF2A,PAM,1,dorothea,
MEF2A,PEAK1,1,dorothea,
MEF2A,PHTF2,1,dorothea,
MEF2A,PICALM,1,dorothea,
MEF2A,PLCL2,1,dorothea,
MEF2A,PRDM2,1,dorothea,
MEF2A,PRKCE,1,dorothea,
MEF2A,PTK2,1,dorothea,
MEF2A,RAB11FIP1,1,dorothea,
MEF2A,RABGAP1L,1,dorothea,
MEF2A,RBPJ,1,dorothea,
MEF2A,RGS3,1,dorothea,
MEF2A,RIN2,1,dorothea,
MEF2A,SAMD4A,1,dorothea,
MEF2A,SASH1,1,dorothea,
MEF2A,SIPA1L1,1,dorothea,
MEF2A,SLC12A8,1,dorothea,
MEF2A,ST6GAL1,1,dorothea,
MEF2A,STARD13,1,dorothea,
MEF2A,SVIL,1,dorothea,
MEF2A,TBL1XR1,1,dorothea,
MEF2A,TCF4,1,dorothea,
MEF2A,TJP2,1,dorothea,
MEF2A,TNRC6B,1,dorothea,
MEF2A,TRIO,1,dorothea,
MEF2A,UST,1,dorothea,
MEF2A,UTRN,1,dorothea,
MEF2A,UVRAG,1,dorothea,
MEF2A,WWTR1,1,dorothea,
MEF2A,XYLT1,1,dorothea,
MEF2A,ZNF385B,1,dorothea,
MEF2C,PLCL2,1,dorothea,
MEF2C,TCF4,1,dorothea,
MEF2C,ANK3,1,dorothea,
MEF2C,ARHGAP10,1,dorothea,
MEF2C,ARHGAP24,1,dorothea,
MEF2C,ARHGEF3,1,dorothea,
MEF2C,ARHGEF7,1,dorothea,
MEF2C,ARID1A,1,dorothea,
MEF2C,CDK14,1,dorothea,
MEF2C,CDKL5,1,dorothea,
MEF2C,DNAJB2,1,dorothea,
MEF2C,DPYSL3,1,dorothea,
MEF2C,ENTPD1,1,dorothea,
MEF2C,EPS15,1,dorothea,
MEF2C,ERC1,1,dorothea,
MEF2C,ETS1,1,dorothea,
MEF2C,FCHSD2,1,dorothea,
MEF2C,FOXP1,1,dorothea,
MEF2C,GTDC1,1,dorothea,
MEF2C,HBS1L,1,dorothea,
MEF2C,HDAC5,1,dorothea,
MEF2C,INPP4A,1,dorothea,
MEF2C,LCA5,1,dorothea,
MEF2C,LIMS1,1,dorothea,
MEF2C,LMNA,1,dorothea,
MEF2C,MACF1,1,dorothea,
MEF2C,MYH9,1,dorothea,
MEF2C,NDUFV2,1,dorothea,
MEF2C,NEDD9,1,dorothea,
MEF2C,NEK6,1,dorothea,
MEF2C,NR3C1,1,dorothea,
MEF2C,NREP,1,dorothea,
MEF2C,NUCB2,1,dorothea,
MEF2C,OXR1,1,dorothea,
MEF2C,PIP4K2A,1,dorothea,
MEF2C,RASGRP3,1,dorothea,
MEF2C,REEP1,1,dorothea,
MEF2C,RFTN1,1,dorothea,
MEF2C,RGS3,1,dorothea,
MEF2C,RGS6,1,dorothea,
MEF2C,SIPA1L1,1,dorothea,
MEF2C,SP100,1,dorothea,
MEF2C,ST6GAL1,1,dorothea,
MEF2C,TBL1XR1,1,dorothea,
MEF2C,TMSB4X,1,dorothea,
MEF2C,TSPAN12,1,dorothea,
MEF2C,TTC39C,1,dorothea,
MEIS1,ARHGAP10,1,dorothea,
MEIS1,BBS9,1,dorothea,
MEIS1,BCAR3,1,dorothea,
MEIS1,CACHD1,1,dorothea,
MEIS1,CCDC171,1,dorothea,
MEIS1,DAAM1,1,dorothea,
MEIS1,DOCK5,1,dorothea,
MEIS1,DPYSL3,1,dorothea,
MEIS1,DSE,1,dorothea,
MEIS1,DST,1,dorothea,
MEIS1,DTNB,1,dorothea,
MEIS1,DYRK1A,1,dorothea,
MEIS1,ETS1,1,dorothea,
MEIS1,FRYL,1,dorothea,
MEIS1,GAS7,1,dorothea,
MEIS1,GHR,1,dorothea,
MEIS1,GLIS3,1,dorothea,
MEIS1,GNA12,1,dorothea,
MEIS1,HECW2,1,dorothea,
MEIS1,KIAA1217,1,dorothea,
MEIS1,KSR1,1,dorothea,
MEIS1,MID1,1,dorothea,
MEIS1,NFIA,1,dorothea,
MEIS1,NFIB,1,dorothea,
MEIS1,PALLD,1,dorothea,
MEIS1,PARD3,1,dorothea,
MEIS1,PLCL2,1,dorothea,
MEIS1,PLD1,1,dorothea,
MEIS1,RAPGEF5,1,dorothea,
MEIS1,RERE,1,dorothea,
MEIS1,SPTBN1,1,dorothea,
MEIS1,TCF4,1,dorothea,
MEIS1,TLE4,1,dorothea,
MEIS1,TNIK,1,dorothea,
MEIS1,UBE2E1,1,dorothea,
MEIS1,UBR3,1,dorothea,
MEIS1,USP6NL,1,dorothea,
MEIS1,VGLL4,1,dorothea,
MEIS1,XXYLT1,1,dorothea,
MITF,APEX1,1,dorothea,
MITF,CDK2,1,dorothea,
MITF,CLCN7,1,dorothea,
MITF,DIAPH1,1,dorothea,
MITF,GPR143,1,dorothea,
MITF,HERC2,1,dorothea,
MITF,ITPR1,1,dorothea,
MITF,MAPRE2,1,dorothea,
MITF,MET,1,dorothea,
MITF,PMEL,1,dorothea,
MITF,RAB27A,1,dorothea,
MITF,STARD13,1,dorothea,
MITF,TBC1D1,1,dorothea,
MXI1,CAST,-1,dorothea,
MXI1,CTBP2,-1,dorothea,
MXI1,DST,-1,dorothea,
MXI1,FAM13A,-1,dorothea,
MXI1,SSBP3,-1,dorothea,
MXI1,ACAP3,-1,dorothea,
MXI1,ACLY,-1,dorothea,
MXI1,AHNAK,-1,dorothea,
MXI1,AK2,-1,dorothea,
MXI1,AMPD2,-1,dorothea,
MXI1,AP3D1,-1,dorothea,
MXI1,ARAP1,-1,dorothea,
MXI1,ARHGEF3,-1,dorothea,
MXI1,ARID1B,-1,dorothea,
MXI1,ARID3A,-1,dorothea,
MXI1,ATAD2,-1,dorothea,
MXI1,AUTS2,-1,dorothea,
MXI1,BCAR1,-1,dorothea,
MXI1,CDK6,-1,dorothea,
MXI1,CTIF,-1,dorothea,
MXI1,CUX1,-1,dorothea,
MXI1,CYTH1,-1,dorothea,
MXI1,EML2,-1,dorothea,
MXI1,EPB41,-1,dorothea,
MXI1,FAM214B,-1,dorothea,
MXI1,FGGY,-1,dorothea,
MXI1,FOXK1,-1,dorothea,
MXI1,FOXN3,-1,dorothea,
MXI1,FOXO3,-1,dorothea,
MXI1,GLRX5,-1,dorothea,
MXI1,GORASP2,-1,dorothea,
MXI1,HDAC5,-1,dorothea,
MXI1,HMGB1,-1,dorothea,
MXI1,HMOX2,-1,dorothea,
MXI1,IGF1R,-1,dorothea,
MXI1,ING1,-1,dorothea,
MXI1,KDM4B,-1,dorothea,
MXI1,KLF10,-1,dorothea,
MXI1,KSR1,-1,dorothea,
MXI1,LMNA,-1,dorothea,
MXI1,MACF1,-1,dorothea,
MXI1,MAP1LC3B,-1,dorothea,
MXI1,MSI2,-1,dorothea,
MXI1,NFE2L1,-1,dorothea,
MXI1,NFE2L2,-1,dorothea,
MXI1,NOL4L,-1,dorothea,
MXI1,PCBP1,-1,dorothea,
MXI1,PDXK,-1,dorothea,
MXI1,PFKFB3,-1,dorothea,
MXI1,PKM,-1,dorothea,
MXI1,RBFOX2,-1,dorothea,
MXI1,RUSC1,-1,dorothea,
MXI1,RUVBL1,-1,dorothea,
MXI1,SGMS1,-1,dorothea,
MXI1,SMAD3,-1,dorothea,
MXI1,STK32C,-1,dorothea,
MXI1,TLE3,-1,dorothea,
MXI1,TLE4,-1,dorothea,
MXI1,TNS1,-1,dorothea,
MXI1,TRAPPC9,-1,dorothea,
MXI1,TSPAN4,-1,dorothea,
MXI1,TTYH3,-1,dorothea,
MXI1,UBE2D3,-1,dorothea,
MXI1,UCKL1,-1,dorothea,
MXI1,VAV2,-1,dorothea,
MXI1,VGLL4,-1,dorothea,
MXI1,WDR81,-1,dorothea,
MXI1,WEE1,-1,dorothea,
MXI1,YY1,-1,dorothea,
MXI1,ZNF395,-1,dorothea,
MYBL2,ANXA2,1,dorothea,
MYBL2,ARID1A,1,dorothea,
MYBL2,BCAR3,1,dorothea,
MYBL2,CALD1,1,dorothea,
MYBL2,CDKN3,1,dorothea,
MYBL2,CENPF,1,dorothea,
MYBL2,CHD2,1,dorothea,
MYBL2,DEPDC1B,1,dorothea,
MYBL2,DST,1,dorothea,
MYBL2,FAM169A,1,dorothea,
MYBL2,FOXP1,1,dorothea,
MYBL2,INSIG2,1,dorothea,
MYBL2,LMNB1,1,dorothea,
MYBL2,MAP4K4,1,dorothea,
MYBL2,MAT2A,1,dorothea,
MYBL2,NAV2,1,dorothea,
MYBL2,SLX4IP,1,dorothea,
MYBL2,SYNE1,1,dorothea,
MYBL2,SYNJ2,1,dorothea,
MYBL2,TNIK,1,dorothea,
MYBL2,TOP2A,1,dorothea,
MYBL2,YAP1,1,dorothea,
MYBL2,ZNF608,1,dorothea,
MYC,ACADM,1,dorothea,
MYC,ACO2,1,dorothea,
MYC,ACOX1,1,dorothea,
MYC,ACTG1,1,dorothea,
MYC,ACYP2,1,dorothea,
MYC,ADCY9,1,dorothea,
MYC,AHSG,1,dorothea,
MYC,AIMP2,1,dorothea,
MYC,AKAP1,1,dorothea,
MYC,AKR1A1,1,dorothea,
MYC,ALDH9A1,-1,dorothea,
MYC,ALG5,1,dorothea,
MYC,AMD1,1,dorothea,
MYC,AMPD2,1,dorothea,
MYC,APC,1,dorothea,
MYC,APEX1,1,dorothea,
MYC,APP,1,dorothea,
MYC,AQR,1,dorothea,
MYC,ARF1,1,dorothea,
MYC,ARF4,1,dorothea,
MYC,ARFGAP2,1,dorothea,
MYC,ARSB,1,dorothea,
MYC,ATAD3B,1,dorothea,
MYC,ATF4,1,dorothea,
MYC,ATF7,1,dorothea,
MYC,BAX,1,dorothea,
MYC,BCL2L12,1,dorothea,
MYC,BCL3,1,dorothea,
MYC,BMP4,1,dorothea,
MYC,BRCA1,1,dorothea,
MYC,BRCA2,1,dorothea,
MYC,BSG,1,dorothea,
MYC,CAD,1,dorothea,
MYC,CASP8,1,dorothea,
MYC,CASP8AP2,1,dorothea,
MYC,CASP9,1,dorothea,
MYC,CBS,1,dorothea,
MYC,CBX3,1,dorothea,
MYC,CBX5,1,dorothea,
MYC,CCKBR,1,dorothea,
MYC,CCNA2,1,dorothea,
MYC,CCNB1,1,dorothea,
MYC,CCT5,1,dorothea,
MYC,CD63,1,dorothea,
MYC,CDC25A,1,dorothea,
MYC,CHRNB1,1,dorothea,
MYC,CKS2,1,dorothea,
MYC,CLCN6,1,dorothea,
MYC,CLINT1,1,dorothea,
MYC,CLP1,1,dorothea,
MYC,CLUH,1,dorothea,
MYC,CLUL1,1,dorothea,
MYC,CMAS,1,dorothea,
MYC,COL4A1,1,dorothea,
MYC,COX7A2L,1,dorothea,
MYC,CRAT,1,dorothea,
MYC,CRIPT,1,dorothea,
MYC,CSDE1,-1,dorothea,
MYC,CSTB,1,dorothea,
MYC,CXCL2,1,dorothea,
MYC,CXXC1,1,dorothea,
MYC,DCK,1,dorothea,
MYC,DDX11,1,dorothea,
MYC,DDX18,1,dorothea,
MYC,DDX5,1,dorothea,
MYC,DFFA,1,dorothea,
MYC,DKC1,1,dorothea,
MYC,DLEU1,-1,dorothea,
MYC,DNPH1,1,dorothea,
MYC,DPY30,1,dorothea,
MYC,DUSP1,-1,dorothea,
MYC,EIF3C,1,dorothea,
MYC,EIF4A1,1,dorothea,
MYC,EIF4B,1,dorothea,
MYC,EIF4E,1,dorothea,
MYC,EIF4EBP2,1,dorothea,
MYC,EIF5A2,1,dorothea,
MYC,ELK1,1,dorothea,
MYC,ENO1,1,dorothea,
MYC,ENTPD7,1,dorothea,
MYC,EPHX1,1,dorothea,
MYC,ESD,1,dorothea,
MYC,ETS2,1,dorothea,
MYC,EXOSC8,1,dorothea,
MYC,FAH,1,dorothea,
MYC,FASN,1,dorothea,
MYC,FECH,1,dorothea,
MYC,FGFR4,1,dorothea,
MYC,FOSL1,1,dorothea,
MYC,FPGS,1,dorothea,
MYC,FUT1,1,dorothea,
MYC,FXN,1,dorothea,
MYC,FXR1,1,dorothea,
MYC,GADD45A,-1,dorothea,
MYC,GALT,1,dorothea,
MYC,GAPDH,1,dorothea,
MYC,GAS8,1,dorothea,
MYC,GLA,1,dorothea,
MYC,GNL3,1,dorothea,
MYC,GOLPH3,1,dorothea,
MYC,GSK3B,1,dorothea,
MYC,GSTP1,1,dorothea,
MYC,GTF2H2,-1,dorothea,
MYC,HBP1,1,dorothea,
MYC,HDAC3,1,dorothea,
MYC,HERC5,1,dorothea,
MYC,HERPUD1,1,dorothea,
MYC,HES1,1,dorothea,
MYC,HIF1A,1,dorothea,
MYC,HINT1,1,dorothea,
MYC,HMBS,1,dorothea,
MYC,HMGN2,1,dorothea,
MYC,HMOX1,1,dorothea,
MYC,HNRNPDL,1,dorothea,
MYC,HSD11B2,1,dorothea,
MYC,HSPA4,1,dorothea,
MYC,HSPA8,1,dorothea,
MYC,HSPA9,1,dorothea,
MYC,HSPD1,1,dorothea,
MYC,HSPE1,1,dorothea,
MYC,ID2,1,dorothea,
MYC,ID3,1,dorothea,
MYC,IER3,1,dorothea,
MYC,IL11RA,1,dorothea,
MYC,IMPA2,1,dorothea,
MYC,INSR,1,dorothea,
MYC,IRF2,1,dorothea,
MYC,IRF3,1,dorothea,
MYC,ISG20,1,dorothea,
MYC,ITGA6,1,dorothea,
MYC,ITGB1,1,dorothea,
MYC,JUN,1,dorothea,
MYC,KIAA1586,1,dorothea,
MYC,LAMB2,1,dorothea,
MYC,LAMP1,-1,dorothea,
MYC,LBR,1,dorothea,
MYC,LDHB,1,dorothea,
MYC,LMNA,1,dorothea,
MYC,LTA4H,1,dorothea,
MYC,MAN2A2,1,dorothea,
MYC,MBD1,1,dorothea,
MYC,MCM7,1,dorothea,
MYC,MDM2,1,dorothea,
MYC,MEIS1,1,dorothea,
MYC,MEN1,1,dorothea,
MYC,MET,1,dorothea,
MYC,METTL1,1,dorothea,
MYC,MFAP1,1,dorothea,
MYC,MGST1,1,dorothea,
MYC,MSH2,1,dorothea,
MYC,MSN,-1,dorothea,
MYC,MTERF1,1,dorothea,
MYC,MTHFD1,1,dorothea,
MYC,MTHFR,1,dorothea,
MYC,MYBL2,1,dorothea,
MYC,MYCL,1,dorothea,
MYC,NAP1L1,1,dorothea,
MYC,NAT10,1,dorothea,
MYC,NCL,1,dorothea,
MYC,NFIL3,1,dorothea,
MYC,NID1,1,dorothea,
MYC,NIT1,1,dorothea,
MYC,NME1,1,dorothea,
MYC,NME2,1,dorothea,
MYC,NOP56,1,dorothea,
MYC,NPM1,1,dorothea,
MYC,NRAS,1,dorothea,
MYC,NTHL1,1,dorothea,
MYC,NUP155,1,dorothea,
MYC,NXT1,1,dorothea,
MYC,PAICS,1,dorothea,
MYC,PARP1,1,dorothea,
MYC,PCBD2,1,dorothea,
MYC,PCNA,1,dorothea,
MYC,PDHA1,1,dorothea,
MYC,PER1,1,dorothea,
MYC,PEX14,1,dorothea,
MYC,PEX3,1,dorothea,
MYC,PFDN6,1,dorothea,
MYC,PHB,1,dorothea,
MYC,PIGF,1,dorothea,
MYC,PIK3C3,1,dorothea,
MYC,PKM,1,dorothea,
MYC,POLB,1,dorothea,
MYC,POLD2,1,dorothea,
MYC,POLE3,1,dorothea,
MYC,PPAT,1,dorothea,
MYC,PPID,1,dorothea,
MYC,PPIF,1,dorothea,
MYC,PPP1R7,1,dorothea,
MYC,PQBP1,1,dorothea,
MYC,PRKDC,1,dorothea,
MYC,PSEN2,1,dorothea,
MYC,PSMB1,1,dorothea,
MYC,PSMG1,1,dorothea,
MYC,PTEN,1,dorothea,
MYC,PTMA,1,dorothea,
MYC,QDPR,1,dorothea,
MYC,RAD51,1,dorothea,
MYC,RARA,1,dorothea,
MYC,RARB,-1,dorothea,
MYC,RBBP4,1,dorothea,
MYC,RBM39,1,dorothea,
MYC,RBM8A,1,dorothea,
MYC,RCC1,1,dorothea,
MYC,RFC2,1,dorothea,
MYC,RGS2,1,dorothea,
MYC,RHOG,1,dorothea,
MYC,SCARB1,1,dorothea,
MYC,SEC23B,1,dorothea,
MYC,SFMBT1,1,dorothea,
MYC,SFXN3,1,dorothea,
MYC,SHMT1,1,dorothea,
MYC,SIRT1,1,dorothea,
MYC,SLBP,1,dorothea,
MYC,SLC19A1,1,dorothea,
MYC,SLC25A28,1,dorothea,
MYC,SLC25A3,1,dorothea,
MYC,SLC2A4,1,dorothea,
MYC,SLC4A2,1,dorothea,
MYC,SMARCAD1,1,dorothea,
MYC,SMN1,1,dorothea,
MYC,SNRPB,1,dorothea,
MYC,SNRPB2,1,dorothea,
MYC,SNRPD3,1,dorothea,
MYC,SPAST,1,dorothea,
MYC,SQSTM1,1,dorothea,
MYC,SRD5A1,1,dorothea,
MYC,SRM,1,dorothea,
MYC,STAT6,1,dorothea,
MYC,STMN1,1,dorothea,
MYC,SURF6,1,dorothea,
MYC,SYNGR2,1,dorothea,
MYC,TCF12,1,dorothea,
MYC,TCIRG1,1,dorothea,
MYC,TGFB2,1,dorothea,
MYC,THBS1,-1,dorothea,
MYC,THBS4,1,dorothea,
MYC,THRAP3,1,dorothea,
MYC,TOMM20,1,dorothea,
MYC,TOP1,1,dorothea,
MYC,TPM2,1,dorothea,
MYC,TRAP1,1,dorothea,
MYC,TSC2,1,dorothea,
MYC,TUBG2,1,dorothea,
MYC,TXN,1,dorothea,
MYC,TYMS,1,dorothea,
MYC,UBA52,1,dorothea,
MYC,UROD,1,dorothea,
MYC,UXT,1,dorothea,
MYC,VAMP2,1,dorothea,
MYC,VHL,1,dorothea,
MYC,WDR36,1,dorothea,
MYC,YBX3,1,dorothea,
MYC,ZFP36L1,-1,dorothea,
MYC,ZNF146,1,dorothea,
MYC,ZNF234,1,dorothea,
MYC,ZNF304,1,dorothea,
MYC,ZNF451,1,dorothea,
MYC,ZSCAN9,1,dorothea,
MYCN,MDM2,1,dorothea,
NANOG,L1TD1,1,dorothea,
NANOG,ATXN7L1,1,dorothea,
NANOG,BCAR3,1,dorothea,
NANOG,CACHD1,1,dorothea,
NANOG,CADPS,1,dorothea,
NANOG,CCND1,1,dorothea,
NANOG,CDKAL1,1,dorothea,
NANOG,CNTNAP2,1,dorothea,
NANOG,DLG2,1,dorothea,
NANOG,EPB41L3,1,dorothea,
NANOG,FAT1,1,dorothea,
NANOG,GCNT2,1,dorothea,
NANOG,GPC6,1,dorothea,
NANOG,IGF2BP3,1,dorothea,
NANOG,JMJD1C,1,dorothea,
NANOG,LDB2,1,dorothea,
NANOG,LIMCH1,1,dorothea,
NANOG,MED12L,1,dorothea,
NANOG,NBEA,1,dorothea,
NANOG,NRXN3,1,dorothea,
NANOG,RABGAP1L,1,dorothea,
NANOG,RNF38,1,dorothea,
NANOG,RUNX1T1,1,dorothea,
NANOG,SHROOM3,1,dorothea,
NANOG,SNRPN,1,dorothea,
NANOG,SORCS1,1,dorothea,
NANOG,SYNE2,1,dorothea,
NANOG,TACC2,1,dorothea,
NANOG,TCF4,1,dorothea,
NANOG,TIAM2,1,dorothea,
NANOG,VPS13A,1,dorothea,
NCOA1,APPBP2,1,dorothea,
NCOA1,ARFGEF2,1,dorothea,
NCOA1,ASAP1,1,dorothea,
NCOA1,BPTF,1,dorothea,
NCOA1,CHD6,1,dorothea,
NCOA1,ESYT2,1,dorothea,
NCOA1,HIPK1,1,dorothea,
NCOA1,LMBR1,1,dorothea,
NCOA1,MAN1A2,1,dorothea,
NCOA1,MAPKAP1,1,dorothea,
NCOA1,PPP1R12A,1,dorothea,
NCOA1,PTK2,1,dorothea,
NCOA1,STK3,1,dorothea,
NCOA1,TERF2,1,dorothea,
NCOA1,TMCC1,1,dorothea,
NCOA1,TRIM33,1,dorothea,
NCOA1,UBR5,1,dorothea,
NCOA1,VPS13B,1,dorothea,
NCOA1,VPS13D,1,dorothea,
NCOA1,ZMIZ1,1,dorothea,
NCOA2,ANK3,1,dorothea,
NCOA2,ARFGEF2,1,dorothea,
NCOA2,BPTF,1,dorothea,
NCOA2,CHD6,1,dorothea,
NCOA2,DAAM1,1,dorothea,
NCOA2,GSE1,1,dorothea,
NCOA2,HIPK1,1,dorothea,
NCOA2,KIAA1217,1,dorothea,
NCOA2,MED13L,1,dorothea,
NCOA2,MSI2,1,dorothea,
NCOA2,NCOA3,1,dorothea,
NCOA2,OXR1,1,dorothea,
NCOA2,PTK2,1,dorothea,
NCOA2,RABGAP1L,1,dorothea,
NCOA2,SRPK2,1,dorothea,
NCOA2,TRIM33,1,dorothea,
NCOA2,UTRN,1,dorothea,
NCOA2,VPS13B,1,dorothea,
NCOA3,ANKRD28,1,dorothea,
NCOA3,ARFGEF2,1,dorothea,
NCOA3,ARHGAP10,1,dorothea,
NCOA3,ASAP1,1,dorothea,
NCOA3,BPTF,1,dorothea,
NCOA3,FAM214A,1,dorothea,
NCOA3,HELZ,1,dorothea,
NCOA3,HIPK1,1,dorothea,
NCOA3,LPP,1,dorothea,
NCOA3,MED13,1,dorothea,
NCOA3,MED13L,1,dorothea,
NCOA3,NEDD4,1,dorothea,
NCOA3,OXR1,1,dorothea,
NCOA3,PIP4K2A,1,dorothea,
NCOA3,SLC44A1,1,dorothea,
NCOA3,SYNE2,1,dorothea,
NCOA3,TLK2,1,dorothea,
NCOA3,UBR5,1,dorothea,
NCOA3,USP6NL,1,dorothea,
NCOA3,VPS13B,1,dorothea,
NCOA3,ZMYND8,1,dorothea,
NFATC2,CDK4,1,dorothea,
NFE2L1,PARVA,1,dorothea,
NFE2L1,ADCY9,1,dorothea,
NFE2L1,AKR1C3,1,dorothea,
NFE2L1,ANO10,1,dorothea,
NFE2L1,ARHGAP6,1,dorothea,
NFE2L1,ARNTL,1,dorothea,
NFE2L1,BCAS3,1,dorothea,
NFE2L1,CALD1,1,dorothea,
NFE2L1,CPQ,1,dorothea,
NFE2L1,DENND1A,1,dorothea,
NFE2L1,DLGAP1,1,dorothea,
NFE2L1,EXOC6B,1,dorothea,
NFE2L1,FOXK1,1,dorothea,
NFE2L1,GNAL,1,dorothea,
NFE2L1,KIF13A,1,dorothea,
NFE2L1,PARN,1,dorothea,
NFE2L1,RTN4,1,dorothea,
NFE2L1,SETD5,1,dorothea,
NFE2L1,SETMAR,1,dorothea,
NFE2L1,SORBS1,1,dorothea,
NFE2L1,SORT1,1,dorothea,
NFE2L1,SQSTM1,1,dorothea,
NFE2L1,TBC1D5,1,dorothea,
NFE2L1,TEAD1,1,dorothea,
NFE2L1,TMEM245,1,dorothea,
NFE2L1,TNS1,1,dorothea,
NFE2L1,TXNRD1,1,dorothea,
NFE2L1,UBE2H,1,dorothea,
NFE2L2,SQSTM1,1,dorothea,
NFE2L2,TXN,1,dorothea,
NFE2L2,TXNRD1,1,dorothea,
NFE2L2,ABCC1,1,dorothea,
NFE2L2,NQO2,1,dorothea,
NFE2L2,TGIF1,1,dorothea,
NFIC,ALAS1,1,dorothea,
NFIC,COL18A1,1,dorothea,
NFIC,COL1A1,1,dorothea,
NFIC,FABP7,1,dorothea,
NFIC,GTF3C1,1,dorothea,
NFIC,GTF3C2,1,dorothea,
NFIC,HSD11B2,1,dorothea,
NFIC,JUN,1,dorothea,
NFIC,MYC,1,dorothea,
NFIC,POLD2,1,dorothea,
NFIC,POLE2,1,dorothea,
NFIC,PROC,1,dorothea,
NFIC,SLC2A4,1,dorothea,
NFIC,TFPI2,1,dorothea,
NFIC,TP53,1,dorothea,
NFKB1,A2M,1,dorothea,
NFKB1,AGT,1,dorothea,
NFKB1,ATF3,1,dorothea,
NFKB1,BRCA1,1,dorothea,
NFKB1,BST1,1,dorothea,
NFKB1,CD74,1,dorothea,
NFKB1,COL1A1,-1,dorothea,
NFKB1,CRMP1,1,dorothea,
NFKB1,CSNK2A1,1,dorothea,
NFKB1,CXCL2,1,dorothea,
NFKB1,ELF3,1,dorothea,
NFKB1,F3,1,dorothea,
NFKB1,FBP1,1,dorothea,
NFKB1,FCGRT,1,dorothea,
NFKB1,GADD45A,1,dorothea,
NFKB1,GADD45G,1,dorothea,
NFKB1,HIF1A,1,dorothea,
NFKB1,HMOX1,1,dorothea,
NFKB1,IER3,1,dorothea,
NFKB1,MICA,1,dorothea,
NFKB1,NQO1,1,dorothea,
NFKB1,PDE7A,1,dorothea,
NFKB1,PDGFB,1,dorothea,
NFKB1,PTPN13,1,dorothea,
NFKB1,RRM2B,1,dorothea,
NFKB1,SAA2,1,dorothea,
NFKB1,SOCS3,1,dorothea,
NFKB1,TFPI2,1,dorothea,
NFKB1,TNC,1,dorothea,
NFKB1,TNFRSF10A,1,dorothea,
NFKB1,TP53,1,dorothea,
NFKB1,VIM,1,dorothea,
NFKB2,BCL2L1,-1,dorothea,
NFKB2,BCL3,-1,dorothea,
NFKB2,CD44,-1,dorothea,
NFKB2,CD58,-1,dorothea,
NFKB2,RARA,-1,dorothea,
NFKB2,TNFAIP3,-1,dorothea,
NFKB2,TNIP1,-1,dorothea,
NFYA,ACTB,1,dorothea,
NFYA,DDIT3,1,dorothea,
NFYA,FDPS,1,dorothea,
NFYA,AP3M2,1,dorothea,
NFYA,CD74,1,dorothea,
NFYA,PNRC2,1,dorothea,
NFYA,ZNF608,1,dorothea,
NFYB,ACTB,1,dorothea,
NFYB,CCNB1,1,dorothea,
NFYB,CD74,1,dorothea,
NFYB,CREBRF,1,dorothea,
NFYB,CRYZL1,1,dorothea,
NFYB,PCNA,1,dorothea,
NFYB,AMN1,1,dorothea,
NFYB,AP2A1,1,dorothea,
NFYB,ATRIP,1,dorothea,
NFYB,BAZ1B,1,dorothea,
NFYB,CCNB2,1,dorothea,
NFYB,CDK1,1,dorothea,
NFYB,CKS2,1,dorothea,
NFYB,COQ10B,1,dorothea,
NFYB,DLG3,1,dorothea,
NFYB,DNAJB1,1,dorothea,
NFYB,EIF2AK3,1,dorothea,
NFYB,ELMO1,1,dorothea,
NFYB,EPB41,1,dorothea,
NFYB,FADS1,1,dorothea,
NFYB,FAM117A,1,dorothea,
NFYB,FCHO1,1,dorothea,
NFYB,FDFT1,1,dorothea,
NFYB,GCNT2,1,dorothea,
NFYB,GNA12,1,dorothea,
NFYB,HNRNPDL,1,dorothea,
NFYB,IER5,1,dorothea,
NFYB,KLHL25,1,dorothea,
NFYB,LBR,1,dorothea,
NFYB,LIPA,1,dorothea,
NFYB,LYPLA1,1,dorothea,
NFYB,MAT2B,1,dorothea,
NFYB,MBNL1,1,dorothea,
NFYB,MKNK2,1,dorothea,
NFYB,MKRN1,1,dorothea,
NFYB,MLEC,1,dorothea,
NFYB,MPHOSPH9,1,dorothea,
NFYB,NCEH1,1,dorothea,
NFYB,NEK7,1,dorothea,
NFYB,NUCB2,1,dorothea,
NFYB,OSBPL9,1,dorothea,
NFYB,PAK4,1,dorothea,
NFYB,PASK,1,dorothea,
NFYB,PDIA4,1,dorothea,
NFYB,PEX16,1,dorothea,
NFYB,RGS3,1,dorothea,
NFYB,RHOF,1,dorothea,
NFYB,RHOQ,1,dorothea,
NFYB,SEC22C,1,dorothea,
NFYB,SLC27A1,1,dorothea,
NFYB,SOD2,1,dorothea,
NFYB,SRRM1,1,dorothea,
NFYB,SSBP3,1,dorothea,
NFYB,TBC1D31,1,dorothea,
NFYB,TMEM14C,1,dorothea,
NFYB,TMEM245,1,dorothea,
NFYB,TXNIP,1,dorothea,
NFYB,TXNRD1,1,dorothea,
NFYB,UBP1,1,dorothea,
NFYB,UHRF1,1,dorothea,
NFYB,UVRAG,1,dorothea,
NFYB,VCP,1,dorothea,
NFYB,ZNF608,1,dorothea,
NR1H2,BHLHE40,1,dorothea,
NR1H2,SREBF1,1,dorothea,
NR1H2,FASN,1,dorothea,
NR1H2,CDC42EP4,1,dorothea,
NR1H2,DNAJB12,1,dorothea,
NR1H2,EIF1,1,dorothea,
NR1H2,NCOR2,1,dorothea,
NR1H2,SQSTM1,1,dorothea,
NR1H2,TBC1D1,1,dorothea,
NR1H3,APOE,1,dorothea,
NR1H3,SREBF1,1,dorothea,
NR1H3,FASN,1,dorothea,
NR1H3,ABCD1,1,dorothea,
NR1H3,KIAA1217,1,dorothea,
NR1H3,RNF145,1,dorothea,
NR1H3,TMEM135,1,dorothea,
NR2C2,ASXL1,1,dorothea,
NR2C2,GCC2,1,dorothea,
NR2C2,NR2C1,1,dorothea,
NR2C2,SNRNP200,1,dorothea,
NR2C2,TAF2,1,dorothea,
NR2C2,ACBD3,1,dorothea,
NR2C2,AGPS,1,dorothea,
NR2C2,ANAPC15,1,dorothea,
NR2C2,ANKIB1,1,dorothea,
NR2C2,ANXA11,1,dorothea,
NR2C2,ASB8,1,dorothea,
NR2C2,ATP11A,1,dorothea,
NR2C2,BAZ1B,1,dorothea,
NR2C2,BRD9,1,dorothea,
NR2C2,CCDC146,1,dorothea,
NR2C2,CCDC51,1,dorothea,
NR2C2,CCDC71,1,dorothea,
NR2C2,CHMP4B,1,dorothea,
NR2C2,CLUH,1,dorothea,
NR2C2,CWC15,1,dorothea,
NR2C2,DDX42,1,dorothea,
NR2C2,DICER1,1,dorothea,
NR2C2,DUS1L,1,dorothea,
NR2C2,EBAG9,1,dorothea,
NR2C2,EHMT1,1,dorothea,
NR2C2,EIF3M,1,dorothea,
NR2C2,FAM193B,1,dorothea,
NR2C2,GOLGB1,1,dorothea,
NR2C2,GPATCH8,1,dorothea,
NR2C2,IMPACT,1,dorothea,
NR2C2,KDM5A,1,dorothea,
NR2C2,KRIT1,1,dorothea,
NR2C2,LSM7,1,dorothea,
NR2C2,MAP3K11,1,dorothea,
NR2C2,MAPKAP1,1,dorothea,
NR2C2,MRPL20,1,dorothea,
NR2C2,MRPL33,1,dorothea,
NR2C2,MRPS28,1,dorothea,
NR2C2,NAA50,1,dorothea,
NR2C2,NDUFAF6,1,dorothea,
NR2C2,NDUFB7,1,dorothea,
NR2C2,NDUFS6,1,dorothea,
NR2C2,NFE2L2,1,dorothea,
NR2C2,NFXL1,1,dorothea,
NR2C2,NOL7,1,dorothea,
NR2C2,NUP107,1,dorothea,
NR2C2,NUP37,1,dorothea,
NR2C2,PAK4,1,dorothea,
NR2C2,PARPBP,1,dorothea,
NR2C2,PCBP1,1,dorothea,
NR2C2,PHF12,1,dorothea,
NR2C2,PPIH,1,dorothea,
NR2C2,PRPF40A,1,dorothea,
NR2C2,PTAR1,1,dorothea,
NR2C2,RAB11FIP2,1,dorothea,
NR2C2,SAP18,1,dorothea,
NR2C2,SCNM1,1,dorothea,
NR2C2,SKIDA1,1,dorothea,
NR2C2,SMARCD2,1,dorothea,
NR2C2,SNRPF,1,dorothea,
NR2C2,SPPL2B,1,dorothea,
NR2C2,SRCAP,1,dorothea,
NR2C2,TBC1D22A,1,dorothea,
NR2C2,TMA7,1,dorothea,
NR2C2,TMCO1,1,dorothea,
NR2C2,TMEM248,1,dorothea,
NR2C2,TNRC6A,1,dorothea,
NR2C2,TOMM40,1,dorothea,
NR2C2,TRIP13,1,dorothea,
NR2C2,TTC31,1,dorothea,
NR2C2,TTI1,1,dorothea,
NR2C2,TXNL1,1,dorothea,
NR2C2,USP37,1,dorothea,
NR2C2,VPS13D,1,dorothea,
NR2C2,WTAP,1,dorothea,
NR2C2,ZNF3,1,dorothea,
NR2C2,ZNF513,1,dorothea,
NR2F2,ACTA1,1,dorothea,
NR2F2,APOA1,-1,dorothea,
NR2F2,APOA2,-1,dorothea,
NR2F2,APOB,1,dorothea,
NR2F2,APOC2,1,dorothea,
NR2F2,APOC3,1,dorothea,
NR2F2,HNF4A,-1,dorothea,
NR2F2,OXT,1,dorothea,
NR2F2,PPARA,1,dorothea,
NR2F2,TF,1,dorothea,
NR2F6,AGPAT3,-1,dorothea,
NR2F6,APOB,-1,dorothea,
NR2F6,RAB11FIP4,-1,dorothea,
NR2F6,AFF1,-1,dorothea,
NR2F6,ARHGEF16,-1,dorothea,
NR2F6,ARID5B,-1,dorothea,
NR2F6,ASPSCR1,-1,dorothea,
NR2F6,CCDC12,-1,dorothea,
NR2F6,GPT2,-1,dorothea,
NR2F6,GRAMD4,-1,dorothea,
NR2F6,HIVEP2,-1,dorothea,
NR2F6,IMPA2,-1,dorothea,
NR2F6,KSR1,-1,dorothea,
NR2F6,LSM4,-1,dorothea,
NR2F6,MVK,-1,dorothea,
NR2F6,MYO18A,-1,dorothea,
NR2F6,OSBPL10,-1,dorothea,
NR2F6,PHACTR2,-1,dorothea,
NR2F6,PLCB1,-1,dorothea,
NR2F6,PLCD3,-1,dorothea,
NR2F6,PTPRF,-1,dorothea,
NR2F6,RAB31,-1,dorothea,
NR2F6,RBPJ,-1,dorothea,
NR2F6,RXRA,-1,dorothea,
NR2F6,SFXN5,-1,dorothea,
NR2F6,SPAG9,-1,dorothea,
NR2F6,TRNP1,-1,dorothea,
NR2F6,TTC7A,-1,dorothea,
NR2F6,VPS54,-1,dorothea,
NR3C1,NR1I3,1,dorothea,
NR3C1,SCNN1A,1,dorothea,
NR4A1,STAR,1,dorothea,
NR4A1,ADD3,1,dorothea,
NR4A1,AKAP13,1,dorothea,
NR4A1,ALAS1,1,dorothea,
NR4A1,ANXA11,1,dorothea,
NR4A1,BCOR,1,dorothea,
NR4A1,BHLHE40,1,dorothea,
NR4A1,CCDC6,1,dorothea,
NR4A1,CDKAL1,1,dorothea,
NR4A1,CHD9,1,dorothea,
NR4A1,CREB3L2,1,dorothea,
NR4A1,CTIF,1,dorothea,
NR4A1,DUSP5,1,dorothea,
NR4A1,FHIT,1,dorothea,
NR4A1,FOXP1,1,dorothea,
NR4A1,GAS7,1,dorothea,
NR4A1,LMBR1,1,dorothea,
NR4A1,LPAR1,1,dorothea,
NR4A1,LPP,1,dorothea,
NR4A1,PARVB,1,dorothea,
NR4A1,RERE,1,dorothea,
NR4A1,RNF220,1,dorothea,
NR4A1,SH3KBP1,1,dorothea,
NR4A1,SIK3,1,dorothea,
NR4A1,SMAD7,1,dorothea,
NR4A1,SMAP2,1,dorothea,
NR4A1,STK40,1,dorothea,
NR4A1,TBC1D14,1,dorothea,
NR4A1,WBP1L,1,dorothea,
NR4A1,ZBTB20,1,dorothea,
NR4A1,ZHX3,1,dorothea,
NR4A1,ZMYND8,1,dorothea,
NR5A2,ABCG2,1,dorothea,
NR5A2,BMPER,1,dorothea,
NR5A2,C1QTNF6,1,dorothea,
NR5A2,CD276,1,dorothea,
NR5A2,CYP11A1,1,dorothea,
NR5A2,DNM2,1,dorothea,
NR5A2,F11R,1,dorothea,
NR5A2,FAM160A1,1,dorothea,
NR5A2,KRT18,1,dorothea,
NR5A2,MYO10,1,dorothea,
NR5A2,MYO1B,1,dorothea,
NR5A2,MYO5C,1,dorothea,
NR5A2,PKP4,1,dorothea,
NR5A2,PPM1D,1,dorothea,
NR5A2,RARA,1,dorothea,
NR5A2,SYTL2,1,dorothea,
NR5A2,TXNRD1,1,dorothea,
NR5A2,XPNPEP1,1,dorothea,
NR5A2,ZMYND8,1,dorothea,
NRF1,KDM2A,1,dorothea,
NRF1,OTUD5,1,dorothea,
NRF1,ACIN1,1,dorothea,
NRF1,ARMC6,1,dorothea,
NRF1,ARRDC3,1,dorothea,
NRF1,B9D1,1,dorothea,
NRF1,BRF1,1,dorothea,
NRF1,CBX5,1,dorothea,
NRF1,CIC,1,dorothea,
NRF1,CLASP1,1,dorothea,
NRF1,DEDD2,1,dorothea,
NRF1,DGKQ,1,dorothea,
NRF1,DIDO1,1,dorothea,
NRF1,EHMT1,1,dorothea,
NRF1,EIF4ENIF1,1,dorothea,
NRF1,FADS1,1,dorothea,
NRF1,FADS2,1,dorothea,
NRF1,FAM222B,1,dorothea,
NRF1,FBXL15,1,dorothea,
NRF1,GRK5,1,dorothea,
NRF1,GTF2I,1,dorothea,
NRF1,HIRA,1,dorothea,
NRF1,ING1,1,dorothea,
NRF1,ITGAE,1,dorothea,
NRF1,KCTD2,1,dorothea,
NRF1,KIAA2026,1,dorothea,
NRF1,LIG4,1,dorothea,
NRF1,LUC7L2,1,dorothea,
NRF1,MAFG,1,dorothea,
NRF1,MEPCE,1,dorothea,
NRF1,MIB1,1,dorothea,
NRF1,MIB2,1,dorothea,
NRF1,MRPL34,1,dorothea,
NRF1,MRPL36,1,dorothea,
NRF1,MYL5,1,dorothea,
NRF1,NADK,1,dorothea,
NRF1,NARF,1,dorothea,
NRF1,NELFA,1,dorothea,
NRF1,PACS2,1,dorothea,
NRF1,PAICS,1,dorothea,
NRF1,PCIF1,1,dorothea,
NRF1,PER1,1,dorothea,
NRF1,PKIB,1,dorothea,
NRF1,PKMYT1,1,dorothea,
NRF1,POLR2B,1,dorothea,
NRF1,PPAT,1,dorothea,
NRF1,PTTG1IP,1,dorothea,
NRF1,RSRP1,1,dorothea,
NRF1,SERP1,1,dorothea,
NRF1,SF1,1,dorothea,
NRF1,SIN3A,1,dorothea,
NRF1,SOS1,1,dorothea,
NRF1,SSH2,1,dorothea,
NRF1,SUGP2,1,dorothea,
NRF1,TBCB,1,dorothea,
NRF1,TCAIM,1,dorothea,
NRF1,TMEM104,1,dorothea,
NRF1,TOB2,1,dorothea,
NRF1,TRAPPC3,1,dorothea,
NRF1,U2AF2,1,dorothea,
NRF1,UIMC1,1,dorothea,
NRF1,WDR12,1,dorothea,
NRF1,ZBTB17,1,dorothea,
NRF1,ZBTB4,1,dorothea,
NRF1,ZCWPW1,1,dorothea,
NRF1,ZNF263,1,dorothea,
OTX2,DCLK1,1,dorothea,
OTX2,DENND1A,1,dorothea,
OTX2,DIAPH3,1,dorothea,
OTX2,ENPP2,1,dorothea,
OTX2,EXPH5,1,dorothea,
OTX2,FRYL,1,dorothea,
OTX2,MACF1,1,dorothea,
OTX2,MBNL2,1,dorothea,
OTX2,MEF2C,1,dorothea,
OTX2,MYO1E,1,dorothea,
OTX2,NBEA,1,dorothea,
OTX2,SYNE1,1,dorothea,
OTX2,TBC1D5,1,dorothea,
OTX2,TRPC4,1,dorothea,
OTX2,TULP4,1,dorothea,
PAX6,ITGA5,1,dorothea,
PAX6,ITGB1,1,dorothea,
PAX6,MMP2,1,dorothea,
PAX6,NANOG,1,dorothea,
PAX6,POU5F1,1,dorothea,
PBX3,PBX1,1,dorothea,
PBX3,APBB2,1,dorothea,
PBX3,ATXN1,1,dorothea,
PBX3,BBX,1,dorothea,
PBX3,CCDC97,1,dorothea,
PBX3,CHN1,1,dorothea,
PBX3,CSNK1D,1,dorothea,
PBX3,DAAM1,1,dorothea,
PBX3,DMD,1,dorothea,
PBX3,ERGIC1,1,dorothea,
PBX3,FAM110B,1,dorothea,
PBX3,FLNA,1,dorothea,
PBX3,FNDC3B,1,dorothea,
PBX3,FRMD4B,1,dorothea,
PBX3,FTO,1,dorothea,
PBX3,FYN,1,dorothea,
PBX3,GALNT2,1,dorothea,
PBX3,IGF1R,1,dorothea,
PBX3,INPP5A,1,dorothea,
PBX3,JARID2,1,dorothea,
PBX3,MACF1,1,dorothea,
PBX3,MACROD2,1,dorothea,
PBX3,MAP4,1,dorothea,
PBX3,MYLK,1,dorothea,
PBX3,NBEA,1,dorothea,
PBX3,PACSIN2,1,dorothea,
PBX3,PARD3,1,dorothea,
PBX3,PDE4D,1,dorothea,
PBX3,PLCB1,1,dorothea,
PBX3,PRICKLE2,1,dorothea,
PBX3,RARB,1,dorothea,
PBX3,RUNX1T1,1,dorothea,
PBX3,SEC14L1,1,dorothea,
PBX3,SLIT2,1,dorothea,
PBX3,SPATS2L,1,dorothea,
PBX3,ST7,1,dorothea,
PBX3,TIAM2,1,dorothea,
PBX3,TLE4,1,dorothea,
PBX3,TNS1,1,dorothea,
PBX3,WWC1,1,dorothea,
PBX3,ZNF385B,1,dorothea,
PBX3,ZNF407,1,dorothea,
PKNOX1,AP4S1,1,dorothea,
PKNOX1,ARHGAP6,1,dorothea,
PKNOX1,ASTN2,1,dorothea,
PKNOX1,DNM2,1,dorothea,
PKNOX1,FAM13A,1,dorothea,
PKNOX1,FGD6,1,dorothea,
PKNOX1,GALNT2,1,dorothea,
PKNOX1,GATAD2A,1,dorothea,
PKNOX1,HDAC4,1,dorothea,
PKNOX1,HIP1,1,dorothea,
PKNOX1,JARID2,1,dorothea,
PKNOX1,LIMS1,1,dorothea,
PKNOX1,LYRM9,1,dorothea,
PKNOX1,MCC,1,dorothea,
PKNOX1,MCF2L2,1,dorothea,
PKNOX1,MEIS1,1,dorothea,
PKNOX1,MICAL3,1,dorothea,
PKNOX1,RNF220,1,dorothea,
PKNOX1,SIL1,1,dorothea,
PKNOX1,SPRED2,1,dorothea,
PKNOX1,TBPL1,1,dorothea,
PKNOX1,TCF4,1,dorothea,
PKNOX1,TECR,1,dorothea,
PKNOX1,THADA,1,dorothea,
PKNOX1,TNS1,1,dorothea,
PKNOX1,TUSC3,1,dorothea,
PKNOX1,WNT3,1,dorothea,
POU2F1,CDX2,1,dorothea,
POU2F1,CXCR5,1,dorothea,
POU2F1,MYC,1,dorothea,
POU2F1,RPTOR,1,dorothea,
POU2F1,RRM2B,1,dorothea,
POU2F1,SNAPC1,1,dorothea,
POU2F1,SPP1,1,dorothea,
POU2F1,ST6GAL1,1,dorothea,
POU2F1,TSC22D3,1,dorothea,
POU2F1,TXNRD1,1,dorothea,
POU5F1,ANGPT1,1,dorothea,
POU5F1,ANK2,1,dorothea,
POU5F1,ANK3,1,dorothea,
POU5F1,ANKS1B,1,dorothea,
POU5F1,BCAR3,1,dorothea,
POU5F1,BCR,1,dorothea,
POU5F1,CADPS,1,dorothea,
POU5F1,CLASP2,1,dorothea,
POU5F1,CNTNAP2,1,dorothea,
POU5F1,COBL,1,dorothea,
POU5F1,DNMBP,1,dorothea,
POU5F1,DPYSL2,1,dorothea,
POU5F1,EPB41L2,1,dorothea,
POU5F1,EPHA4,1,dorothea,
POU5F1,FAT1,1,dorothea,
POU5F1,GALNT10,1,dorothea,
POU5F1,GAS7,1,dorothea,
POU5F1,GCNT2,1,dorothea,
POU5F1,GPC6,1,dorothea,
POU5F1,GRIP1,1,dorothea,
POU5F1,IGF2BP3,1,dorothea,
POU5F1,INPP5D,1,dorothea,
POU5F1,JMJD1C,1,dorothea,
POU5F1,KIAA1217,1,dorothea,
POU5F1,KIFC3,1,dorothea,
POU5F1,LDLRAD3,1,dorothea,
POU5F1,LIMCH1,1,dorothea,
POU5F1,LRRK1,1,dorothea,
POU5F1,MACF1,1,dorothea,
POU5F1,MAP2K5,1,dorothea,
POU5F1,NAV1,1,dorothea,
POU5F1,NEDD4L,1,dorothea,
POU5F1,NRXN3,1,dorothea,
POU5F1,OSBPL10,1,dorothea,
POU5F1,RABGAP1L,1,dorothea,
POU5F1,RUNX1T1,1,dorothea,
POU5F1,SASH1,1,dorothea,
POU5F1,SBF2,1,dorothea,
POU5F1,SHROOM3,1,dorothea,
POU5F1,SMAD3,1,dorothea,
POU5F1,SNRPN,1,dorothea,
POU5F1,SORBS2,1,dorothea,
POU5F1,SPATS2L,1,dorothea,
POU5F1,SPTBN1,1,dorothea,
POU5F1,STK10,1,dorothea,
POU5F1,SYNE1,1,dorothea,
POU5F1,SYNE2,1,dorothea,
POU5F1,TACC2,1,dorothea,
POU5F1,TCF4,1,dorothea,
POU5F1,TIAM2,1,dorothea,
POU5F1,TJP2,1,dorothea,
POU5F1,TNRC6B,1,dorothea,
POU5F1,TRIM2,1,dorothea,
POU5F1,ZNF532,1,dorothea,
PPARA,ACOX1,1,dorothea,
PPARA,ACOX2,1,dorothea,
PPARA,APOA1,1,dorothea,
PPARA,APOA4,1,dorothea,
PPARA,APOA5,1,dorothea,
PPARA,CCND1,1,dorothea,
PPARA,FABP1,1,dorothea,
PPARA,FABP3,1,dorothea,
PPARA,FADS2,1,dorothea,
PPARA,HMGCS1,1,dorothea,
PPARA,HMGCS2,1,dorothea,
PPARA,MYC,1,dorothea,
PPARA,PANK1,1,dorothea,
PPARA,PCK1,1,dorothea,
PPARA,TUBA1B,-1,dorothea,
PRDM1,ACSS2,1,dorothea,
PRDM1,ANO10,1,dorothea,
PRDM1,APOL2,1,dorothea,
PRDM1,ARHGAP26,1,dorothea,
PRDM1,CREB1,1,dorothea,
PRDM1,CRISPLD1,1,dorothea,
PRDM1,DLG2,1,dorothea,
PRDM1,DMD,1,dorothea,
PRDM1,FXR2,1,dorothea,
PRDM1,IL18,1,dorothea,
PRDM1,KCNK1,1,dorothea,
PRDM1,LGR4,1,dorothea,
PRDM1,LMO7,1,dorothea,
PRDM1,MBNL3,1,dorothea,
PRDM1,MID1,1,dorothea,
PRDM1,MYO1E,1,dorothea,
PRDM1,NR3C1,1,dorothea,
PRDM1,PAQR5,1,dorothea,
PRDM1,PCNA,1,dorothea,
PRDM1,PLXNA2,1,dorothea,
PRDM1,S100A16,1,dorothea,
PRDM1,SLC37A1,1,dorothea,
PRDM1,TEAD1,1,dorothea,
PRDM1,TNIK,1,dorothea,
PRDM1,ZFP36L1,1,dorothea,
PRDM1,ZHX1,1,dorothea,
PRDM1,ZSCAN31,1,dorothea,
PRDM14,AGAP1,1,dorothea,
PRDM14,AGAP3,1,dorothea,
PRDM14,AGPAT3,1,dorothea,
PRDM14,AHNAK,1,dorothea,
PRDM14,ARHGEF10L,1,dorothea,
PRDM14,ARHGEF17,1,dorothea,
PRDM14,ARHGEF2,1,dorothea,
PRDM14,ARID1A,1,dorothea,
PRDM14,ARID1B,1,dorothea,
PRDM14,ASS1,1,dorothea,
PRDM14,ATP13A2,1,dorothea,
PRDM14,AUTS2,1,dorothea,
PRDM14,AXIN2,1,dorothea,
PRDM14,BCAR3,1,dorothea,
PRDM14,BCL11A,1,dorothea,
PRDM14,BCOR,1,dorothea,
PRDM14,BMP7,1,dorothea,
PRDM14,CA4,1,dorothea,
PRDM14,CCDC57,1,dorothea,
PRDM14,CCND2,1,dorothea,
PRDM14,CD9,1,dorothea,
PRDM14,CDC42EP4,1,dorothea,
PRDM14,CDYL,1,dorothea,
PRDM14,COBL,1,dorothea,
PRDM14,CROCC,1,dorothea,
PRDM14,DAB2IP,1,dorothea,
PRDM14,DGKZ,1,dorothea,
PRDM14,DLGAP4,1,dorothea,
PRDM14,DNMT3A,1,dorothea,
PRDM14,ECE1,1,dorothea,
PRDM14,EPB41L1,1,dorothea,
PRDM14,EPHB3,1,dorothea,
PRDM14,FAM174B,1,dorothea,
PRDM14,FOSL2,1,dorothea,
PRDM14,GATAD2A,1,dorothea,
PRDM14,GLI2,1,dorothea,
PRDM14,GMDS,1,dorothea,
PRDM14,GPC1,1,dorothea,
PRDM14,GPRC5C,1,dorothea,
PRDM14,GRAMD1B,1,dorothea,
PRDM14,GRB10,1,dorothea,
PRDM14,GSE1,1,dorothea,
PRDM14,HDAC5,1,dorothea,
PRDM14,IGDCC4,1,dorothea,
PRDM14,IGF1R,1,dorothea,
PRDM14,IGF2R,1,dorothea,
PRDM14,KAZN,1,dorothea,
PRDM14,KDM4B,1,dorothea,
PRDM14,KDM6B,1,dorothea,
PRDM14,LRRK1,1,dorothea,
PRDM14,MACF1,1,dorothea,
PRDM14,MAD1L1,1,dorothea,
PRDM14,MAP7D1,1,dorothea,
PRDM14,MCF2L,1,dorothea,
PRDM14,MEF2D,1,dorothea,
PRDM14,MEIS1,1,dorothea,
PRDM14,NADK,1,dorothea,
PRDM14,NFATC2,1,dorothea,
PRDM14,NFIA,1,dorothea,
PRDM14,NFIC,1,dorothea,
PRDM14,NOL4L,1,dorothea,
PRDM14,NR4A1,1,dorothea,
PRDM14,NRP2,1,dorothea,
PRDM14,NXN,1,dorothea,
PRDM14,PADI2,1,dorothea,
PRDM14,PHC2,1,dorothea,
PRDM14,PHLDB1,1,dorothea,
PRDM14,PLXNA2,1,dorothea,
PRDM14,PREX1,1,dorothea,
PRDM14,PTCH1,1,dorothea,
PRDM14,PTMA,1,dorothea,
PRDM14,PTPRU,1,dorothea,
PRDM14,RAB25,1,dorothea,
PRDM14,RAI1,1,dorothea,
PRDM14,RGMA,1,dorothea,
PRDM14,RNF220,1,dorothea,
PRDM14,RPTOR,1,dorothea,
PRDM14,SDK2,1,dorothea,
PRDM14,SEMA4A,1,dorothea,
PRDM14,SFXN5,1,dorothea,
PRDM14,SH3BP4,1,dorothea,
PRDM14,SHANK2,1,dorothea,
PRDM14,SLC12A5,1,dorothea,
PRDM14,SLC22A23,1,dorothea,
PRDM14,SLIT3,1,dorothea,
PRDM14,SMAD6,1,dorothea,
PRDM14,SOX13,1,dorothea,
PRDM14,SOX9,1,dorothea,
PRDM14,SREBF1,1,dorothea,
PRDM14,TACC2,1,dorothea,
PRDM14,TBC1D16,1,dorothea,
PRDM14,TBCD,1,dorothea,
PRDM14,TCF7L1,1,dorothea,
PRDM14,TMCO4,1,dorothea,
PRDM14,TNS1,1,dorothea,
PRDM14,TNS3,1,dorothea,
PRDM14,TP53I11,1,dorothea,
PRDM14,TRIM2,1,dorothea,
PRDM14,TRIO,1,dorothea,
PRDM14,TSPAN18,1,dorothea,
PRDM14,TSPAN9,1,dorothea,
PRDM14,TTC7A,1,dorothea,
PRDM14,WWC1,1,dorothea,
PRDM14,XXYLT1,1,dorothea,
PRDM14,ZBTB17,1,dorothea,
PRDM14,ZDHHC14,1,dorothea,
PRDM14,ZMIZ1,1,dorothea,
PRDM14,ZMYND8,1,dorothea,
PRDM14,ZNF423,1,dorothea,
PROX1,ADD3,1,dorothea,
PROX1,ARHGAP42,1,dorothea,
PROX1,ARHGEF2,1,dorothea,
PROX1,ATP1A1,1,dorothea,
PROX1,DNM2,1,dorothea,
PROX1,GRIN2B,1,dorothea,
PROX1,IGF1R,1,dorothea,
PROX1,MAPKAPK3,1,dorothea,
PROX1,NEDD4L,1,dorothea,
PROX1,NRP2,1,dorothea,
PROX1,OSBPL10,1,dorothea,
PROX1,PCYT1A,1,dorothea,
PROX1,PLCB4,1,dorothea,
PROX1,PLEKHA7,1,dorothea,
PROX1,SAP30BP,1,dorothea,
PROX1,SEMA3A,1,dorothea,
PROX1,SOX13,1,dorothea,
PROX1,SPRED2,1,dorothea,
PROX1,TNS3,1,dorothea,
PROX1,ZNF608,1,dorothea,
RARA,BTG2,1,dorothea,
RARA,CASP9,1,dorothea,
RARA,CRABP2,1,dorothea,
RARA,CYP26A1,1,dorothea,
RARA,ETS1,1,dorothea,
RARA,HNF4A,1,dorothea,
RARA,IER3,1,dorothea,
RARA,MAOB,1,dorothea,
RARA,MYC,1,dorothea,
RARA,NRIP1,1,dorothea,
RARA,PCK1,1,dorothea,
RARA,RARG,1,dorothea,
RARA,RPTOR,1,dorothea,
RARA,TNFAIP2,1,dorothea,
RBPJ,HES1,1,dorothea,
RBPJ,NFKB1,1,dorothea,
RBPJ,FNDC3B,1,dorothea,
RBPJ,WIPF1,1,dorothea,
RBPJ,ARHGEF3,1,dorothea,
RBPJ,ASAP1,1,dorothea,
RBPJ,BCAT1,1,dorothea,
RBPJ,CASP8,1,dorothea,
RBPJ,CBLB,1,dorothea,
RBPJ,CDK17,1,dorothea,
RBPJ,CEP85L,1,dorothea,
RBPJ,CXCR4,1,dorothea,
RBPJ,DPYSL2,1,dorothea,
RBPJ,FCHSD2,1,dorothea,
RBPJ,FMNL2,1,dorothea,
RBPJ,FOXP1,1,dorothea,
RBPJ,GAS7,1,dorothea,
RBPJ,GNA12,1,dorothea,
RBPJ,GPATCH2L,1,dorothea,
RBPJ,GPCPD1,1,dorothea,
RBPJ,GSN,1,dorothea,
RBPJ,IFNGR1,1,dorothea,
RBPJ,INPP4A,1,dorothea,
RBPJ,LIMS1,1,dorothea,
RBPJ,LPP,1,dorothea,
RBPJ,LYST,1,dorothea,
RBPJ,MKNK2,1,dorothea,
RBPJ,NSMCE2,1,dorothea,
RBPJ,NUMB,1,dorothea,
RBPJ,PIP4K2A,1,dorothea,
RBPJ,PLEC,1,dorothea,
RBPJ,PMAIP1,1,dorothea,
RBPJ,RFX3,1,dorothea,
RBPJ,SEMA4D,1,dorothea,
RBPJ,SH3KBP1,1,dorothea,
RBPJ,SIPA1L1,1,dorothea,
RBPJ,SLC12A8,1,dorothea,
RBPJ,SNX25,1,dorothea,
RBPJ,TCF4,1,dorothea,
RBPJ,THADA,1,dorothea,
RBPJ,TNIP1,1,dorothea,
RBPJ,WWTR1,1,dorothea,
RBPJ,ZBTB38,1,dorothea,
REL,F3,1,dorothea,
REL,IER3,1,dorothea,
REL,NFKBIA,1,dorothea,
RELA,AGT,1,dorothea,
RELA,BNIP3,-1,dorothea,
RELA,CD74,1,dorothea,
RELA,COL1A1,-1,dorothea,
RELA,CXCL2,1,dorothea,
RELA,ELF3,1,dorothea,
RELA,F3,1,dorothea,
RELA,FCGRT,1,dorothea,
RELA,GADD45G,1,dorothea,
RELA,HDAC1,1,dorothea,
RELA,HIF1A,1,dorothea,
RELA,IER3,1,dorothea,
RELA,MICA,1,dorothea,
RELA,NFKB2,1,dorothea,
RELA,NR4A1,1,dorothea,
RELA,PPARA,1,dorothea,
RELA,PTPN13,1,dorothea,
RELA,SOCS3,1,dorothea,
RELA,TNFRSF10A,1,dorothea,
RELA,TP53,1,dorothea,
RFX2,DPCD,1,dorothea,
RFX2,ENDOV,1,dorothea,
RFX2,KIAA0753,1,dorothea,
RFX2,MAPK10,1,dorothea,
RFX2,MAPRE2,1,dorothea,
RFX2,PACRGL,1,dorothea,
RFX2,PICK1,1,dorothea,
RFX2,POLL,1,dorothea,
RFX2,POLRMT,1,dorothea,
RFX2,STRN4,1,dorothea,
RFX2,TBCEL,1,dorothea,
RFX2,THAP10,1,dorothea,
RFX2,TTC30B,1,dorothea,
RFX2,TXNDC17,1,dorothea,
RFX5,CD74,1,dorothea,
RUNX2,PSD3,1,dorothea,
RUNX2,ALCAM,1,dorothea,
RUNX2,APP,1,dorothea,
RUNX2,CBLB,1,dorothea,
RUNX2,CHN2,1,dorothea,
RUNX2,COL14A1,1,dorothea,
RUNX2,CSGALNACT1,1,dorothea,
RUNX2,DPYD,1,dorothea,
RUNX2,ETS1,1,dorothea,
RUNX2,FARP1,1,dorothea,
RUNX2,FAT1,1,dorothea,
RUNX2,GULP1,1,dorothea,
RUNX2,ITPR1,1,dorothea,
RUNX2,KIAA1217,1,dorothea,
RUNX2,LRIG1,1,dorothea,
RUNX2,MAPKAP1,1,dorothea,
RUNX2,MET,1,dorothea,
RUNX2,MICAL2,1,dorothea,
RUNX2,MID1,1,dorothea,
RUNX2,MRPS27,1,dorothea,
RUNX2,MYOF,1,dorothea,
RUNX2,NABP1,1,dorothea,
RUNX2,NEDD4L,1,dorothea,
RUNX2,NRG1,1,dorothea,
RUNX2,OSBPL3,1,dorothea,
RUNX2,PACSIN2,1,dorothea,
RUNX2,PAPPA,1,dorothea,
RUNX2,PBX1,1,dorothea,
RUNX2,PIP4K2A,1,dorothea,
RUNX2,PLCB1,1,dorothea,
RUNX2,PTK2,1,dorothea,
RUNX2,PTPRM,1,dorothea,
RUNX2,RBMS3,1,dorothea,
RUNX2,RFTN1,1,dorothea,
RUNX2,SEMA5A,1,dorothea,
RUNX2,SVIL,1,dorothea,
RUNX2,TBXAS1,1,dorothea,
RUNX2,TCF4,1,dorothea,
RUNX2,TIAM2,1,dorothea,
RUNX2,TLE4,1,dorothea,
RUNX2,TNS1,1,dorothea,
RUNX2,TSPAN5,1,dorothea,
RUNX2,WIPF1,1,dorothea,
RXRA,NR1H3,1,dorothea,
RXRA,PLD1,1,dorothea,
RXRA,SREBF1,1,dorothea,
SMAD1,CDKN1A,1,dorothea,
SMAD1,ID2,1,dorothea,
SMAD1,ID3,1,dorothea,
SMAD1,SPP1,1,dorothea,
SMAD1,GDF15,1,dorothea,
SMAD1,ARHGEF3,1,dorothea,
SMAD1,ARID1A,1,dorothea,
SMAD1,CTNNB1,1,dorothea,
SMAD1,IGF2R,1,dorothea,
SMAD1,LYN,1,dorothea,
SMAD1,MRPS27,1,dorothea,
SMAD1,TANC1,1,dorothea,
SMAD1,XPO7,1,dorothea,
SMAD3,AHR,1,dorothea,
SMAD3,ANKRD1,1,dorothea,
SMAD3,COL1A1,1,dorothea,
SMAD3,COL6A1,1,dorothea,
SMAD3,COL7A1,1,dorothea,
SMAD3,EPO,1,dorothea,
SMAD3,GLI2,1,dorothea,
SMAD3,JUN,1,dorothea,
SMAD3,MET,1,dorothea,
SMAD3,MYC,1,dorothea,
SMAD3,POR,1,dorothea,
SMAD3,TIMP1,1,dorothea,
SMAD3,VEGFA,1,dorothea,
SMAD3,ZFP36,1,dorothea,
SMAD4,AHR,1,dorothea,
SMAD4,COL7A1,1,dorothea,
SMAD4,EPO,1,dorothea,
SMAD4,IHH,1,dorothea,
SMAD4,JUN,1,dorothea,
SMAD4,MET,1,dorothea,
SMAD4,MYC,1,dorothea,
SMAD4,POR,1,dorothea,
SMAD4,SMAD7,1,dorothea,
SMAD4,ZFP36,1,dorothea,
SMAD5,ID3,1,dorothea,
SMAD5,ARID1B,1,dorothea,
SMAD5,ATXN2,1,dorothea,
SMAD5,DMTF1,1,dorothea,
SMAD5,HMGB1,1,dorothea,
SMAD5,HNRNPA3,1,dorothea,
SMAD5,NR3C1,1,dorothea,
SMAD5,REV1,1,dorothea,
SMAD5,RHOBTB3,1,dorothea,
SMAD5,SMC4,1,dorothea,
SMAD5,SP3,1,dorothea,
SNAPC4,ANAPC7,1,dorothea,
SNAPC4,BRF1,1,dorothea,
SNAPC4,DNMT1,1,dorothea,
SNAPC4,ELAC2,1,dorothea,
SNAPC4,LRSAM1,1,dorothea,
SNAPC4,MBD3,1,dorothea,
SNAPC4,MYO9B,1,dorothea,
SNAPC4,NUP85,1,dorothea,
SNAPC4,PARP2,1,dorothea,
SNAPC4,PASK,1,dorothea,
SNAPC4,PELP1,1,dorothea,
SNAPC4,PRPF31,1,dorothea,
SNAPC4,QTRT1,1,dorothea,
SNAPC4,RAB40C,1,dorothea,
SNAPC4,RINT1,1,dorothea,
SNAPC4,SCAP,1,dorothea,
SNAPC4,SH2D3A,1,dorothea,
SNAPC4,SPG7,1,dorothea,
SNAPC4,TAB1,1,dorothea,
SNAPC4,TBCD,1,dorothea,
SNAPC4,TECPR1,1,dorothea,
SNAPC4,TMEM259,1,dorothea,
SNAPC4,WDR59,1,dorothea,
SNAPC4,WDR74,1,dorothea,
SNAPC4,ZBTB48,1,dorothea,
SNAPC4,ZNF335,1,dorothea,
SOX11,ANK2,1,dorothea,
SOX11,CACHD1,1,dorothea,
SOX11,DMD,1,dorothea,
SOX11,DOCK4,1,dorothea,
SOX11,DST,1,dorothea,
SOX11,ERC1,1,dorothea,
SOX11,MAP4K4,1,dorothea,
SOX11,MID1,1,dorothea,
SOX11,NEDD4L,1,dorothea,
SOX11,PCLO,1,dorothea,
SOX11,PTK2,1,dorothea,
SOX11,RAPGEF5,1,dorothea,
SOX11,RIMS2,1,dorothea,
SOX11,SOX5,1,dorothea,
SOX11,TANC1,1,dorothea,
SOX11,TEAD1,1,dorothea,
SOX11,ZBTB20,1,dorothea,
SOX13,GSN,1,dorothea,
SOX13,LRP5,1,dorothea,
SOX13,AFF1,1,dorothea,
SOX13,AXIN2,1,dorothea,
SOX13,BMF,1,dorothea,
SOX13,CARD10,1,dorothea,
SOX13,CBX2,1,dorothea,
SOX13,CFLAR,1,dorothea,
SOX13,CLMN,1,dorothea,
SOX13,CTDSP1,1,dorothea,
SOX13,DAB2IP,1,dorothea,
SOX13,DUSP6,1,dorothea,
SOX13,FOXP1,1,dorothea,
SOX13,FRY,1,dorothea,
SOX13,GPRC5C,1,dorothea,
SOX13,JAG1,1,dorothea,
SOX13,KIAA1217,1,dorothea,
SOX13,LIMD1,1,dorothea,
SOX13,MAP4K4,1,dorothea,
SOX13,MTSS1,1,dorothea,
SOX13,NID1,1,dorothea,
SOX13,NR2F2,1,dorothea,
SOX13,PIK3R1,1,dorothea,
SOX13,PIM1,1,dorothea,
SOX13,PTP4A1,1,dorothea,
SOX13,RCAN1,1,dorothea,
SOX13,RERE,1,dorothea,
SOX13,RGS12,1,dorothea,
SOX13,SCARB1,1,dorothea,
SOX13,SERPINA1,1,dorothea,
SOX13,SORBS3,1,dorothea,
SOX13,SOX5,1,dorothea,
SOX13,SOX6,1,dorothea,
SOX13,TGIF1,1,dorothea,
SOX13,TTLL4,1,dorothea,
SOX2,CCND1,1,dorothea,
SOX2,DLGAP1,1,dorothea,
SOX2,GLI2,1,dorothea,
SOX2,HHAT,1,dorothea,
SOX2,NANOG,1,dorothea,
SOX6,ANK3,1,dorothea,
SOX6,APLF,1,dorothea,
SOX6,ATP2B4,1,dorothea,
SOX6,BCOR,1,dorothea,
SOX6,DNAJC6,1,dorothea,
SOX6,DUSP10,1,dorothea,
SOX6,EPB41L2,1,dorothea,
SOX6,GTDC1,1,dorothea,
SOX6,LDLR,1,dorothea,
SOX6,LYN,1,dorothea,
SOX6,MAGI1,1,dorothea,
SOX6,NEK5,1,dorothea,
SOX6,NFASC,1,dorothea,
SOX6,PARD3B,1,dorothea,
SOX6,PIP5K1B,1,dorothea,
SOX6,PLLP,1,dorothea,
SOX6,PPFIBP2,1,dorothea,
SOX6,SCARB1,1,dorothea,
SOX6,SMAD3,1,dorothea,
SOX6,SOX5,1,dorothea,
SOX6,STXBP5,1,dorothea,
SOX6,TBC1D14,1,dorothea,
SOX6,TGIF1,1,dorothea,
SOX6,UTRN,1,dorothea,
SOX9,CEACAM1,1,dorothea,
SOX9,CLDN7,1,dorothea,
SP1,ACAN,1,dorothea,
SP1,ACTA1,1,dorothea,
SP1,ACTC1,1,dorothea,
SP1,ADA,1,dorothea,
SP1,AGT,1,dorothea,
SP1,ALDOA,1,dorothea,
SP1,APOA1,1,dorothea,
SP1,APOE,1,dorothea,
SP1,ATF2,1,dorothea,
SP1,ATM,1,dorothea,
SP1,BAX,1,dorothea,
SP1,BIRC5,1,dorothea,
SP1,BRCA1,1,dorothea,
SP1,C1QBP,1,dorothea,
SP1,CAT,1,dorothea,
SP1,CAV1,1,dorothea,
SP1,CCK,1,dorothea,
SP1,CD83,1,dorothea,
SP1,CD9,1,dorothea,
SP1,CDC25C,1,dorothea,
SP1,CDH3,1,dorothea,
SP1,CDK1,1,dorothea,
SP1,CDKN2D,1,dorothea,
SP1,CENPW,1,dorothea,
SP1,COL18A1,1,dorothea,
SP1,COL1A1,-1,dorothea,
SP1,COL1A2,1,dorothea,
SP1,COL7A1,1,dorothea,
SP1,CRMP1,-1,dorothea,
SP1,CSNK2A1,1,dorothea,
SP1,CTSD,1,dorothea,
SP1,CYP11A1,1,dorothea,
SP1,CYP19A1,1,dorothea,
SP1,CYP3A5,1,dorothea,
SP1,DCK,1,dorothea,
SP1,DRG2,1,dorothea,
SP1,ETS2,1,dorothea,
SP1,F10,1,dorothea,
SP1,F2R,1,dorothea,
SP1,F3,1,dorothea,
SP1,F7,1,dorothea,
SP1,FES,1,dorothea,
SP1,FN1,1,dorothea,
SP1,FOS,1,dorothea,
SP1,FOSL1,1,dorothea,
SP1,FURIN,1,dorothea,
SP1,HMGA2,1,dorothea,
SP1,HNF4A,1,dorothea,
SP1,HSPA1A,1,dorothea,
SP1,HSPB1,1,dorothea,
SP1,IER3,1,dorothea,
SP1,IFNGR1,1,dorothea,
SP1,IGF1R,1,dorothea,
SP1,IGFBP4,1,dorothea,
SP1,IMPDH2,1,dorothea,
SP1,ITGA2,1,dorothea,
SP1,JUN,1,dorothea,
SP1,KIT,1,dorothea,
SP1,KLF8,1,dorothea,
SP1,KRT18,1,dorothea,
SP1,LCAT,1,dorothea,
SP1,MAOB,1,dorothea,
SP1,MCL1,1,dorothea,
SP1,MCTS1,1,dorothea,
SP1,MME,1,dorothea,
SP1,MPG,1,dorothea,
SP1,MYBL2,1,dorothea,
SP1,MYC,1,dorothea,
SP1,NFKB2,1,dorothea,
SP1,NOL7,1,dorothea,
SP1,NPY,1,dorothea,
SP1,NQO2,1,dorothea,
SP1,NR3C1,1,dorothea,
SP1,ODC1,1,dorothea,
SP1,PAX6,1,dorothea,
SP1,PCNA,1,dorothea,
SP1,PDE6A,1,dorothea,
SP1,PDGFB,1,dorothea,
SP1,PDGFC,1,dorothea,
SP1,PDHA1,1,dorothea,
SP1,PIM1,1,dorothea,
SP1,POLB,-1,dorothea,
SP1,PROC,1,dorothea,
SP1,PSEN1,1,dorothea,
SP1,PTN,1,dorothea,
SP1,RB1,1,dorothea,
SP1,REL,1,dorothea,
SP1,RNLS,1,dorothea,
SP1,SLC25A5,1,dorothea,
SP1,SMAD4,1,dorothea,
SP1,SPP1,1,dorothea,
SP1,SPRY2,1,dorothea,
SP1,SRC,1,dorothea,
SP1,STAR,1,dorothea,
SP1,STK11,1,dorothea,
SP1,TCN2,1,dorothea,
SP1,TFPI2,1,dorothea,
SP1,TGFBR2,1,dorothea,
SP1,TIMP2,1,dorothea,
SP1,TINF2,1,dorothea,
SP1,TNNC1,1,dorothea,
SP1,TP53,1,dorothea,
SP1,TPI1,1,dorothea,
SP1,TPMT,1,dorothea,
SP1,TYMS,1,dorothea,
SP1,UBC,1,dorothea,
SP1,UNG,1,dorothea,
SP2,ARHGEF1,1,dorothea,
SP2,BCAS3,1,dorothea,
SP2,CHD8,1,dorothea,
SP2,HNRNPUL1,1,dorothea,
SP2,JUP,1,dorothea,
SP2,MIA3,1,dorothea,
SP2,MON1B,1,dorothea,
SP2,NFYC,1,dorothea,
SP2,NUP214,1,dorothea,
SP2,RERE,1,dorothea,
SP2,RFWD3,1,dorothea,
SP2,SAP130,1,dorothea,
SP2,SCAF8,1,dorothea,
SP2,SOD2,1,dorothea,
SP2,USP16,1,dorothea,
SP2,ZSCAN25,1,dorothea,
SP3,CCND1,1,dorothea,
SP3,CD83,1,dorothea,
SP3,CDKN2D,1,dorothea,
SP3,COL1A1,1,dorothea,
SP3,CTSB,1,dorothea,
SP3,CYP3A5,1,dorothea,
SP3,F2,1,dorothea,
SP3,F2R,1,dorothea,
SP3,HMGA2,1,dorothea,
SP3,ITGA2,1,dorothea,
SP3,ITGAV,1,dorothea,
SP3,LCAT,1,dorothea,
SP3,MAOB,1,dorothea,
SP3,MMP2,1,dorothea,
SP3,MYC,1,dorothea,
SP3,PLAUR,1,dorothea,
SP3,SLC1A3,1,dorothea,
SP3,TCN2,1,dorothea,
SP3,TIMP1,1,dorothea,
SP3,TIMP2,1,dorothea,
SP3,TPMT,1,dorothea,
SP3,UBC,1,dorothea,
SP3,VEGFA,1,dorothea,
SP4,CCND1,1,dorothea,
SP4,PDE6B,1,dorothea,
SP4,RNF38,1,dorothea,
SP4,ZNF131,1,dorothea,
SP4,APOE,1,dorothea,
SP4,ASAH1,1,dorothea,
SP4,BAZ2B,1,dorothea,
SP4,CDC42EP4,1,dorothea,
SP4,CFL1,1,dorothea,
SP4,DDX54,1,dorothea,
SP4,DLC1,1,dorothea,
SP4,FCHO1,1,dorothea,
SP4,GPR137,1,dorothea,
SP4,GTF2A1,1,dorothea,
SP4,HNRNPA3,1,dorothea,
SP4,HYOU1,1,dorothea,
SP4,ILF3,1,dorothea,
SP4,JADE1,1,dorothea,
SP4,KANSL1,1,dorothea,
SP4,LTBP4,1,dorothea,
SP4,MAD2L2,1,dorothea,
SP4,MAN2A1,1,dorothea,
SP4,MAT2B,1,dorothea,
SP4,MGA,1,dorothea,
SP4,MUS81,1,dorothea,
SP4,MXI1,1,dorothea,
SP4,MYADM,1,dorothea,
SP4,NFYC,1,dorothea,
SP4,NMT2,1,dorothea,
SP4,NR1H2,1,dorothea,
SP4,PCM1,1,dorothea,
SP4,PSIP1,1,dorothea,
SP4,PTPN4,1,dorothea,
SP4,RABEP2,1,dorothea,
SP4,RERE,1,dorothea,
SP4,SAP130,1,dorothea,
SP4,SLC12A5,1,dorothea,
SP4,SLC1A5,1,dorothea,
SP4,SNX8,1,dorothea,
SP4,SP3,1,dorothea,
SP4,STAG2,1,dorothea,
SP4,SYDE2,1,dorothea,
SP4,TMEM18,1,dorothea,
SP4,TRPM7,1,dorothea,
SP4,TSPAN9,1,dorothea,
SPIB,PRDM1,1,dorothea,
SPIB,XBP1,1,dorothea,
SPIB,ARHGAP24,1,dorothea,
SPIB,BBS9,1,dorothea,
SPIB,BCL11A,1,dorothea,
SPIB,BHLHE40,1,dorothea,
SPIB,CCDC88C,1,dorothea,
SPIB,CDYL,1,dorothea,
SPIB,CNTN4,1,dorothea,
SPIB,DLGAP1,1,dorothea,
SPIB,DTNB,1,dorothea,
SPIB,ECE1,1,dorothea,
SPIB,ELMO1,1,dorothea,
SPIB,GMDS,1,dorothea,
SPIB,ITPR1,1,dorothea,
SPIB,KDM4C,1,dorothea,
SPIB,NDRG1,1,dorothea,
SPIB,NUP210,1,dorothea,
SPIB,PPFIBP2,1,dorothea,
SPIB,RAPGEF1,1,dorothea,
SPIB,RASSF2,1,dorothea,
SPIB,RFX3,1,dorothea,
SPIB,SP110,1,dorothea,
SPIB,ST14,1,dorothea,
SPIB,SYNE2,1,dorothea,
SPIB,TBC1D4,1,dorothea,
SPIB,TNFAIP8,1,dorothea,
SPIB,UCP2,1,dorothea,
SPIB,VOPP1,1,dorothea,
SPIB,WNK1,1,dorothea,
SPIB,ZNF608,1,dorothea,
SREBF1,ACACA,1,dorothea,
SREBF1,ACACB,1,dorothea,
SREBF1,FASN,1,dorothea,
SREBF1,FDFT1,1,dorothea,
SREBF1,FDPS,1,dorothea,
SREBF1,HK2,1,dorothea,
SREBF1,HMGCR,1,dorothea,
SREBF1,HMGCS1,1,dorothea,
SREBF1,HMOX1,1,dorothea,
SREBF1,INSIG1,1,dorothea,
SREBF1,NPC1,1,dorothea,
SREBF1,PCYT2,1,dorothea,
SREBF1,PIK3R3,1,dorothea,
SREBF1,SCD,1,dorothea,
SREBF1,SLC2A4,1,dorothea,
SREBF1,SQLE,1,dorothea,
SREBF2,ACLY,1,dorothea,
SREBF2,EBP,1,dorothea,
SREBF2,FDFT1,1,dorothea,
SREBF2,INSIG1,1,dorothea,
SREBF2,PCYT2,1,dorothea,
SREBF2,SQLE,1,dorothea,
SREBF2,STARD4,1,dorothea,
SRF,ACTA1,1,dorothea,
SRF,ACTB,1,dorothea,
SRF,ACTC1,1,dorothea,
SRF,DMD,1,dorothea,
SRF,EGR1,1,dorothea,
STAT1,A2M,1,dorothea,
STAT1,ADAR,1,dorothea,
STAT1,AGFG2,-1,dorothea,
STAT1,AOX1,1,dorothea,
STAT1,APOE,1,dorothea,
STAT1,APP,1,dorothea,
STAT1,ATG4C,1,dorothea,
STAT1,B3GAT3,1,dorothea,
STAT1,BAX,1,dorothea,
STAT1,BCL6,1,dorothea,
STAT1,BRD8,1,dorothea,
STAT1,BST2,1,dorothea,
STAT1,CCL2,1,dorothea,
STAT1,CCND1,1,dorothea,
STAT1,CCND2,1,dorothea,
STAT1,CCND3,1,dorothea,
STAT1,CDC7,-1,dorothea,
STAT1,COL1A1,1,dorothea,
STAT1,COL1A2,1,dorothea,
STAT1,CREM,1,dorothea,
STAT1,CTSB,1,dorothea,
STAT1,CTSL,1,dorothea,
STAT1,CYP19A1,1,dorothea,
STAT1,DCLRE1C,1,dorothea,
STAT1,DDX50,1,dorothea,
STAT1,DIMT1,1,dorothea,
STAT1,DUOX2,1,dorothea,
STAT1,EARS2,1,dorothea,
STAT1,EDEM2,1,dorothea,
STAT1,EGFR,1,dorothea,
STAT1,EGLN3,1,dorothea,
STAT1,EIF2AK1,1,dorothea,
STAT1,EIF2AK2,1,dorothea,
STAT1,EIF2AK3,1,dorothea,
STAT1,ELP3,1,dorothea,
STAT1,FBXO5,1,dorothea,
STAT1,FOS,1,dorothea,
STAT1,GATA3,1,dorothea,
STAT1,GLS,1,dorothea,
STAT1,GREB1,1,dorothea,
STAT1,GSTK1,1,dorothea,
STAT1,HCFC1,-1,dorothea,
STAT1,HDAC7,1,dorothea,
STAT1,HSPB1,1,dorothea,
STAT1,IDO1,1,dorothea,
STAT1,IFI35,1,dorothea,
STAT1,IFI6,1,dorothea,
STAT1,IFIT1,1,dorothea,
STAT1,IFIT3,1,dorothea,
STAT1,IFITM1,1,dorothea,
STAT1,IFITM3,1,dorothea,
STAT1,IFNLR1,1,dorothea,
STAT1,IGF1,1,dorothea,
STAT1,IGFLR1,1,dorothea,
STAT1,IL18BP,1,dorothea,
STAT1,IL1R1,1,dorothea,
STAT1,IL6ST,1,dorothea,
STAT1,INO80,1,dorothea,
STAT1,IRF2,1,dorothea,
STAT1,IRF9,1,dorothea,
STAT1,ISG15,1,dorothea,
STAT1,ISG20,1,dorothea,
STAT1,JUN,1,dorothea,
STAT1,JUNB,1,dorothea,
STAT1,KIF2A,1,dorothea,
STAT1,LAP3,1,dorothea,
STAT1,MAN1A1,1,dorothea,
STAT1,MAT2A,1,dorothea,
STAT1,MCL1,1,dorothea,
STAT1,MED16,1,dorothea,
STAT1,MET,1,dorothea,
STAT1,MTMR9,1,dorothea,
STAT1,MX1,1,dorothea,
STAT1,MYC,1,dorothea,
STAT1,MYD88,1,dorothea,
STAT1,NAA35,-1,dorothea,
STAT1,NMI,1,dorothea,
STAT1,PARP14,1,dorothea,
STAT1,PIM1,1,dorothea,
STAT1,PLSCR1,1,dorothea,
STAT1,PPIP5K2,1,dorothea,
STAT1,PROS1,1,dorothea,
STAT1,PTTG1IP,1,dorothea,
STAT1,PWP2,1,dorothea,
STAT1,RBAK,1,dorothea,
STAT1,REV3L,1,dorothea,
STAT1,RIPK1,1,dorothea,
STAT1,RNF213,1,dorothea,
STAT1,SCARB1,1,dorothea,
STAT1,SEMA4B,1,dorothea,
STAT1,SMARCA4,1,dorothea,
STAT1,SOCS2,1,dorothea,
STAT1,SOCS3,1,dorothea,
STAT1,SOCS4,1,dorothea,
STAT1,SOCS5,1,dorothea,
STAT1,SOCS6,1,dorothea,
STAT1,SOCS7,1,dorothea,
STAT1,STAT3,1,dorothea,
STAT1,TAP1,1,dorothea,
STAT1,TFF1,1,dorothea,
STAT1,TIMP1,1,dorothea,
STAT1,TRIM25,1,dorothea,
STAT1,UBR1,1,dorothea,
STAT1,VEGFA,1,dorothea,
STAT1,VPS33B,1,dorothea,
STAT1,ZC3HAV1,1,dorothea,
STAT1,ZFP1,1,dorothea,
STAT1,ZFP30,1,dorothea,
STAT1,ZNF107,1,dorothea,
STAT1,ZNF112,1,dorothea,
STAT1,ZNF114,1,dorothea,
STAT1,ZNF12,1,dorothea,
STAT1,ZNF124,1,dorothea,
STAT1,ZNF140,1,dorothea,
STAT1,ZNF155,1,dorothea,
STAT1,ZNF169,1,dorothea,
STAT1,ZNF175,1,dorothea,
STAT1,ZNF181,1,dorothea,
STAT1,ZNF184,1,dorothea,
STAT1,ZNF19,1,dorothea,
STAT1,ZNF200,1,dorothea,
STAT1,ZNF222,1,dorothea,
STAT1,ZNF226,1,dorothea,
STAT1,ZNF227,1,dorothea,
STAT1,ZNF23,1,dorothea,
STAT1,ZNF230,1,dorothea,
STAT1,ZNF235,1,dorothea,
STAT1,ZNF251,1,dorothea,
STAT1,ZNF254,1,dorothea,
STAT1,ZNF267,1,dorothea,
STAT1,ZNF268,1,dorothea,
STAT1,ZNF273,1,dorothea,
STAT1,ZNF282,1,dorothea,
STAT1,ZNF302,1,dorothea,
STAT1,ZNF331,1,dorothea,
STAT1,ZNF333,1,dorothea,
STAT1,ZNF337,1,dorothea,
STAT1,ZNF33B,1,dorothea,
STAT1,ZNF343,1,dorothea,
STAT1,ZNF354A,1,dorothea,
STAT1,ZNF398,1,dorothea,
STAT1,ZNF417,1,dorothea,
STAT1,ZNF418,1,dorothea,
STAT1,ZNF419,1,dorothea,
STAT1,ZNF460,1,dorothea,
STAT1,ZNF490,1,dorothea,
STAT1,ZNF510,1,dorothea,
STAT1,ZNF519,1,dorothea,
STAT1,ZNF529,1,dorothea,
STAT1,ZNF546,1,dorothea,
STAT1,ZNF550,1,dorothea,
STAT1,ZNF567,1,dorothea,
STAT1,ZNF585A,1,dorothea,
STAT1,ZNF589,1,dorothea,
STAT1,ZNF596,1,dorothea,
STAT1,ZNF599,1,dorothea,
STAT1,ZNF613,1,dorothea,
STAT1,ZNF619,1,dorothea,
STAT1,ZNF630,1,dorothea,
STAT1,ZNF655,1,dorothea,
STAT1,ZNF669,1,dorothea,
STAT1,ZNF670,1,dorothea,
STAT1,ZNF680,1,dorothea,
STAT1,ZNF689,1,dorothea,
STAT1,ZNF721,1,dorothea,
STAT1,ZNF746,1,dorothea,
STAT1,ZNF764,1,dorothea,
STAT1,ZNF778,1,dorothea,
STAT1,ZNF782,1,dorothea,
STAT1,ZNF786,1,dorothea,
STAT1,ZNF79,1,dorothea,
STAT1,ZNF8,1,dorothea,
STAT1,ZNF81,1,dorothea,
STAT1,ZNF84,1,dorothea,
STAT1,ZNF860,1,dorothea,
STAT1,ZNF879,1,dorothea,
STAT2,BST2,1,dorothea,
STAT2,CFB,1,dorothea,
STAT2,IFIT3,1,dorothea,
STAT2,IRF7,1,dorothea,
STAT2,MX1,1,dorothea,
STAT2,PML,1,dorothea,
STAT2,ADAR,1,dorothea,
STAT2,ATP13A1,1,dorothea,
STAT2,CMTR1,1,dorothea,
STAT2,DTX3L,1,dorothea,
STAT2,EIF2AK2,1,dorothea,
STAT2,EPSTI1,1,dorothea,
STAT2,FAM111A,1,dorothea,
STAT2,IFI35,1,dorothea,
STAT2,ISG15,1,dorothea,
STAT2,MOV10,1,dorothea,
STAT2,MYD88,1,dorothea,
STAT2,PARP14,1,dorothea,
STAT2,PARP9,1,dorothea,
STAT2,PIM1,1,dorothea,
STAT2,PSMB8,1,dorothea,
STAT2,SP110,1,dorothea,
STAT2,STAT1,1,dorothea,
STAT2,TRIM21,1,dorothea,
STAT2,TRIM56,1,dorothea,
STAT2,USF1,1,dorothea,
STAT3,A2M,1,dorothea,
STAT3,CCND2,1,dorothea,
STAT3,COPS5,1,dorothea,
STAT3,CYP19A1,1,dorothea,
STAT3,IGF1,1,dorothea,
STAT3,IL6ST,1,dorothea,
STAT3,LBP,1,dorothea,
STAT3,MYD88,1,dorothea,
STAT3,NNMT,1,dorothea,
STAT3,RNLS,1,dorothea,
STAT3,ROR1,1,dorothea,
STAT3,RORA,1,dorothea,
STAT3,SAA1,1,dorothea,
STAT3,TP53,1,dorothea,
STAT3,VEGFB,1,dorothea,
STAT4,IRF1,1,dorothea,
STAT4,PIM1,1,dorothea,
STAT4,CCND2,1,dorothea,
STAT5B,CCND1,1,dorothea,
STAT5B,CCND3,1,dorothea,
STAT5B,IL6ST,1,dorothea,
STAT5B,PIM1,1,dorothea,
STAT6,BCL2L1,1,dorothea,
STAT6,IRF1,1,dorothea,
TBP,APP,1,dorothea,
TBP,CDKN1A,1,dorothea,
TBP,FN1,1,dorothea,
TBP,MYC,1,dorothea,
TBP,PMF1,1,dorothea,
TBP,ACTB,1,dorothea,
TBP,ABT1,1,dorothea,
TBP,ANXA2,1,dorothea,
TBP,BSG,1,dorothea,
TBP,CFLAR,1,dorothea,
TBP,DIO2,1,dorothea,
TBP,DNAJB12,1,dorothea,
TBP,FBXL5,1,dorothea,
TBP,HBP1,1,dorothea,
TBP,HIVEP1,1,dorothea,
TBP,IER5,1,dorothea,
TBP,ITPR1,1,dorothea,
TBP,KDM2A,1,dorothea,
TBP,KIAA1522,1,dorothea,
TBP,KLF6,1,dorothea,
TBP,LIMA1,1,dorothea,
TBP,LUC7L2,1,dorothea,
TBP,NCOR2,1,dorothea,
TBP,PICALM,1,dorothea,
TBP,PNKP,1,dorothea,
TBP,PRPF31,1,dorothea,
TBP,PRRC2B,1,dorothea,
TBP,RABGAP1L,1,dorothea,
TBP,SAMD4A,1,dorothea,
TBP,SEC22C,1,dorothea,
TBP,SMTN,1,dorothea,
TBP,ST6GAL1,1,dorothea,
TBP,TGIF1,1,dorothea,
TBP,THUMPD3,1,dorothea,
TBP,USP3,1,dorothea,
TBP,USP45,1,dorothea,
TBP,ZMYND8,1,dorothea,
TCF12,ERC1,1,dorothea,
TCF12,PPP3CA,1,dorothea,
TCF12,WWTR1,1,dorothea,
TCF12,ABLIM1,1,dorothea,
TCF12,ABR,1,dorothea,
TCF12,ANTXR2,1,dorothea,
TCF12,ARHGEF3,1,dorothea,
TCF12,ARID1B,1,dorothea,
TCF12,BNC2,1,dorothea,
TCF12,CAST,1,dorothea,
TCF12,CCDC12,1,dorothea,
TCF12,CHD9,1,dorothea,
TCF12,CLIP2,1,dorothea,
TCF12,CNIH3,1,dorothea,
TCF12,CRIM1,1,dorothea,
TCF12,CTNNA1,1,dorothea,
TCF12,DAAM1,1,dorothea,
TCF12,DIP2C,1,dorothea,
TCF12,DPYSL2,1,dorothea,
TCF12,FNDC3B,1,dorothea,
TCF12,FOXP1,1,dorothea,
TCF12,FTO,1,dorothea,
TCF12,GAS7,1,dorothea,
TCF12,IQGAP2,1,dorothea,
TCF12,ITPR2,1,dorothea,
TCF12,JARID2,1,dorothea,
TCF12,JAZF1,1,dorothea,
TCF12,KDM2B,1,dorothea,
TCF12,KLF13,1,dorothea,
TCF12,LIMCH1,1,dorothea,
TCF12,LIMS1,1,dorothea,
TCF12,LPP,1,dorothea,
TCF12,LRCH1,1,dorothea,
TCF12,LTBP1,1,dorothea,
TCF12,MACF1,1,dorothea,
TCF12,MBNL1,1,dorothea,
TCF12,MED15,1,dorothea,
TCF12,NFIB,1,dorothea,
TCF12,NRP2,1,dorothea,
TCF12,PALLD,1,dorothea,
TCF12,PARD3B,1,dorothea,
TCF12,PC,1,dorothea,
TCF12,PDE4D,1,dorothea,
TCF12,PLCB1,1,dorothea,
TCF12,PLXNA2,1,dorothea,
TCF12,PRICKLE2,1,dorothea,
TCF12,PRKCE,1,dorothea,
TCF12,PRRC2B,1,dorothea,
TCF12,PTK2,1,dorothea,
TCF12,PTPRK,1,dorothea,
TCF12,RBMS3,1,dorothea,
TCF12,RBPJ,1,dorothea,
TCF12,SERTAD2,1,dorothea,
TCF12,SH3RF1,1,dorothea,
TCF12,SLC37A1,1,dorothea,
TCF12,SPATS2L,1,dorothea,
TCF12,SVIL,1,dorothea,
TCF12,TBC1D1,1,dorothea,
TCF12,TCF4,1,dorothea,
TCF12,TEAD1,1,dorothea,
TCF12,THADA,1,dorothea,
TCF12,TIAM2,1,dorothea,
TCF12,TNRC6B,1,dorothea,
TCF12,VGLL4,1,dorothea,
TCF12,WIPF1,1,dorothea,
TCF12,WWC1,1,dorothea,
TCF12,ZBTB38,1,dorothea,
TCF12,ZDHHC14,1,dorothea,
TCF12,ZFHX3,1,dorothea,
TCF12,ZNF608,1,dorothea,
TCF3,ANP32A,1,dorothea,
TCF3,AXIN1,1,dorothea,
TCF3,KDM2B,1,dorothea,
TCF3,MAD1L1,1,dorothea,
TCF3,MED15,1,dorothea,
TCF3,NUP210,1,dorothea,
TCF3,PIEZO1,1,dorothea,
TCF3,SLC37A1,1,dorothea,
TCF3,VAV2,1,dorothea,
TCF4,CD44,1,dorothea,
TCF4,HDAC7,1,dorothea,
TCF4,NOL4L,1,dorothea,
TCF4,SPTBN1,1,dorothea,
TCF4,ADD3,1,dorothea,
TCF4,ARID5B,1,dorothea,
TCF4,ASAP2,1,dorothea,
TCF4,ATP8B1,1,dorothea,
TCF4,CD9,1,dorothea,
TCF4,CDK6,1,dorothea,
TCF4,CEP112,1,dorothea,
TCF4,CHN2,1,dorothea,
TCF4,DAAM1,1,dorothea,
TCF4,EHBP1,1,dorothea,
TCF4,EPB41L1,1,dorothea,
TCF4,EPB41L2,1,dorothea,
TCF4,ERI3,1,dorothea,
TCF4,FOXP1,1,dorothea,
TCF4,GLS,1,dorothea,
TCF4,GOLIM4,1,dorothea,
TCF4,KIAA1522,1,dorothea,
TCF4,LIMA1,1,dorothea,
TCF4,LIMCH1,1,dorothea,
TCF4,LNX1,1,dorothea,
TCF4,MAML2,1,dorothea,
TCF4,MEF2C,1,dorothea,
TCF4,OXR1,1,dorothea,
TCF4,PCDH1,1,dorothea,
TCF4,PHACTR2,1,dorothea,
TCF4,PLCB1,1,dorothea,
TCF4,PRR5L,1,dorothea,
TCF4,SLC25A28,1,dorothea,
TCF4,SPRED2,1,dorothea,
TCF4,ST14,1,dorothea,
TCF4,TBL1XR1,1,dorothea,
TCF4,TEAD1,1,dorothea,
TCF4,TGIF1,1,dorothea,
TCF4,TMEM131,1,dorothea,
TCF4,TRIO,1,dorothea,
TCF4,TRPS1,1,dorothea,
TCF4,USP3,1,dorothea,
TCF4,UTRN,1,dorothea,
TCF4,YAP1,1,dorothea,
TCF4,ZNF608,1,dorothea,
TCF7,AXIN2,1,dorothea,
TCF7,BIRC5,1,dorothea,
TCF7,CCND2,1,dorothea,
TCF7,KIAA1217,1,dorothea,
TCF7,TCF3,1,dorothea,
TCF7,ANKRD28,1,dorothea,
TCF7,ANTXR2,1,dorothea,
TCF7,CCND1,1,dorothea,
TCF7,CDK17,1,dorothea,
TCF7,CDYL,1,dorothea,
TCF7,CORO1C,1,dorothea,
TCF7,CPPED1,1,dorothea,
TCF7,CREM,1,dorothea,
TCF7,DMD,1,dorothea,
TCF7,DST,1,dorothea,
TCF7,DTNB,1,dorothea,
TCF7,GTF2F2,1,dorothea,
TCF7,HBS1L,1,dorothea,
TCF7,KCNK1,1,dorothea,
TCF7,MAP3K1,1,dorothea,
TCF7,NUMB,1,dorothea,
TCF7,PDE7A,1,dorothea,
TCF7,PHACTR1,1,dorothea,
TCF7,PLEC,1,dorothea,
TCF7,PRR5L,1,dorothea,
TCF7,QPCT,1,dorothea,
TCF7,RBPJ,1,dorothea,
TCF7,RGS6,1,dorothea,
TCF7,RTN4,1,dorothea,
TCF7,SOX6,1,dorothea,
TCF7,SP100,1,dorothea,
TCF7,TGFBR3,1,dorothea,
TCF7,TNFRSF19,1,dorothea,
TCF7,TRIO,1,dorothea,
TCF7,USP48,1,dorothea,
TCF7,WNK1,1,dorothea,
TCF7,ZBTB20,1,dorothea,
TCF7L2,AXIN2,1,dorothea,
TCF7L2,CCND1,1,dorothea,
TCF7L2,CD44,1,dorothea,
TCF7L2,CTNNB1,1,dorothea,
TCF7L2,GLCE,1,dorothea,
TCF7L2,GLI2,1,dorothea,
TCF7L2,MYC,1,dorothea,
TCF7L2,STAT3,1,dorothea,
TCF7L2,TCF7,1,dorothea,
TCF7L2,VIM,-1,dorothea,
TEAD1,AMOTL2,1,dorothea,
TEAD1,GTDC1,1,dorothea,
TEAD1,OSBPL9,1,dorothea,
TEAD1,SORBS2,1,dorothea,
TEAD1,TACC1,1,dorothea,
TEAD1,AFAP1,1,dorothea,
TEAD1,AHNAK,1,dorothea,
TEAD1,ANK3,1,dorothea,
TEAD1,ANO6,1,dorothea,
TEAD1,APBB2,1,dorothea,
TEAD1,ARHGAP24,1,dorothea,
TEAD1,ARHGAP29,1,dorothea,
TEAD1,ARHGAP35,1,dorothea,
TEAD1,ARNT2,1,dorothea,
TEAD1,ASAP1,1,dorothea,
TEAD1,ASAP2,1,dorothea,
TEAD1,BCAR3,1,dorothea,
TEAD1,CALD1,1,dorothea,
TEAD1,CAMK2D,1,dorothea,
TEAD1,CAPN2,1,dorothea,
TEAD1,CAST,1,dorothea,
TEAD1,CLIP4,1,dorothea,
TEAD1,CNOT1,1,dorothea,
TEAD1,CRIM1,1,dorothea,
TEAD1,CTNNA1,1,dorothea,
TEAD1,DAAM1,1,dorothea,
TEAD1,DLC1,1,dorothea,
TEAD1,DLGAP1,1,dorothea,
TEAD1,DNMBP,1,dorothea,
TEAD1,DST,1,dorothea,
TEAD1,EGFR,1,dorothea,
TEAD1,EML1,1,dorothea,
TEAD1,EXT1,1,dorothea,
TEAD1,FAM160A1,1,dorothea,
TEAD1,FAT1,1,dorothea,
TEAD1,FEZ2,1,dorothea,
TEAD1,FHL2,1,dorothea,
TEAD1,FLNB,1,dorothea,
TEAD1,FMN2,1,dorothea,
TEAD1,FRMD6,1,dorothea,
TEAD1,FTO,1,dorothea,
TEAD1,GMDS,1,dorothea,
TEAD1,GULP1,1,dorothea,
TEAD1,ITGB1,1,dorothea,
TEAD1,ITSN1,1,dorothea,
TEAD1,KDM4C,1,dorothea,
TEAD1,KIF13A,1,dorothea,
TEAD1,KTN1,1,dorothea,
TEAD1,LAMC1,1,dorothea,
TEAD1,LAMC2,1,dorothea,
TEAD1,LIMCH1,1,dorothea,
TEAD1,LPP,1,dorothea,
TEAD1,MACF1,1,dorothea,
TEAD1,MAML2,1,dorothea,
TEAD1,MBNL1,1,dorothea,
TEAD1,MBNL2,1,dorothea,
TEAD1,MICAL2,1,dorothea,
TEAD1,MYLK,1,dorothea,
TEAD1,NAIP,1,dorothea,
TEAD1,NAV2,1,dorothea,
TEAD1,NDST1,1,dorothea,
TEAD1,NEK7,1,dorothea,
TEAD1,NRP2,1,dorothea,
TEAD1,NRXN3,1,dorothea,
TEAD1,PALLD,1,dorothea,
TEAD1,PAM,1,dorothea,
TEAD1,PARD3B,1,dorothea,
TEAD1,PBX1,1,dorothea,
TEAD1,PCYT1A,1,dorothea,
TEAD1,PDE4D,1,dorothea,
TEAD1,PDGFC,1,dorothea,
TEAD1,PDLIM5,1,dorothea,
TEAD1,PRICKLE2,1,dorothea,
TEAD1,PRKAG2,1,dorothea,
TEAD1,PRUNE2,1,dorothea,
TEAD1,PTPN14,1,dorothea,
TEAD1,PTPRM,1,dorothea,
TEAD1,RAPGEF2,1,dorothea,
TEAD1,RARB,1,dorothea,
TEAD1,RASAL2,1,dorothea,
TEAD1,RB1CC1,1,dorothea,
TEAD1,RBMS1,1,dorothea,
TEAD1,RBMS3,1,dorothea,
TEAD1,RERE,1,dorothea,
TEAD1,RTN4,1,dorothea,
TEAD1,SAMD4A,1,dorothea,
TEAD1,SASH1,1,dorothea,
TEAD1,SCHIP1,1,dorothea,
TEAD1,SEMA3C,1,dorothea,
TEAD1,SH3BP4,1,dorothea,
TEAD1,SHROOM3,1,dorothea,
TEAD1,SMYD3,1,dorothea,
TEAD1,SORBS1,1,dorothea,
TEAD1,SPIDR,1,dorothea,
TEAD1,SPTBN1,1,dorothea,
TEAD1,STARD13,1,dorothea,
TEAD1,SVIL,1,dorothea,
TEAD1,TANC1,1,dorothea,
TEAD1,TCF4,1,dorothea,
TEAD1,TENM3,1,dorothea,
TEAD1,TGFB2,1,dorothea,
TEAD1,TGFBR3,1,dorothea,
TEAD1,TIAM2,1,dorothea,
TEAD1,TLN2,1,dorothea,
TEAD1,TMEM245,1,dorothea,
TEAD1,TRIO,1,dorothea,
TEAD1,UACA,1,dorothea,
TEAD1,UBE2H,1,dorothea,
TEAD1,VPS13D,1,dorothea,
TEAD1,WWC2,1,dorothea,
TEAD1,WWTR1,1,dorothea,
TEAD1,YAP1,1,dorothea,
TEAD2,CCND2,1,dorothea,
TEAD2,AJUBA,1,dorothea,
TEAD2,ASAP3,1,dorothea,
TEAD2,ATP6V1A,1,dorothea,
TEAD2,ATP8B2,1,dorothea,
TEAD2,CFI,1,dorothea,
TEAD2,CTDSP2,1,dorothea,
TEAD2,DHRSX,1,dorothea,
TEAD2,DLGAP4,1,dorothea,
TEAD2,DNAJB5,1,dorothea,
TEAD2,DTNBP1,1,dorothea,
TEAD2,FAM89A,1,dorothea,
TEAD2,GALNT2,1,dorothea,
TEAD2,JMJD1C,1,dorothea,
TEAD2,LAMB2,1,dorothea,
TEAD2,LSM10,1,dorothea,
TEAD2,MAP1S,1,dorothea,
TEAD2,MYL12A,1,dorothea,
TEAD2,PLEKHA4,1,dorothea,
TEAD2,RHBDF1,1,dorothea,
TEAD2,SNRPC,1,dorothea,
TEAD2,SPEG,1,dorothea,
TEAD2,ST3GAL2,1,dorothea,
TEAD2,TBC1D25,1,dorothea,
TEAD2,TRAF4,1,dorothea,
TEAD2,TRIP6,1,dorothea,
TEAD2,VPS37B,1,dorothea,
TEAD4,ANXA2,1,dorothea,
TEAD4,BCAR3,1,dorothea,
TEAD4,BCR,1,dorothea,
TEAD4,CMIP,1,dorothea,
TEAD4,DAB2IP,1,dorothea,
TEAD4,DENND1A,1,dorothea,
TEAD4,DLGAP1,1,dorothea,
TEAD4,ETV6,1,dorothea,
TEAD4,EXT1,1,dorothea,
TEAD4,FGFR2,1,dorothea,
TEAD4,FNDC3B,1,dorothea,
TEAD4,FOXO3,1,dorothea,
TEAD4,GALNT2,1,dorothea,
TEAD4,GLIS3,1,dorothea,
TEAD4,GMDS,1,dorothea,
TEAD4,GTDC1,1,dorothea,
TEAD4,HSPG2,1,dorothea,
TEAD4,IL1R1,1,dorothea,
TEAD4,IQSEC1,1,dorothea,
TEAD4,ITPR1,1,dorothea,
TEAD4,KAZN,1,dorothea,
TEAD4,KDM4C,1,dorothea,
TEAD4,KRT18,1,dorothea,
TEAD4,LITAF,1,dorothea,
TEAD4,MACF1,1,dorothea,
TEAD4,MAML2,1,dorothea,
TEAD4,MAP4K4,1,dorothea,
TEAD4,MID1,1,dorothea,
TEAD4,MPZL1,1,dorothea,
TEAD4,MYH9,1,dorothea,
TEAD4,NEK6,1,dorothea,
TEAD4,PDGFC,1,dorothea,
TEAD4,PDLIM1,1,dorothea,
TEAD4,PHLDB2,1,dorothea,
TEAD4,PHLPP1,1,dorothea,
TEAD4,PICALM,1,dorothea,
TEAD4,PLXNA2,1,dorothea,
TEAD4,PTPRJ,1,dorothea,
TEAD4,RABGAP1L,1,dorothea,
TEAD4,RAI14,1,dorothea,
TEAD4,RBPMS,1,dorothea,
TEAD4,RND3,1,dorothea,
TEAD4,SIK3,1,dorothea,
TEAD4,SORBS2,1,dorothea,
TEAD4,SPIDR,1,dorothea,
TEAD4,STK10,1,dorothea,
TEAD4,TACC2,1,dorothea,
TEAD4,TCF4,1,dorothea,
TEAD4,TGFBI,1,dorothea,
TEAD4,TGM2,1,dorothea,
TEAD4,TIAM2,1,dorothea,
TEAD4,TJP2,1,dorothea,
TEAD4,TLE4,1,dorothea,
TEAD4,TRIM2,1,dorothea,
TEAD4,VMP1,1,dorothea,
TEAD4,ZMYND8,1,dorothea,
TFAP2C,ERBB2,1,dorothea,
TFAP2C,FOXA1,1,dorothea,
TFAP2C,FREM2,1,dorothea,
TFAP2C,GREB1,1,dorothea,
TFAP2C,MMP2,1,dorothea,
TFAP2C,MYC,1,dorothea,
TFAP2C,TFF1,1,dorothea,
TFDP1,CAV1,1,dorothea,
TFDP1,CCNE2,1,dorothea,
TFDP1,CKAP2L,1,dorothea,
TFDP1,HNRNPUL1,1,dorothea,
TFDP1,PTMA,1,dorothea,
TGIF2,AHCY,-1,dorothea,
TGIF2,AKAP1,-1,dorothea,
TGIF2,ASXL1,-1,dorothea,
TGIF2,DPAGT1,-1,dorothea,
TGIF2,FAM102A,-1,dorothea,
TGIF2,HMGXB3,-1,dorothea,
TGIF2,IST1,-1,dorothea,
TGIF2,MSH6,-1,dorothea,
TGIF2,NELFA,-1,dorothea,
TGIF2,NFKB2,-1,dorothea,
TGIF2,OGFR,-1,dorothea,
TGIF2,PRR3,-1,dorothea,
TGIF2,SMOX,-1,dorothea,
TGIF2,TCIRG1,-1,dorothea,
TGIF2,ZBTB2,-1,dorothea,
TGIF2,ZSCAN2,-1,dorothea,
THAP1,FAM20B,1,dorothea,
THAP1,ACAP3,1,dorothea,
THAP1,ARHGDIA,1,dorothea,
THAP1,BCOR,1,dorothea,
THAP1,COL18A1,1,dorothea,
THAP1,CORO2A,1,dorothea,
THAP1,CSNK1D,1,dorothea,
THAP1,CYFIP1,1,dorothea,
THAP1,DOCK6,1,dorothea,
THAP1,EPS8L2,1,dorothea,
THAP1,FGFR3,1,dorothea,
THAP1,FGFRL1,1,dorothea,
THAP1,GAK,1,dorothea,
THAP1,GALE,1,dorothea,
THAP1,GNB1,1,dorothea,
THAP1,GPT2,1,dorothea,
THAP1,GRAMD1A,1,dorothea,
THAP1,HDAC11,1,dorothea,
THAP1,HOOK2,1,dorothea,
THAP1,HSP90AA1,1,dorothea,
THAP1,IER2,1,dorothea,
THAP1,IQSEC1,1,dorothea,
THAP1,MAST3,1,dorothea,
THAP1,MTCL1,1,dorothea,
THAP1,MYO1C,1,dorothea,
THAP1,NCOR2,1,dorothea,
THAP1,PIDD1,1,dorothea,
THAP1,PIEZO1,1,dorothea,
THAP1,PLEC,1,dorothea,
THAP1,PPM1F,1,dorothea,
THAP1,PPP6R1,1,dorothea,
THAP1,RASGEF1A,1,dorothea,
THAP1,RREB1,1,dorothea,
THAP1,RXRA,1,dorothea,
THAP1,SGMS1,1,dorothea,
THAP1,SKI,1,dorothea,
THAP1,STIP1,1,dorothea,
THAP1,SYMPK,1,dorothea,
THAP1,TCF25,1,dorothea,
THAP1,TRABD,1,dorothea,
THAP1,UBTF,1,dorothea,
THAP1,UNKL,1,dorothea,
THAP1,USF2,1,dorothea,
THAP1,YWHAZ,1,dorothea,
THAP1,ZNF276,1,dorothea,
THAP11,CNIH4,-1,dorothea,
THAP11,LSM10,-1,dorothea,
THAP11,PRPF31,-1,dorothea,
THAP11,SLC4A2,-1,dorothea,
THAP11,SNX17,-1,dorothea,
THAP11,TMEM115,-1,dorothea,
THAP11,AP2S1,-1,dorothea,
THAP11,ARPP19,-1,dorothea,
THAP11,ATL3,-1,dorothea,
THAP11,BABAM1,-1,dorothea,
THAP11,BANP,-1,dorothea,
THAP11,BOLA1,-1,dorothea,
THAP11,BUB1B,-1,dorothea,
THAP11,BUB3,-1,dorothea,
THAP11,CALCOCO1,-1,dorothea,
THAP11,CCDC90B,-1,dorothea,
THAP11,CEP128,-1,dorothea,
THAP11,CHCHD3,-1,dorothea,
THAP11,CHCHD4,-1,dorothea,
THAP11,CHRNB1,-1,dorothea,
THAP11,CLDN12,-1,dorothea,
THAP11,CLP1,-1,dorothea,
THAP11,CNPY2,-1,dorothea,
THAP11,COPS7B,-1,dorothea,
THAP11,DCAKD,-1,dorothea,
THAP11,DFFA,-1,dorothea,
THAP11,DNAJC17,-1,dorothea,
THAP11,DNAJC18,-1,dorothea,
THAP11,DNM1L,-1,dorothea,
THAP11,DPM3,-1,dorothea,
THAP11,EIF1B,-1,dorothea,
THAP11,EIF2B4,-1,dorothea,
THAP11,EIF2S2,-1,dorothea,
THAP11,ENY2,-1,dorothea,
THAP11,ERP44,-1,dorothea,
THAP11,FAM168A,-1,dorothea,
THAP11,FTO,-1,dorothea,
THAP11,FYCO1,-1,dorothea,
THAP11,GPKOW,-1,dorothea,
THAP11,HCFC1R1,-1,dorothea,
THAP11,HEXIM2,-1,dorothea,
THAP11,HSD11B1L,-1,dorothea,
THAP11,HSP90B1,-1,dorothea,
THAP11,HSPH1,-1,dorothea,
THAP11,INVS,-1,dorothea,
THAP11,ITCH,-1,dorothea,
THAP11,ITPR1,-1,dorothea,
THAP11,LMBRD2,-1,dorothea,
THAP11,LMNA,-1,dorothea,
THAP11,LYSMD1,-1,dorothea,
THAP11,MAD2L1BP,-1,dorothea,
THAP11,MED11,-1,dorothea,
THAP11,MITF,-1,dorothea,
THAP11,MRPL24,-1,dorothea,
THAP11,MRPL42,-1,dorothea,
THAP11,MRPL50,-1,dorothea,
THAP11,MTR,-1,dorothea,
THAP11,NDC1,-1,dorothea,
THAP11,NMT1,-1,dorothea,
THAP11,NOP14,-1,dorothea,
THAP11,NUDCD1,-1,dorothea,
THAP11,NUP153,-1,dorothea,
THAP11,NUTF2,-1,dorothea,
THAP11,PCM1,-1,dorothea,
THAP11,PDCD10,-1,dorothea,
THAP11,PEMT,-1,dorothea,
THAP11,PHB,-1,dorothea,
THAP11,PHF23,-1,dorothea,
THAP11,PNKD,-1,dorothea,
THAP11,PNPLA6,-1,dorothea,
THAP11,POP1,-1,dorothea,
THAP11,PPCDC,-1,dorothea,
THAP11,PPP1R12B,-1,dorothea,
THAP11,PRCC,-1,dorothea,
THAP11,RANGAP1,-1,dorothea,
THAP11,SEL1L,-1,dorothea,
THAP11,SIRT2,-1,dorothea,
THAP11,SKP2,-1,dorothea,
THAP11,SLC25A19,-1,dorothea,
THAP11,SLC35B4,-1,dorothea,
THAP11,SMARCAL1,-1,dorothea,
THAP11,SMIM13,-1,dorothea,
THAP11,SNAP47,-1,dorothea,
THAP11,SNX16,-1,dorothea,
THAP11,SNX27,-1,dorothea,
THAP11,SOX6,-1,dorothea,
THAP11,SWT1,-1,dorothea,
THAP11,SYMPK,-1,dorothea,
THAP11,TBC1D31,-1,dorothea,
THAP11,THRAP3,-1,dorothea,
THAP11,TMEM109,-1,dorothea,
THAP11,TMEM208,-1,dorothea,
THAP11,TRAPPC3,-1,dorothea,
THAP11,TRMT1L,-1,dorothea,
THAP11,TTC30B,-1,dorothea,
THAP11,UBA1,-1,dorothea,
THAP11,UBR2,-1,dorothea,
THAP11,USP48,-1,dorothea,
THAP11,VPS41,-1,dorothea,
THAP11,WBP2,-1,dorothea,
THAP11,WNK1,-1,dorothea,
THAP11,ZCCHC8,-1,dorothea,
THAP11,ZNF444,-1,dorothea,
THAP11,ZNF605,-1,dorothea,
THAP11,ZSCAN22,-1,dorothea,
TP53,ABCC1,1,dorothea,
TP53,ADA,1,dorothea,
TP53,AIFM2,1,dorothea,
TP53,ANTXR1,1,dorothea,
TP53,APAF1,1,dorothea,
TP53,ARID3A,1,dorothea,
TP53,ASCC3,1,dorothea,
TP53,BAK1,1,dorothea,
TP53,BCL2L14,1,dorothea,
TP53,BCL6,1,dorothea,
TP53,BID,1,dorothea,
TP53,BNIP3L,1,dorothea,
TP53,BTG1,1,dorothea,
TP53,BTG2,1,dorothea,
TP53,BTG3,1,dorothea,
TP53,C12ORF5,1,dorothea,
TP53,CASP10,1,dorothea,
TP53,CASP3,1,dorothea,
TP53,CASP6,1,dorothea,
TP53,CCNA2,1,dorothea,
TP53,CCNG1,1,dorothea,
TP53,CCNG2,1,dorothea,
TP53,CCNK,1,dorothea,
TP53,CDC25C,1,dorothea,
TP53,CDKN1B,1,dorothea,
TP53,CHMP4C,1,dorothea,
TP53,COL18A1,1,dorothea,
TP53,DDIT4,1,dorothea,
TP53,DDR1,1,dorothea,
TP53,DUSP11,1,dorothea,
TP53,DUSP5,1,dorothea,
TP53,EEF1A1,1,dorothea,
TP53,EGR1,1,dorothea,
TP53,EI24,1,dorothea,
TP53,EPCAM,1,dorothea,
TP53,FANCC,1,dorothea,
TP53,FBLN1,1,dorothea,
TP53,FDXR,1,dorothea,
TP53,FOS,1,dorothea,
TP53,FRMD5,1,dorothea,
TP53,GADD45G,1,dorothea,
TP53,GHR,1,dorothea,
TP53,GPX1,1,dorothea,
TP53,HNRNPUL1,1,dorothea,
TP53,HRAS,-1,dorothea,
TP53,HTT,1,dorothea,
TP53,IER3,1,dorothea,
TP53,ING1,1,dorothea,
TP53,INTS7,-1,dorothea,
TP53,JAK2,1,dorothea,
TP53,KAT2B,1,dorothea,
TP53,KRT8,1,dorothea,
TP53,LIG1,1,dorothea,
TP53,LITAF,1,dorothea,
TP53,MAPK8,1,dorothea,
TP53,MDM4,1,dorothea,
TP53,MKI67,1,dorothea,
TP53,MLH1,1,dorothea,
TP53,MRPL27,1,dorothea,
TP53,MSH2,1,dorothea,
TP53,NDRG1,1,dorothea,
TP53,NFATC4,-1,dorothea,
TP53,NINJ1,1,dorothea,
TP53,NME1,1,dorothea,
TP53,PCBP4,1,dorothea,
TP53,PCNA,1,dorothea,
TP53,PEG3,1,dorothea,
TP53,PIDD1,1,dorothea,
TP53,PLAGL1,1,dorothea,
TP53,PLK1,-1,dorothea,
TP53,PLK2,1,dorothea,
TP53,PLK3,1,dorothea,
TP53,PMS2,1,dorothea,
TP53,POLD1,1,dorothea,
TP53,PPM1D,1,dorothea,
TP53,PPM1J,1,dorothea,
TP53,PRDM1,1,dorothea,
TP53,PRKAB1,1,dorothea,
TP53,PRODH,1,dorothea,
TP53,PTPN13,1,dorothea,
TP53,PYCARD,1,dorothea,
TP53,RABGGTA,1,dorothea,
TP53,RAD51,1,dorothea,
TP53,RAD51B,1,dorothea,
TP53,RB1,-1,dorothea,
TP53,RCHY1,1,dorothea,
TP53,RELA,1,dorothea,
TP53,RHOA,1,dorothea,
TP53,RNF144B,1,dorothea,
TP53,RRM1,1,dorothea,
TP53,RRM2B,1,dorothea,
TP53,S100A2,1,dorothea,
TP53,SCN3B,1,dorothea,
TP53,SERTAD1,1,dorothea,
TP53,SESN1,1,dorothea,
TP53,SESN2,1,dorothea,
TP53,SIAH1,1,dorothea,
TP53,STAT1,1,dorothea,
TP53,TAP1,1,dorothea,
TP53,TBC1D31,1,dorothea,
TP53,TCEAL1,1,dorothea,
TP53,TNFRSF10C,1,dorothea,
TP53,TNFRSF10D,1,dorothea,
TP53,TP53INP1,1,dorothea,
TP53,TRIAP1,1,dorothea,
TP53,TSC2,1,dorothea,
TP53,UBE2L3,1,dorothea,
TP53,XPC,1,dorothea,
TP53,ZMAT3,1,dorothea,
USF1,APEX1,1,dorothea,
USF1,APOA2,1,dorothea,
USF1,APOC3,1,dorothea,
USF1,BRCA2,1,dorothea,
USF1,CCNB1,1,dorothea,
USF1,CDK4,1,dorothea,
USF1,CEBPA,1,dorothea,
USF1,CTSB,1,dorothea,
USF1,FASN,1,dorothea,
USF1,FBP1,1,dorothea,
USF1,ID4,1,dorothea,
USF1,ISG20,1,dorothea,
USF1,LIPC,1,dorothea,
USF1,MYH9,1,dorothea,
USF1,NUP188,1,dorothea,
USF1,OGN,1,dorothea,
USF1,PTPN6,1,dorothea,
USF1,SF1,1,dorothea,
USF1,SLC1A3,1,dorothea,
USF1,TCN2,1,dorothea,
USF1,TRIM25,1,dorothea,
USF1,TYMS,1,dorothea,
USF2,APOA2,1,dorothea,
USF2,BRCA1,1,dorothea,
USF2,BRCA2,1,dorothea,
USF2,CTSB,1,dorothea,
USF2,FBP1,1,dorothea,
USF2,LIPC,1,dorothea,
USF2,MYH9,1,dorothea,
USF2,PTPN6,1,dorothea,
USF2,SF1,1,dorothea,
USF2,TCN2,1,dorothea,
XBP1,AMOTL1,1,dorothea,
XBP1,CACNB2,1,dorothea,
XBP1,CTNNA1,1,dorothea,
XBP1,DOCK1,1,dorothea,
XBP1,DTNA,1,dorothea,
XBP1,FANCC,1,dorothea,
XBP1,FRMD4B,1,dorothea,
XBP1,PRNP,1,dorothea,
XBP1,PRPF31,1,dorothea,
XBP1,SND1,1,dorothea,
XBP1,SPEF2,1,dorothea,
XBP1,ZZEF1,1,dorothea,
YY1,ACTR5,1,dorothea,
YY1,ADA,1,dorothea,
YY1,ATP13A1,-1,dorothea,
YY1,ATXN10,1,dorothea,
YY1,CCDC43,1,dorothea,
YY1,CDK5RAP2,1,dorothea,
YY1,COQ5,1,dorothea,
YY1,COQ9,1,dorothea,
YY1,CPSF2,1,dorothea,
YY1,DEK,1,dorothea,
YY1,DLG1,1,dorothea,
YY1,DNAJA3,-1,dorothea,
YY1,EP300,1,dorothea,
YY1,FDPS,-1,dorothea,
YY1,HCFC1,1,dorothea,
YY1,HNRNPL,-1,dorothea,
YY1,HSF1,1,dorothea,
YY1,IRAK1,-1,dorothea,
YY1,KAT6A,-1,dorothea,
YY1,LDLR,-1,dorothea,
YY1,LSS,1,dorothea,
YY1,MANF,1,dorothea,
YY1,MICU2,-1,dorothea,
YY1,MKLN1,-1,dorothea,
YY1,MRPL46,1,dorothea,
YY1,MRPS10,-1,dorothea,
YY1,MRPS18B,-1,dorothea,
YY1,MRPS24,1,dorothea,
YY1,NR3C1,1,dorothea,
YY1,PAK4,1,dorothea,
YY1,PBDC1,-1,dorothea,
YY1,PPP2R1A,-1,dorothea,
YY1,PSMD8,-1,dorothea,
YY1,RAB3GAP1,1,dorothea,
YY1,RANBP10,-1,dorothea,
YY1,RAVER1,-1,dorothea,
YY1,RNF26,1,dorothea,
YY1,RNF40,1,dorothea,
YY1,SNX27,-1,dorothea,
YY1,SPNS1,-1,dorothea,
YY1,SRP68,-1,dorothea,
YY1,TTC17,-1,dorothea,
YY1,WDR82,1,dorothea,
YY1,ZNF615,1,dorothea,
ZBED1,CIRBP,1,dorothea,
ZBED1,ECE1,1,dorothea,
ZBED1,ETV6,1,dorothea,
ZBED1,GATAD2B,1,dorothea,
ZBED1,MAD1L1,1,dorothea,
ZBED1,MSH6,1,dorothea,
ZBED1,MTFR2,1,dorothea,
ZBED1,NAA25,1,dorothea,
ZBED1,PARN,1,dorothea,
ZBED1,PTMA,1,dorothea,
ZBED1,RBM15,1,dorothea,
ZBED1,RFFL,1,dorothea,
ZBED1,SLC1A4,1,dorothea,
ZBED1,SQSTM1,1,dorothea,
ZBED1,SRSF7,1,dorothea,
ZBED1,TANGO2,1,dorothea,
ZBED1,TCF3,1,dorothea,
ZBED1,TGIF1,1,dorothea,
ZBED1,USP48,1,dorothea,
ZBED1,ZC3H4,1,dorothea,
ZBED1,ZNF276,1,dorothea,
ZBTB11,ADAM17,1,dorothea,
ZBTB11,AP1AR,1,dorothea,
ZBTB11,AZIN1,1,dorothea,
ZBTB11,CEPT1,1,dorothea,
ZBTB11,CGGBP1,1,dorothea,
ZBTB11,ELK4,1,dorothea,
ZBTB11,FBXO28,1,dorothea,
ZBTB11,GABPA,1,dorothea,
ZBTB11,GNA13,1,dorothea,
ZBTB11,GTF3C3,1,dorothea,
ZBTB11,KDM5A,1,dorothea,
ZBTB11,PPP1R15B,1,dorothea,
ZBTB11,PPP4R2,1,dorothea,
ZBTB11,UBE2D3,1,dorothea,
ZBTB11,UCHL5,1,dorothea,
ZBTB11,USPL1,1,dorothea,
ZBTB11,VCPIP1,1,dorothea,
ZBTB11,YY1,1,dorothea,
ZBTB11,ZNF131,1,dorothea,
ZBTB33,CUL3,1,dorothea,
ZBTB33,GTF2A1,1,dorothea,
ZBTB33,IREB2,1,dorothea,
ZBTB33,LSM14A,1,dorothea,
ZBTB33,NANP,1,dorothea,
ZBTB33,PURA,1,dorothea,
ZBTB33,RBM15,1,dorothea,
ZBTB33,RMI1,1,dorothea,
ZBTB33,SLC39A9,1,dorothea,
ZBTB33,UBE2D3,1,dorothea,
ZBTB33,YOD1,1,dorothea,
ZBTB33,ZZZ3,1,dorothea,
ZFX,ADD1,1,dorothea,
ZFX,ANP32B,1,dorothea,
ZFX,ARID1B,1,dorothea,
ZFX,ASH2L,1,dorothea,
ZFX,CARS2,1,dorothea,
ZFX,CDK13,1,dorothea,
ZFX,CELF1,1,dorothea,
ZFX,CGGBP1,1,dorothea,
ZFX,CREB1,1,dorothea,
ZFX,DDX6,1,dorothea,
ZFX,DERL2,1,dorothea,
ZFX,DGCR8,1,dorothea,
ZFX,FBXL5,1,dorothea,
ZFX,FCHSD2,1,dorothea,
ZFX,GABPA,1,dorothea,
ZFX,HHEX,1,dorothea,
ZFX,HNRNPF,1,dorothea,
ZFX,IFRD1,1,dorothea,
ZFX,KLHL21,1,dorothea,
ZFX,MAN2A2,1,dorothea,
ZFX,MCM7,1,dorothea,
ZFX,MRPL36,1,dorothea,
ZFX,MSH6,1,dorothea,
ZFX,MYADM,1,dorothea,
ZFX,MYO1C,1,dorothea,
ZFX,NAA38,1,dorothea,
ZFX,NELFA,1,dorothea,
ZFX,NIPBL,1,dorothea,
ZFX,NUP210,1,dorothea,
ZFX,PCGF5,1,dorothea,
ZFX,PHF12,1,dorothea,
ZFX,POGK,1,dorothea,
ZFX,PUM2,1,dorothea,
ZFX,QRICH1,1,dorothea,
ZFX,RBM33,1,dorothea,
ZFX,RNF4,1,dorothea,
ZFX,SEC22C,1,dorothea,
ZFX,SETD5,1,dorothea,
ZFX,SMAD2,1,dorothea,
ZFX,SMCHD1,1,dorothea,
ZFX,TEAD3,1,dorothea,
ZFX,UBE2D3,1,dorothea,
ZFX,UBXN2A,1,dorothea,
ZFX,USF2,1,dorothea,
ZFX,USP37,1,dorothea,
ZFX,ZMYND8,1,dorothea,
ZFX,ZNF143,1,dorothea,
ZFX,ZNF398,1,dorothea,
ZKSCAN1,ACTB,1,dorothea,
ZKSCAN1,ARHGEF19,1,dorothea,
ZKSCAN1,BAZ2A,1,dorothea,
ZKSCAN1,CAPZB,1,dorothea,
ZKSCAN1,CHD9,1,dorothea,
ZKSCAN1,CYTH1,1,dorothea,
ZKSCAN1,DAB2IP,1,dorothea,
ZKSCAN1,EGLN3,1,dorothea,
ZKSCAN1,ELAVL1,1,dorothea,
ZKSCAN1,EPHB4,1,dorothea,
ZKSCAN1,HOOK2,1,dorothea,
ZKSCAN1,IQCG,1,dorothea,
ZKSCAN1,MED15,1,dorothea,
ZKSCAN1,MSI2,1,dorothea,
ZKSCAN1,NFASC,1,dorothea,
ZKSCAN1,PIP5KL1,1,dorothea,
ZKSCAN1,PRR5,1,dorothea,
ZKSCAN1,PTPRF,1,dorothea,
ZKSCAN1,RAB11FIP5,1,dorothea,
ZKSCAN1,RAI1,1,dorothea,
ZKSCAN1,RHOD,1,dorothea,
ZKSCAN1,SMOX,1,dorothea,
ZKSCAN1,SPAG9,1,dorothea,
ZKSCAN1,TTC7B,1,dorothea,
ZKSCAN1,UBE2L3,1,dorothea,
ZKSCAN1,UBE2V1,1,dorothea,
ZNF143,ESCO2,1,dorothea,
ZNF143,CDYL,1,dorothea,
ZNF143,CEP162,1,dorothea,
ZNF143,CTIF,1,dorothea,
ZNF143,DENND1A,1,dorothea,
ZNF143,DIP2C,1,dorothea,
ZNF143,DNAJB6,1,dorothea,
ZNF143,DOCK4,1,dorothea,
ZNF143,FNDC3B,1,dorothea,
ZNF143,FRMD4A,1,dorothea,
ZNF143,FTO,1,dorothea,
ZNF143,GATAD2A,1,dorothea,
ZNF143,ITPR1,1,dorothea,
ZNF143,LMNA,1,dorothea,
ZNF143,MAP4K4,1,dorothea,
ZNF143,MED13L,1,dorothea,
ZNF143,MGRN1,1,dorothea,
ZNF143,MRPS22,1,dorothea,
ZNF143,MSI2,1,dorothea,
ZNF143,NCOA1,1,dorothea,
ZNF143,NUCB1,1,dorothea,
ZNF143,OSBP2,1,dorothea,
ZNF143,PARD3,1,dorothea,
ZNF143,PCBP1,1,dorothea,
ZNF143,PLEC,1,dorothea,
ZNF143,PNPLA6,1,dorothea,
ZNF143,PRKCE,1,dorothea,
ZNF143,PRPF31,1,dorothea,
ZNF143,RABGAP1L,1,dorothea,
ZNF143,RPTOR,1,dorothea,
ZNF143,SLC38A1,1,dorothea,
ZNF143,SPTBN1,1,dorothea,
ZNF143,TALDO1,1,dorothea,
ZNF143,TARBP1,1,dorothea,
ZNF143,TPD52L1,1,dorothea,
ZNF143,USP7,1,dorothea,
ZNF143,VAMP7,1,dorothea,
ZNF143,VASP,1,dorothea,
ZNF143,WWC1,1,dorothea,
ZNF143,ZMIZ1,1,dorothea,
ZNF217,ARID5B,1,dorothea,
ZNF217,FNDC3B,1,dorothea,
ZNF217,IL1R1,1,dorothea,
ZNF217,IQGAP1,1,dorothea,
ZNF217,OSBPL8,1,dorothea,
ZNF217,SERINC5,1,dorothea,
ZNF217,TET3,1,dorothea,
ZNF217,USP32,1,dorothea,
ZNF24,ADCK1,-1,dorothea,
ZNF24,AKAP9,-1,dorothea,
ZNF24,CLEC16A,-1,dorothea,
ZNF24,DNAJC6,-1,dorothea,
ZNF24,FCHO1,-1,dorothea,
ZNF24,NCS1,-1,dorothea,
ZNF24,OTUD3,-1,dorothea,
ZNF24,RB1CC1,-1,dorothea,
ZNF24,SGK1,-1,dorothea,
ZNF24,SNX8,-1,dorothea,
ZNF24,TBXAS1,-1,dorothea,
ZNF24,USP31,-1,dorothea,
ZNF24,ZNF131,-1,dorothea,
ZNF263,ABCA7,-1,dorothea,
ZNF263,ABR,-1,dorothea,
ZNF263,ACOT7,-1,dorothea,
ZNF263,ACSF3,-1,dorothea,
ZNF263,ADCY3,-1,dorothea,
ZNF263,AGAP1,-1,dorothea,
ZNF263,AGAP3,-1,dorothea,
ZNF263,AGPAT2,-1,dorothea,
ZNF263,AGPAT3,-1,dorothea,
ZNF263,AGRN,-1,dorothea,
ZNF263,AKT2,-1,dorothea,
ZNF263,ANKRD11,-1,dorothea,
ZNF263,AP2A2,-1,dorothea,
ZNF263,APBA2,-1,dorothea,
ZNF263,ARAP1,-1,dorothea,
ZNF263,ARHGEF1,-1,dorothea,
ZNF263,ARHGEF16,-1,dorothea,
ZNF263,ARHGEF17,-1,dorothea,
ZNF263,ARID1B,-1,dorothea,
ZNF263,ASAP1,-1,dorothea,
ZNF263,ASAP2,-1,dorothea,
ZNF263,ASS1,-1,dorothea,
ZNF263,ATP11A,-1,dorothea,
ZNF263,BAIAP2,-1,dorothea,
ZNF263,BCOR,-1,dorothea,
ZNF263,BCR,-1,dorothea,
ZNF263,BIN1,-1,dorothea,
ZNF263,C2CD2,-1,dorothea,
ZNF263,CCNY,-1,dorothea,
ZNF263,CDC42EP4,-1,dorothea,
ZNF263,CFAP46,-1,dorothea,
ZNF263,CLIP2,-1,dorothea,
ZNF263,CLTCL1,-1,dorothea,
ZNF263,COL18A1,-1,dorothea,
ZNF263,COL26A1,-1,dorothea,
ZNF263,COL27A1,-1,dorothea,
ZNF263,CSNK1D,-1,dorothea,
ZNF263,CTNNA1,-1,dorothea,
ZNF263,CUX1,-1,dorothea,
ZNF263,CXXC5,-1,dorothea,
ZNF263,DCAKD,-1,dorothea,
ZNF263,DENND1A,-1,dorothea,
ZNF263,DGCR8,-1,dorothea,
ZNF263,DGKZ,-1,dorothea,
ZNF263,DIP2C,-1,dorothea,
ZNF263,DLG5,-1,dorothea,
ZNF263,DLGAP4,-1,dorothea,
ZNF263,DNAH17,-1,dorothea,
ZNF263,DNAJB12,-1,dorothea,
ZNF263,DNAJB6,-1,dorothea,
ZNF263,DNM1,-1,dorothea,
ZNF263,DPP6,-1,dorothea,
ZNF263,EHD1,-1,dorothea,
ZNF263,ELL,-1,dorothea,
ZNF263,EPB41L1,-1,dorothea,
ZNF263,EPHA2,-1,dorothea,
ZNF263,EPHB2,-1,dorothea,
ZNF263,EPHB4,-1,dorothea,
ZNF263,ERGIC1,-1,dorothea,
ZNF263,FADS2,-1,dorothea,
ZNF263,FAM102A,-1,dorothea,
ZNF263,FBRS,-1,dorothea,
ZNF263,FGFR3,-1,dorothea,
ZNF263,FLNC,-1,dorothea,
ZNF263,FTCD,-1,dorothea,
ZNF263,GAK,-1,dorothea,
ZNF263,GLI2,-1,dorothea,
ZNF263,GNAZ,-1,dorothea,
ZNF263,GSE1,-1,dorothea,
ZNF263,GSN,-1,dorothea,
ZNF263,HDAC4,-1,dorothea,
ZNF263,HDAC5,-1,dorothea,
ZNF263,HK1,-1,dorothea,
ZNF263,HPCAL1,-1,dorothea,
ZNF263,HSPG2,-1,dorothea,
ZNF263,IGF1R,-1,dorothea,
ZNF263,IQSEC1,-1,dorothea,
ZNF263,IQSEC2,-1,dorothea,
ZNF263,ITPK1,-1,dorothea,
ZNF263,ITPR1,-1,dorothea,
ZNF263,KCNQ2,-1,dorothea,
ZNF263,KDM2B,-1,dorothea,
ZNF263,KIAA1522,-1,dorothea,
ZNF263,KIF1A,-1,dorothea,
ZNF263,KSR1,-1,dorothea,
ZNF263,LAMA5,-1,dorothea,
ZNF263,LDLRAP1,-1,dorothea,
ZNF263,LGR6,-1,dorothea,
ZNF263,LHFPL2,-1,dorothea,
ZNF263,LMNA,-1,dorothea,
ZNF263,LPCAT1,-1,dorothea,
ZNF263,LTBP4,-1,dorothea,
ZNF263,MACF1,-1,dorothea,
ZNF263,MAD1L1,-1,dorothea,
ZNF263,MAP2K2,-1,dorothea,
ZNF263,MCF2L,-1,dorothea,
ZNF263,MED15,-1,dorothea,
ZNF263,MICAL3,-1,dorothea,
ZNF263,MICALL2,-1,dorothea,
ZNF263,MKNK2,-1,dorothea,
ZNF263,MLXIPL,-1,dorothea,
ZNF263,MSI2,-1,dorothea,
ZNF263,MTCL1,-1,dorothea,
ZNF263,MYO18A,-1,dorothea,
ZNF263,NACC2,-1,dorothea,
ZNF263,NADK,-1,dorothea,
ZNF263,NCOR2,-1,dorothea,
ZNF263,NCS1,-1,dorothea,
ZNF263,NDST1,-1,dorothea,
ZNF263,NEDD4L,-1,dorothea,
ZNF263,NFASC,-1,dorothea,
ZNF263,NFIC,-1,dorothea,
ZNF263,NOL4L,-1,dorothea,
ZNF263,NUP210,-1,dorothea,
ZNF263,OBSCN,-1,dorothea,
ZNF263,PCSK6,-1,dorothea,
ZNF263,PDXK,-1,dorothea,
ZNF263,PFKL,-1,dorothea,
ZNF263,PFKP,-1,dorothea,
ZNF263,PI4KA,-1,dorothea,
ZNF263,PIEZO1,-1,dorothea,
ZNF263,PIP5K1C,-1,dorothea,
ZNF263,PLCG2,-1,dorothea,
ZNF263,PLEC,-1,dorothea,
ZNF263,PLXNA2,-1,dorothea,
ZNF263,PLXND1,-1,dorothea,
ZNF263,POLE,-1,dorothea,
ZNF263,POR,-1,dorothea,
ZNF263,PPARGC1B,-1,dorothea,
ZNF263,PPIL2,-1,dorothea,
ZNF263,PPM1F,-1,dorothea,
ZNF263,PRKAG2,-1,dorothea,
ZNF263,PRKAR1B,-1,dorothea,
ZNF263,PRKCE,-1,dorothea,
ZNF263,PRKCZ,-1,dorothea,
ZNF263,PRR5,-1,dorothea,
ZNF263,PTK7,-1,dorothea,
ZNF263,PTPRF,-1,dorothea,
ZNF263,PTPRU,-1,dorothea,
ZNF263,PXN,-1,dorothea,
ZNF263,RAB11FIP3,-1,dorothea,
ZNF263,RADIL,-1,dorothea,
ZNF263,RALGPS1,-1,dorothea,
ZNF263,RAP1GAP,-1,dorothea,
ZNF263,RASGEF1A,-1,dorothea,
ZNF263,RBM19,-1,dorothea,
ZNF263,RGS12,-1,dorothea,
ZNF263,RGS3,-1,dorothea,
ZNF263,RNF220,-1,dorothea,
ZNF263,ROR2,-1,dorothea,
ZNF263,RPTOR,-1,dorothea,
ZNF263,RTN4R,-1,dorothea,
ZNF263,RXRA,-1,dorothea,
ZNF263,SARDH,-1,dorothea,
ZNF263,SCARB1,-1,dorothea,
ZNF263,SDC3,-1,dorothea,
ZNF263,SDK2,-1,dorothea,
ZNF263,SEC14L1,-1,dorothea,
ZNF263,SKI,-1,dorothea,
ZNF263,SLC12A7,-1,dorothea,
ZNF263,SLC22A23,-1,dorothea,
ZNF263,SLC25A10,-1,dorothea,
ZNF263,SLC38A10,-1,dorothea,
ZNF263,SLC6A6,-1,dorothea,
ZNF263,SLC9A1,-1,dorothea,
ZNF263,SMAD3,-1,dorothea,
ZNF263,SMAD7,-1,dorothea,
ZNF263,SMARCD3,-1,dorothea,
ZNF263,SND1,-1,dorothea,
ZNF263,SOGA1,-1,dorothea,
ZNF263,SPEG,-1,dorothea,
ZNF263,SPSB1,-1,dorothea,
ZNF263,SRC,-1,dorothea,
ZNF263,SSBP3,-1,dorothea,
ZNF263,STK32C,-1,dorothea,
ZNF263,STX1A,-1,dorothea,
ZNF263,SYNJ2,-1,dorothea,
ZNF263,TACC2,-1,dorothea,
ZNF263,TACC3,-1,dorothea,
ZNF263,TANGO2,-1,dorothea,
ZNF263,TBCD,-1,dorothea,
ZNF263,TCF3,-1,dorothea,
ZNF263,TLE3,-1,dorothea,
ZNF263,TMEM132B,-1,dorothea,
ZNF263,TMEM201,-1,dorothea,
ZNF263,TNS1,-1,dorothea,
ZNF263,TNS3,-1,dorothea,
ZNF263,TOP3B,-1,dorothea,
ZNF263,TRAPPC9,-1,dorothea,
ZNF263,TRIO,-1,dorothea,
ZNF263,TTC7A,-1,dorothea,
ZNF263,TTYH3,-1,dorothea,
ZNF263,TXNRD2,-1,dorothea,
ZNF263,UBAC1,-1,dorothea,
ZNF263,VAV2,-1,dorothea,
ZNF263,WNK2,-1,dorothea,
ZNF263,XXYLT1,-1,dorothea,
ZNF263,YEATS2,-1,dorothea,
ZNF263,ZBTB16,-1,dorothea,
ZNF263,ZC3H18,-1,dorothea,
ZNF263,ZMIZ1,-1,dorothea,
ZNF263,ZNF608,-1,dorothea,
ZNF274,TNFRSF10B,-1,dorothea,
ZNF274,ZNF577,-1,dorothea,
ZNF274,CACNA1D,-1,dorothea,
ZNF274,NAT1,-1,dorothea,
ZNF274,SLC25A37,-1,dorothea,
ZNF274,TJP2,-1,dorothea,
ZNF274,TNFAIP8,-1,dorothea,
ZNF274,ZNF12,-1,dorothea,
ZNF274,ZNF121,-1,dorothea,
ZNF274,ZNF26,-1,dorothea,
ZNF274,ZNF263,-1,dorothea,
ZNF274,ZNF317,-1,dorothea,
ZNF274,ZNF397,-1,dorothea,
ZNF274,ZNF529,-1,dorothea,
ZNF274,ZNF567,-1,dorothea,
ZNF274,ZNF84,-1,dorothea,
ZNF274,ZNF841,-1,dorothea,
ZNF274,ZSCAN18,-1,dorothea,
ZNF384,PANK2,1,dorothea,
ZNF384,ANKRD11,1,dorothea,
ZNF384,AP3D1,1,dorothea,
ZNF384,ARID1A,1,dorothea,
ZNF384,ATXN2,1,dorothea,
ZNF384,BRD4,1,dorothea,
ZNF384,CDKAL1,1,dorothea,
ZNF384,CNOT1,1,dorothea,
ZNF384,CREBBP,1,dorothea,
ZNF384,CTSB,1,dorothea,
ZNF384,DENND5A,1,dorothea,
ZNF384,DYRK1A,1,dorothea,
ZNF384,EGLN3,1,dorothea,
ZNF384,EHBP1,1,dorothea,
ZNF384,EIF4G3,1,dorothea,
ZNF384,ELF1,1,dorothea,
ZNF384,FDFT1,1,dorothea,
ZNF384,FLNB,1,dorothea,
ZNF384,FOXP1,1,dorothea,
ZNF384,GON4L,1,dorothea,
ZNF384,GTF2I,1,dorothea,
ZNF384,HERPUD1,1,dorothea,
ZNF384,HM13,1,dorothea,
ZNF384,IGF2BP3,1,dorothea,
ZNF384,IGF2R,1,dorothea,
ZNF384,JMJD1C,1,dorothea,
ZNF384,KANSL1,1,dorothea,
ZNF384,KDM4C,1,dorothea,
ZNF384,KEAP1,1,dorothea,
ZNF384,KPNA6,1,dorothea,
ZNF384,MAP4K4,1,dorothea,
ZNF384,MED15,1,dorothea,
ZNF384,NDE1,1,dorothea,
ZNF384,NFAT5,1,dorothea,
ZNF384,PHACTR4,1,dorothea,
ZNF384,PHF21A,1,dorothea,
ZNF384,PI4KA,1,dorothea,
ZNF384,PRPF31,1,dorothea,
ZNF384,PRRC2B,1,dorothea,
ZNF384,PTK2,1,dorothea,
ZNF384,RACGAP1,1,dorothea,
ZNF384,SAMD4A,1,dorothea,
ZNF384,SMAD7,1,dorothea,
ZNF384,SORBS1,1,dorothea,
ZNF384,SOX6,1,dorothea,
ZNF384,SPEN,1,dorothea,
ZNF384,SRPK2,1,dorothea,
ZNF384,TAOK3,1,dorothea,
ZNF384,TBC1D14,1,dorothea,
ZNF384,TCF4,1,dorothea,
ZNF384,TGIF1,1,dorothea,
ZNF384,THRAP3,1,dorothea,
ZNF384,TLE2,1,dorothea,
ZNF384,TNRC18,1,dorothea,
ZNF384,TRAPPC9,1,dorothea,
ZNF384,UBE2V1,1,dorothea,
ZNF384,USP34,1,dorothea,
ZNF384,USP7,1,dorothea,
ZNF384,VEGFA,1,dorothea,
ZNF384,ZMYND8,1,dorothea,
ZNF592,BCL9L,1,dorothea,
ZNF592,FBXL18,1,dorothea,
ZNF592,FTSJ3,1,dorothea,
ZNF592,LRRC41,1,dorothea,
ZNF592,PCIF1,1,dorothea,
ZNF592,PHF8,1,dorothea,
ZNF592,PREX1,1,dorothea,
ZNF592,PRPF8,1,dorothea,
ZNF592,SART3,1,dorothea,
ZNF592,STRIP1,1,dorothea,
ZNF592,WIPF2,1,dorothea,
ZNF592,ZNF646,1,dorothea,
ZNF639,AHCTF1,-1,dorothea,
ZNF639,CSDE1,-1,dorothea,
ZNF639,CTBS,-1,dorothea,
ZNF639,DNM1L,-1,dorothea,
ZNF639,HIPK3,-1,dorothea,
ZNF639,HMGB1,-1,dorothea,
ZNF639,MAPK9,-1,dorothea,
ZNF639,MEF2A,-1,dorothea,
ZNF639,MTDH,-1,dorothea,
ZNF639,PDS5B,-1,dorothea,
ZNF639,PHF10,-1,dorothea,
ZNF639,PPP2R5C,-1,dorothea,
ZNF639,PTP4A2,-1,dorothea,
ZNF639,PTPN11,-1,dorothea,
ZNF639,RHEB,-1,dorothea,
ZNF639,RNF38,-1,dorothea,
ZNF639,SAMD8,-1,dorothea,
ZNF639,SEC22C,-1,dorothea,
ZNF639,SIN3A,-1,dorothea,
ZNF639,SLC30A5,-1,dorothea,
ZNF639,UBE3A,-1,dorothea,
ZNF639,URI1,-1,dorothea,
ZNF639,ZC3H7A,-1,dorothea,
ZNF639,ZNF143,-1,dorothea,
ZNF639,ZZZ3,-1,dorothea,
ZNF740,MBD6,1,dorothea,
ZNF740,SETD1B,1,dorothea,
ZNF740,ADNP,1,dorothea,
ZNF740,ANKRD11,1,dorothea,
ZNF740,BRD2,1,dorothea,
ZNF740,CIRBP,1,dorothea,
ZNF740,CREBBP,1,dorothea,
ZNF740,CUX1,1,dorothea,
ZNF740,DNMT1,1,dorothea,
ZNF740,FOXP1,1,dorothea,
ZNF740,HMGA1,1,dorothea,
ZNF740,HNRNPL,1,dorothea,
ZNF740,JUP,1,dorothea,
ZNF740,KDM2B,1,dorothea,
ZNF740,LARP1,1,dorothea,
ZNF740,MAP1A,1,dorothea,
ZNF740,MECP2,1,dorothea,
ZNF740,MEPCE,1,dorothea,
ZNF740,NFIA,1,dorothea,
ZNF740,NOL4L,1,dorothea,
ZNF740,PCBP4,1,dorothea,
ZNF740,PDGFA,1,dorothea,
ZNF740,PPP2R1A,1,dorothea,
ZNF740,RHOF,1,dorothea,
ZNF740,TAOK1,1,dorothea,
ZNF740,VAPB,1,dorothea,
ZNF740,WNK1,1,dorothea,
ZNF740,ZFP91,1,dorothea,
ZNF740,ZNF385A,1,dorothea,
ZNF740,ZNF512B,1,dorothea,
ZNF740,ZNF687,1,dorothea,
