source,target,sign
AATF,BAX,-1
AATF,MYC,1
ABL1,BAX,1
ABL1,BCL2,-1
ABL1,BCL6,-1
ABL1,CCND2,1
ABL1,CDKN1A,1
ABL1,CSF1,1
ABL1,FOXO3,1
ABL1,JUN,1
ABL1,PIM1,1
ABL1,TP53,1
AES,LEF1,1
AES,RND3,1
AHR,AHRR,1
AHR,CA9,-1
AHR,CCNG2,1
AHR,CYP1A1,1
AHR,CYP1B1,1
AHR,IL6,1
AHR,PCNA,1
AHR,RFC3,1
AIP,AHR,1
AIP,GREB1,-1
AIP,NFKB2,-1
AIP,RSF1,-1
ANKRD1,NPPA,-1
APBB1,GMPS,-1
APC,AKT1,-1
APC,AMHR2,-1
APC,DNMT1,-1
APC,MYC,-1
APC,NOS2,1
APC,ODC1,-1
APC,PTGS2,-1
APC,SGK1,-1
APEX1,CCL2,1
APEX1,CD19,1
APEX1,NFKB1,1
APEX1,PTH,-1
APEX1,RELA,1
APEX1,SLC5A5,1
AR,ACTA1,1
AR,AKR1C3,-1
AR,AKT1,1
AR,ARG1,1
AR,ARG2,1
AR,BTG1,-1
AR,BTG2,-1
AR,CDK20,1
AR,CDC6,1
AR,CDH1,-1
AR,CDH2,1
AR,CDKN1A,1
AR,CLK3,-1
AR,CRH,-1
AR,CTNNB1,1
AR,CYP7B1,-1
AR,EGFR,1
AR,EP300,1
AR,ERBB2,1
AR,ERBB3,1
AR,ETV1,1
AR,HMOX1,1
AR,IGF1R,1
AR,JUN,1
AR,KISS1R,1
AR,MUC1,-1
AR,NAT1,1
AR,NFKB1,-1
AR,NKX3-1,1
AR,NRAS,-1
AR,PC,1
AR,PTEN,1
AR,PTGS2,-1
AR,RELA,-1
AR,REST,-1
AR,7-Sep,-1
AR,SERPINB5,-1
AR,TGFA,1
AR,TH,1
AR,TJP1,1
AR,TMPRSS2,1
AR,TSC1,-1
AR,TSC2,-1
AR,UCN,-1
AR,VEGFA,1
AR,VIM,-1
AR,WEE1,-1
AR,WNT7B,1
AR,XIAP,-1
ARID3A,PML,1
ARNT,CA9,1
ARNT,CCNE1,-1
ARNT,CDK2,-1
ARNT,CYP1A1,1
ARNT,CYP1B1,1
ARNT,EPO,1
ARNT,FOS,-1
ARNT,HIF1A,1
ARNT,JUN,-1
ARNTL,BHLHE40,1
ARNTL,CRY1,1
ARNTL,CRY2,1
ARNTL,PER1,1
ARNTL,PER2,1
ARNTL,PER3,1
ARNTL2,SERPINE1,1
ASCL1,DKK1,-1
ASCL1,IGF2,-1
ASCL1,PCSK6,-1
ASCL1,TPH1,-1
ATF1,CCNA1,-1
ATF1,FTH1,1
ATF1,IL10,1
ATF1,MAP1LC3B,1
ATF1,MITF,1
ATF1,PCSK1,1
ATF1,SLC20A1,1
ATF1,TGFB2,1
ATF2,ATF3,1
ATF2,CCND1,1
ATF2,KAT5,-1
ATF2,IFNG,1
ATF2,JUN,1
ATF2,MMP2,1
ATF2,NOS3,-1
ATF2,PCK1,1
ATF2,PLAT,1
ATF2,POLB,1
ATF2,RELA,1
ATF2,RETN,1
ATF2,ST3GAL5,1
ATF2,TGFB2,-1
ATF2,TNF,1
ATF3,ADIPOR1,-1
ATF3,ADIPOR2,-1
ATF3,ASNS,1
ATF3,DDIT3,1
ATF3,GDF15,1
ATF3,ID1,-1
ATF3,IFNG,1
ATF3,LDLR,-1
ATF3,MMP2,-1
ATF3,SELE,-1
ATF4,APOE,1
ATF4,ASNS,1
ATF4,ATF3,1
ATF4,ATG5,1
ATF4,CEBPB,1
ATF4,CHAC1,1
ATF4,DDIT3,1
ATF4,DDIT4,1
ATF4,DDR2,1
ATF4,FGF19,1
ATF4,HRK,1
ATF4,HSPA5,-1
ATF4,IRF7,-1
ATF4,MAP1LC3B,1
ATF4,NDC80,1
ATF4,NUPR1,1
ATF4,PLAU,1
ATF4,SIGMAR1,1
ATF4,SIRT1,1
ATF4,SIRT2,-1
ATF4,TRIB3,1
ATF4,VEGFA,1
ATF5,BCL2,1
ATF5,CCND3,1
ATF5,CREB1,1
ATF5,CYP2B6,1
ATF5,ID1,-1
ATF6,DNAJC3,1
ATF6,MAFA,-1
ATF6,NR0B2,1
ATF6,NUCB1,1
ATF6,PDX1,-1
ATF6,RTN3,1
ATF6,STARD4,1
ATF6,WBP1,1
ATF7,TAF12,1
ATM,BAX,1
ATM,BCL2,-1
ATM,CFLAR,1
ATM,DUSP1,1
ATM,FAS,1
ATM,FOXM1,1
ATM,GADD45A,1
ATM,KLRK1,1
ATM,MCL1,1
ATM,PMAIP1,-1
ATM,PVR,1
ATM,SLC2A1,-1
ATM,SP1,-1
ATM,TERF1,-1
ATM,TNFRSF10B,-1
ATM,VEGFA,-1
ATRX,HBA1,-1
ATRX,HBA2,-1
BACH1,HMOX1,1
BACH1,MMP1,1
BACH2,XBP1,-1
BARD1,ESR1,1
BCL11A,GATA1,1
BCL3,CTCF,-1
BCL3,EGFR,1
BCL3,NFKB1,-1
BCL6,BCL2L1,-1
BCL6,BCL6,-1
BCL6,CCND2,-1
BCL6,CD80,-1
BCL6,CDKN1A,-1
BCL6,CDKN2B,-1
BCL6,CHEK1,-1
BCL6,FCER2,-1
BCL6,HDAC7,-1
BCL6,IRF4,-1
BCL6,LITAF,-1
BCL6,MYC,1
BCL6,NFKB1,-1
BCL6,PDCD2,-1
BCL6,SUMO1,-1
BCL6,XBP1,-1
BHLHE41,CCND1,-1
BHLHE41,MLH1,-1
BMI1,TERT,-1
BRCA1,AREG,-1
BRCA1,ASPM,1
BRCA1,ATM,1
BRCA1,CDH3,-1
BRCA1,CDKN1A,1
BRCA1,CDKN1B,1
BRCA1,CTSD,-1
BRCA1,CXCL1,-1
BRCA1,CYP19A1,1
BRCA1,DDB2,1
BRCA1,DDIT3,1
BRCA1,E2F6,-1
BRCA1,EGFR,-1
BRCA1,EP300,1
BRCA1,ESR1,1
BRCA1,FOXC1,-1
BRCA1,FOXC2,-1
BRCA1,FST,1
BRCA1,GADD45A,1
BRCA1,HMGA2,-1
BRCA1,HNRNPA2B1,-1
BRCA1,HSPA5,-1
BRCA1,IFNA1,1
BRCA1,IGF1,-1
BRCA1,IRF7,1
BRCA1,IRF9,1
BRCA1,KHSRP,-1
BRCA1,MAD2L1,1
BRCA1,MDM2,1
BRCA1,RNASEL,1
BRCA1,S100A2,1
BRCA1,SIRT1,1
BRCA1,STAT1,1
BRCA1,STAT2,1
BRCA1,VEGFA,1
BRD7,BRD2,1
BRD7,BRD3,1
BRD7,E2F3,-1
BTAF1,DR1,-1
BTAF1,TBP,-1
BTF3,ABL2,1
BTF3,ATM,1
BTF3,EPHB2,1
BTF3,HPSE2,1
BTF3,MADCAM1,-1
BTF3,MRVI1,-1
BTF3,NFKB1,-1
BTF3,RRAS2,-1
BTF3,SSPN,-1
BTG2,CCND1,-1
BTG2,HRAS,-1
BTG2,SPHK1,1
CBFA2T3,ZNF652,-1
CBX7,CCNE1,-1
CBX7,CDH1,1
CBX8,CDKN1A,-1
CDCA7L,MAOB,-1
CDX1,PCNA,1
CDX1,PPARG,1
CDX1,PTGS2,1
CDX2,ACAT2,1
CDX2,APC,1
CDX2,AXIN2,1
CDX2,CDH17,1
CDX2,CDKN1A,1
CDX2,ELMO3,1
CDX2,FUT2,1
CDX2,HEPH,1
CDX2,IGFBP3,-1
CDX2,KLF4,1
CDX2,LCT,1
CDX2,MEP1A,1
CDX2,PTGS2,-1
CDX2,SLC15A1,1
CDX2,TFF3,1
CDX2,UGT1A10,1
CDX2,UGT1A8,1
CEBPA,BCL2,-1
CEBPA,CCL2,1
CEBPA,CSF3R,1
CEBPA,HAMP,1
CEBPA,HSD17B11,1
CEBPA,HSPA4,1
CEBPA,IGF1,1
CEBPA,INSR,1
CEBPA,ITGAX,1
CEBPA,LEP,1
CEBPA,MYC,-1
CEBPA,S100A9,1
CEBPA,SERPINC1,1
CEBPA,SFTPD,1
CEBPA,SOCS3,1
CEBPA,SPP1,1
CEBPA,STAR,1
CEBPB,ABCB1,1
CEBPB,ADM,1
CEBPB,CDKN1A,1
CEBPB,CSF3R,1
CEBPB,CSRP1,1
CEBPB,CYP19A1,-1
CEBPB,FURIN,1
CEBPB,GDF15,1
CEBPB,GFER,-1
CEBPB,IL1B,1
CEBPB,IL4,1
CEBPB,IL6,1
CEBPB,INSR,1
CEBPB,IRF4,1
CEBPB,OXTR,1
CEBPB,PCK2,1
CEBPB,PRDM1,1
CEBPB,PRSS50,1
CEBPB,PTGS2,1
CEBPB,S100A9,1
CEBPB,SAA2,1
CEBPB,SFTPD,1
CEBPB,SLC19A1,1
CEBPB,SLC5A8,1
CEBPB,STAR,1
CEBPB,TNFAIP6,1
CEBPB,XBP1,1
CEBPD,CXCL1,1
CEBPD,CYP19A1,-1
CEBPD,DDIT3,1
CEBPD,IL23A,1
CEBPD,POU5F1,1
CEBPD,PPARG,1
CEBPD,SOD1,1
CEBPD,TNFAIP6,1
CEBPE,GATA1,-1
CEBPE,MYC,-1
CEBPE,PRG2,-1
CEBPG,SFTPD,1
CEBPZ,APC,1
CEBPZ,COL11A1,-1
CEBPZ,MLH1,-1
CHD4,CD79A,-1
CHD8,CCNE2,1
CIITA,COL1A1,-1
CIITA,COL1A2,-1
CIITA,HLA-A,1
CIITA,HLA-B,1
CIITA,HLA-C,1
CIITA,HLA-DMA,1
CIITA,HLA-DMB,1
CIITA,HLA-DOA,1
CIITA,HLA-DOB,1
CIITA,HLA-DRA,1
CIITA,IL4,1
CIITA,MMP9,-1
CIITA,PSMC5,1
CIITA,S100A4,-1
CIITA,SIRT1,-1
CITED2,MMP1,-1
CLOCK,BHLHE40,1
CLOCK,BHLHE41,1
CLOCK,CRY1,1
CLOCK,CRY2,1
CLOCK,1-Dec,1
CLOCK,NAMPT,1
CLOCK,NR0B2,1
CLOCK,NR3C1,-1
CLOCK,PER1,1
CLOCK,PER2,1
CLOCK,PER3,1
CLOCK,STAR,1
COPS5,CDKN1B,-1
COPS5,VEGFA,1
CRABP2,RARA,1
CREB1,ACACA,1
CREB1,BCL2,1
CREB1,BDNF,1
CREB1,CASP8,1
CREB1,CYP19A1,1
CREB1,ETV3,1
CREB1,GRPR,1
CREB1,HMOX1,-1
CREB1,IFNG,1
CREB1,IL10,1
CREB1,IL6,1
CREB1,JUN,-1
CREB1,LYL1,1
CREB1,MC2R,1
CREB1,MITF,1
CREB1,MUC4,1
CREB1,NDC80,1
CREB1,NOLC1,1
CREB1,NR2F1,-1
CREB1,NR2F6,-1
CREB1,NR5A2,1
CREB1,PCSK1,1
CREB1,PLAT,-1
CREB1,PPP2CA,1
CREB1,PPP2R2B,1
CREB1,PSEN1,1
CREB1,PTGS2,1
CREB1,SLC20A1,1
CREB1,SMAD6,1
CREB1,SNAI1,-1
CREB1,SNAI2,-1
CREB1,UXT,1
CREB3,CXCR4,1
CREB3L1,SLC1A4,-1
CREB5,ATP6V0E1,1
CREB5,CFB,1
CREB5,DGKG,1
CREB5,LGALS3BP,-1
CREB5,MAPKAPK3,1
CREB5,MX1,1
CREB5,RASGRP3,-1
CREB5,RDX,-1
CREB5,STAT1,-1
CREB5,TGFBR3,1
CREB5,TNFRSF11B,-1
CREBBP,ALOX15,1
CREBBP,CDKN1A,1
CREBBP,CREB1,1
CREBBP,HINFP,1
CREBBP,HOXA10,1
CREBBP,HOXA9,1
CREBBP,IL4,1
CREBBP,INSM1,1
CREBBP,IRF1,1
CREBBP,PSMC5,1
CREG1,HSPA4,-1
CREM,ACE,1
CREM,CCL4,-1
CREM,CCNA2,-1
CREM,CD247,-1
CREM,CREB1,-1
CREM,DUSP1,-1
CREM,DUSP4,-1
CREM,FASLG,-1
CREM,FOS,-1
CREM,G6PD,-1
CREM,IL2,-1
CREM,MC2R,1
CREM,SLC5A5,1
CRTC1,PPARGC1A,1
CRX,BEST1,1
CRX,NR2E3,1
CRX,RBP3,1
CRX,RHO,-1
CRX,RS1,1
CTBP1,BRCA1,-1
CTBP1,BRCA2,-1
CTBP1,CLDN7,-1
CTCF,APP,1
CTCF,BCL6,-1
CTCF,MYC,1
CTCF,PAX6,1
CTCF,RARRES1,1
CTCF,TERT,-1
CTCFL,BAG1,1
CTNNB1,CCND1,1
CTNNB1,CLDN2,1
CTNNB1,JUN,1
CTNNB1,MMP14,1
CTNNB1,MYC,1
CTNNB1,PLD1,1
CTNNB1,RB1,-1
CTNNB1,STARD7,1
CTNNB1,VIM,1
CUX1,CYBB,1
CUX1,WNT5A,1
DACH1,FOS,-1
DACH1,TNFSF11,-1
DAXX,AIRE,-1
DBP,CYP3A4,1
DBP,CYP7A1,1
DDB2,BCL2,-1
DDB2,SOD2,-1
DDIT3,ANKRD1,-1
DDIT3,ASNS,-1
DDIT3,ATF2,-1
DDIT3,ATF5,-1
DDIT3,ATG5,1
DDIT3,CEBPA,-1
DDIT3,IL6,1
DDIT3,MAP1LC3B,1
DDIT3,NOS3,-1
DDIT3,RTN3,1
DDIT3,SIRT1,-1
DDIT3,SIRT2,-1
DDIT3,TNFRSF10B,1
DDIT3,TRIB3,1
DEK,BCL2,1
DEK,PRDX5,-1
DENND4A,ERBB2,-1
DLX3,CGA,1
DLX4,BRCA1,-1
DLX5,IBSP,1
DLX5,IRS2,1
DLX5,MYC,1
DNMT1,BIRC5,-1
DNMT1,BMP2,-1
DNMT1,CASP8,-1
DNMT1,CDH1,-1
DNMT1,CDKN2A,-1
DNMT1,CXCR4,-1
DNMT1,GAD1,-1
DNMT1,IL32,-1
DNMT1,MBD2,-1
DNMT1,MSH2,1
DNMT1,RB1,-1
DNMT1,RELN,-1
DNMT1,TERT,1
DNMT1,TIMP3,-1
DNMT1,TNFRSF10B,-1
DNMT1,VEGFA,1
DNMT3A,CDH6,-1
DNMT3A,IGFBP3,-1
DNMT3L,TDG,-1
DR1,NR1I2,1
DR1,PTGS2,1
DR1,TBP,-1
E2F1,ABCB1,1
E2F1,APAF1,1
E2F1,AR,1
E2F1,ASF1B,1
E2F1,ATG5,1
E2F1,ATM,1
E2F1,AURKA,1
E2F1,BBC3,1
E2F1,BCL2,1
E2F1,BIRC5,1
E2F1,BRCA1,-1
E2F1,CASP7,1
E2F1,CCND1,1
E2F1,CCNE1,1
E2F1,CD2AP,1
E2F1,CDCA7,1
E2F1,CDK1,1
E2F1,CDKN1A,1
E2F1,CDKN2A,1
E2F1,CHEK2,1
E2F1,CTNNBIP1,1
E2F1,DAPK2,1
E2F1,DBF4,1
E2F1,DHFR,1
E2F1,DIRAS3,-1
E2F1,DNMT1,-1
E2F1,DRAM1,1
E2F1,DROSHA,1
E2F1,DUSP1,1
E2F1,E2F6,1
E2F1,ERCC1,1
E2F1,ERCC5,1
E2F1,ETV4,1
E2F1,FANCA,1
E2F1,FGFR1,1
E2F1,FHIT,-1
E2F1,FOXM1,1
E2F1,FZD1,1
E2F1,HIC1,1
E2F1,HMGA1,1
E2F1,HSPA5,-1
E2F1,IRF3,-1
E2F1,ISYNA1,1
E2F1,KIF2C,1
E2F1,LRBA,1
E2F1,MAP1LC3A,1
E2F1,MAP3K5,1
E2F1,MCL1,-1
E2F1,MCPH1,1
E2F1,MDM2,-1
E2F1,MEFV,1
E2F1,MT1G,1
E2F1,MUC4,1
E2F1,MYBL2,1
E2F1,MYC,1
E2F1,MYCN,1
E2F1,NOX4,1
E2F1,NPAT,1
E2F1,NRIP1,1
E2F1,PCNA,1
E2F1,PCSK6,1
E2F1,PDK4,-1
E2F1,PLK1,1
E2F1,PNRC2,-1
E2F1,PPARG,1
E2F1,PPP1R13B,1
E2F1,RASGEF1B,1
E2F1,RASGRP1,1
E2F1,RB1,1
E2F1,RBM38,1
E2F1,RRM1,1
E2F1,RRM2,1
E2F1,SERPINB5,1
E2F1,SERPINE1,-1
E2F1,SIVA1,1
E2F1,SKP2,1
E2F1,TERT,1
E2F1,THBS1,1
E2F1,TLR3,-1
E2F1,TNFSF11,1
E2F1,TOP2A,1
E2F1,TP53,1
E2F1,TP53BP2,1
E2F1,TP53INP1,1
E2F1,TP73,1
E2F1,TYMS,1
E2F1,UHRF1,1
E2F1,ULK1,1
E2F1,VEGFA,-1
E2F1,WWOX,-1
E2F1,XRCC1,1
E2F3,AURKA,1
E2F3,CDKN1A,1
E2F4,BRCA1,1
E2F4,DIRAS3,-1
E2F4,HCFC1,1
E2F4,MCM10,-1
E2F4,PLK1,-1
E2F4,PPARG,-1
E2F4,RAD51,-1
E2F4,TOPBP1,-1
E2F4,TTK,-1
E2F6,APAF1,-1
E2F6,E2F1,-1
E2F7,E2F1,-1
E2F8,E2F1,-1
E4F1,CCNA2,-1
EAF1,ELL,1
EAPP,ABCB1,1
EAPP,CDKN2A,-1
EAPP,MAOB,-1
EBF3,CDKN1A,1
EGR1,ABCB1,1
EGR1,ACE,1
EGR1,ALOX5,1
EGR1,AR,-1
EGR1,ATF3,1
EGR1,BCAR1,1
EGR1,CCND1,1
EGR1,CDK5R1,1
EGR1,CDKN1A,1
EGR1,CHGA,1
EGR1,CYP2B6,1
EGR1,EAPP,1
EGR1,EGFR,1
EGR1,EP300,1
EGR1,FAS,-1
EGR1,FCER2,-1
EGR1,FGF2,1
EGR1,FN1,1
EGR1,GDF15,1
EGR1,HIF1A,1
EGR1,HPSE,1
EGR1,HSD11B2,-1
EGR1,HYAL1,1
EGR1,IGF2,1
EGR1,IL6,-1
EGR1,LDLR,1
EGR1,LHB,1
EGR1,LMTK2,1
EGR1,MMP14,1
EGR1,MYB,-1
EGR1,NAB2,1
EGR1,PCSK2,1
EGR1,PDGFB,1
EGR1,PDGFC,1
EGR1,PLAU,1
EGR1,PLAUR,1
EGR1,PTEN,1
EGR1,PTGES,1
EGR1,PTGS2,-1
EGR1,RBL2,1
EGR1,SLC4A2,1
EGR1,SLC9A3,1
EGR1,SOD1,1
EGR1,STIM1,1
EGR1,SYN1,1
EGR1,TCF4,1
EGR1,TMPO,1
EGR1,TNF,1
EGR1,TNFSF10,-1
EGR1,TP53,1
EGR1,UBE2S,1
EGR1,VEGFA,1
EGR1,WNT4,-1
EGR2,FASLG,-1
EGR2,SCD5,-1
EGR3,CAT,1
EGR3,NAB2,1
EHF,DCDC2,-1
EHMT2,RUNX3,1
EHMT2,SIAH1,-1
ELF1,CD68,1
ELF1,FLI1,1
ELF1,MEIS1,1
ELF1,TEK,1
ELF2,TEK,1
ELF2,VCP,1
ELF3,KRT4,-1
ELF3,MMP9,-1
ELF3,SPRR2A,1
ELF3,TIMP3,1
ELF4,HBD,1
ELF4,MMP9,-1
ELF4,TP53,-1
ELK1,EIF2AK1,1
ELK1,EZH2,1
ELK1,FOSL1,1
ELK1,MECOM,1
ELK1,MUC4,1
ELK1,PSEN1,1
ELK1,TNFRSF10B,1
ELK3,MYH6,-1
ELK4,FOS,1
ELL,BAX,-1
ELL,CDKN1A,-1
ELL,E2F1,-1
ELL,MDM2,-1
EN1,UTRN,-1
ENO1,MYC,-1
EP300,ALOX15,1
EP300,BIRC5,1
EP300,BRCA1,1
EP300,CA9,1
EP300,CCNE1,1
EP300,CDKN1A,1
EP300,CRABP1,1
EP300,CYBB,-1
EP300,DNMT1,1
EP300,EIF2AK1,1
EP300,EPO,1
EP300,GFAP,1
EP300,HINFP,1
EP300,IFNG,1
EP300,IGFBP3,1
EP300,IL12B,1
EP300,KRT16,1
EP300,LAMA3,-1
EP300,MMP9,1
EP300,MYC,-1
EP300,NR0B2,1
EP300,NR1H4,-1
EP300,PCNA,-1
EP300,PTGS2,1
EP300,TBXAS1,1
EP300,THBD,-1
EP300,TP73,1
EP300,TRIM22,1
EP300,VCAM1,1
EP300,VEGFA,1
EP300,WT1,1
EPAS1,CA9,1
EPAS1,CCR7,1
EPAS1,COL10A1,1
EPAS1,FLT1,1
EPAS1,MMP14,1
EPAS1,MSC,1
EPAS1,SERPINE1,1
EPAS1,VEGFA,1
ERCC2,BAX,1
ERCC2,BCL2,-1
ERCC2,CDKN1A,1
ERCC2,TP53,1
ERF,ETS2,-1
ERF,PRL,-1
ERF,UTRN,-1
ERG,ADAMTS1,1
ERG,CXCR4,1
ERG,ENG,1
ERG,EPB41L3,-1
ERG,EPB41L4B,1
ERG,ERG,1
ERG,FGF2,-1
ERG,ICAM1,-1
ERG,ILK,-1
ERG,PIM1,1
ERG,SPP1,1
ERG,TDRD1,1
ERG,VIM,1
ERG,VWF,1
ERG,WNT11,1
ESR1,AMH,1
ESR1,AR,1
ESR1,BCL2,1
ESR1,BLM,1
ESR1,BTG2,-1
ESR1,CCNA2,1
ESR1,CCND1,1
ESR1,CD24,-1
ESR1,CDKN1A,1
ESR1,CDKN1B,-1
ESR1,CRH,-1
ESR1,CRHBP,1
ESR1,CTNNB1,-1
ESR1,CYP19A1,1
ESR1,CYP1A1,-1
ESR1,CYP2C19,-1
ESR1,DCT,1
ESR1,F12,1
ESR1,FOXP1,1
ESR1,GREB1,1
ESR1,HSPB1,1
ESR1,HTRA2,1
ESR1,JUN,1
ESR1,JUNB,1
ESR1,KDR,1
ESR1,KRT19,1
ESR1,NQO1,-1
ESR1,NRF1,1
ESR1,PGR,1
ESR1,PLAC1,1
ESR1,PMAIP1,1
ESR1,PTMA,-1
ESR1,RARA,1
ESR1,SERPINE1,1
ESR1,TAC3,1
ESR1,TERT,1
ESR1,TGFA,1
ESR1,TP53,-1
ESR1,UGT2B15,1
ESR1,VEGFA,1
ESR1,ZEB1,1
ESR1,ZFHX3,1
ESR2,BRCA2,-1
ESR2,CDKN1A,1
ESR2,CRH,-1
ESR2,INSR,-1
ESR2,SERPINE1,-1
ESR2,TGFA,1
ESRRA,CYP19A1,1
ESRRA,NR2F1,-1
ESRRA,NR2F6,-1
ESRRA,NRIP1,1
ESRRA,SNAI1,-1
ESRRA,SNAI2,-1
ESRRG,NR0B1,1
ETS1,ABCB1,1
ETS1,ANGPT2,1
ETS1,ANPEP,1
ETS1,BAX,-1
ETS1,BMP4,1
ETS1,CA9,-1
ETS1,CASP1,1
ETS1,CD8A,1
ETS1,CHUK,1
ETS1,CSF3R,1
ETS1,ECE1,1
ETS1,EGR1,1
ETS1,ERG,1
ETS1,FLI1,1
ETS1,GP6,1
ETS1,GRPR,1
ETS1,IL2,-1
ETS1,IL2RB,1
ETS1,LCK,1
ETS1,MDM2,-1
ETS1,MMP1,1
ETS1,MMP9,1
ETS1,MUC4,1
ETS1,MYB,1
ETS1,NDRG1,-1
ETS1,NKX3-1,1
ETS1,PARP1,1
ETS1,PF4,1
ETS1,PRL,1
ETS1,PTHLH,1
ETS1,RHOC,1
ETS1,SLC26A3,1
ETS1,TBXA2R,1
ETS1,TBXAS1,-1
ETS1,TERT,-1
ETS1,TFAP2A,1
ETS1,TGFBR2,1
ETS1,TMEM158,1
ETS1,TNC,1
ETS1,TNFSF14,1
ETS1,WT1,1
ETS2,ANGPT2,1
ETS2,ANPEP,1
ETS2,CGA,1
ETS2,CHRNE,1
ETS2,CSF3R,1
ETS2,ERG,1
ETS2,FLI1,1
ETS2,ICAM1,1
ETS2,LCK,1
ETS2,MDM2,1
ETS2,MMP9,1
ETS2,MSR1,1
ETV3,NFKB1,-1
ETV3,RELA,-1
ETV4,CCND2,1
ETV4,CCND3,1
ETV4,ERBB2,-1
ETV4,ETS1,1
ETV4,MMP14,1
ETV4,MUC4,1
ETV4,PTGS2,1
ETV4,TERT,1
ETV4,VIM,1
ETV5,ICAM1,1
ETV6,BBC3,1
ETV6,CDKN1A,1
ETV6,GAS2,-1
ETV6,IGFBP5,1
ETV6,MAD2L1,-1
EVX1,GSC,-1
EWSR1,MITF,1
EWSR1,PHLDA1,-1
EWSR1,TERT,1
EWSR1,TGFBR2,-1
EZH2,ADAMTS1,-1
EZH2,ADRB2,-1
EZH2,ALDH1A1,-1
EZH2,APC,-1
EZH2,AXL,1
EZH2,CCND1,1
EZH2,CCNE1,1
EZH2,CDH1,-1
EZH2,CDKN1A,-1
EZH2,CDKN2A,-1
EZH2,CDKN2B,-1
EZH2,CIITA,-1
EZH2,DACT3,-1
EZH2,FBXO32,-1
EZH2,FOXC1,-1
EZH2,HDAC1,-1
EZH2,HOXB13,-1
EZH2,KPNB1,1
EZH2,MMP2,1
EZH2,MST1,-1
EZH2,MYC,-1
EZH2,PCNA,1
EZH2,PEBP1,-1
EZH2,PIP5K1C,-1
EZH2,RPLP0,1
EZH2,RUNX3,-1
EZH2,SATB1,-1
EZH2,SNAI2,-1
EZH2,SSTR1,-1
EZH2,TP53,-1
EZH2,TWIST1,-1
FHL2,CCND1,-1
FHL2,CDKN1A,1
FHL2,CDKN1B,1
FLI1,COL1A2,-1
FLI1,ERG,1
FLI1,EYA3,1
FLI1,FLI1,1
FLI1,FOXM1,1
FLI1,GATA1,1
FLI1,GP6,1
FLI1,ID2,1
FLI1,IGFBP3,-1
FLI1,IL10,1
FLI1,MMP1,-1
FLI1,MPL,1
FLI1,PHLDA1,-1
FLI1,TERT,1
FLI1,TGFBR2,1
FOS,CASP9,1
FOS,CCK,1
FOS,CCND1,-1
FOS,CLU,-1
FOS,CREM,1
FOS,DDIT3,1
FOS,ERCC4,1
FOS,EZR,1
FOS,FAS,1
FOS,FMO4,1
FOS,FOS,-1
FOS,HSPH1,1
FOS,MMP1,1
FOS,MMP9,1
FOS,MYC,-1
FOS,NEFL,1
FOS,NFKB1,-1
FOS,NOS2,1
FOS,PTGS2,1
FOS,SLC10A2,-1
FOS,SMAD7,1
FOS,SOX7,1
FOS,SRR,1
FOSB,TIMP1,-1
FOSL1,ITGAV,-1
FOSL1,ITGB3,-1
FOSL2,BCL6,1
FOSL2,BRCA1,1
FOSL2,FOSL1,1
FOSL2,MDM2,1
FOSL2,MYB,1
FOSL2,NOS2,1
FOSL2,TIMP1,-1
FOSL2,UGT2B15,1
FOXA1,ABCA1,-1
FOXA1,APOB,1
FOXA1,BCL2,-1
FOXA1,HSPA1A,1
FOXA1,KRT7,1
FOXA1,NF1,1
FOXA1,RPRM,-1
FOXA1,SERPINC1,-1
FOXA1,SFTPB,1
FOXA1,UGT2B17,1
FOXA2,ABCA1,-1
FOXA2,CDH1,1
FOXA2,NR5A2,1
FOXA2,PAX6,-1
FOXA2,SERPINC1,-1
FOXA2,SOX14,1
FOXA2,TPO,1
FOXC1,FGF19,1
FOXD3,CYFIP2,1
FOXD3,MITF,-1
FOXD3,NDRG1,1
FOXD3,RARB,1
FOXD3,SPP1,1
FOXE1,MSX1,1
FOXF1,GH2,1
FOXF2,BAMBI,1
FOXF2,CXCL12,1
FOXF2,ITGB1,-1
FOXF2,MT1E,-1
FOXF2,MT1F,-1
FOXF2,PDGFA,-1
FOXF2,WASF2,1
FOXG1,CDKN1A,-1
FOXH1,AR,-1
FOXL1,BMP4,1
FOXL2,CCND2,-1
FOXL2,CYP11A1,-1
FOXL2,CYP19A1,-1
FOXL2,SIRT1,1
FOXL2,STAR,-1
FOXM1,AR,1
FOXM1,BTG2,1
FOXM1,CCNB1,1
FOXM1,CDC25B,1
FOXM1,CDC6,1
FOXM1,CDKN2A,-1
FOXM1,FGB,-1
FOXM1,MYC,1
FOXM1,SFTPB,1
FOXN1,DSG4,-1
FOXO1,ADIPOR1,1
FOXO1,AR,-1
FOXO1,CDKN1B,1
FOXO1,CXCR4,1
FOXO1,EGR1,-1
FOXO1,FABP4,1
FOXO1,IL6,1
FOXO1,TNFSF10,1
FOXO1,TXNIP,-1
FOXO3,AR,1
FOXO3,BCL6,1
FOXO3,CCND2,-1
FOXO3,FASLG,1
FOXO3,FOXM1,-1
FOXO3,GALT,1
FOXO3,MYOCD,-1
FOXO3,SIRT1,1
FOXO3,SIRT6,1
FOXO3,TNFSF10,1
FOXO3,TXNIP,1
FOXO4,BCL6,1
FOXO4,CREB1,1
FOXO4,HIF1A,-1
FOXO4,SOD2,1
FOXO4,TNFSF10,1
FOXP2,CNTNAP2,-1
FOXP2,MET,-1
FOXP2,NKX2-1,-1
FOXP2,PLAUR,1
FOXP2,SRPX,1
FOXP3,BRCA1,-1
FOXP3,IL2,-1
FOXP3,IL2RA,1
FOXP3,USP21,1
FOXQ1,BCL11A,1
FOXQ1,RSPO2,1
FOXQ1,TWIST1,1
FOXQ1,VEGFA,1
FOXQ1,WNT3A,1
FUS,DDIT3,1
FUS,MDM2,-1
GATA1,AGGF1,1
GATA1,BACH1,1
GATA1,BST2,1
GATA1,CBFB,-1
GATA1,CDA,1
GATA1,CDC6,1
GATA1,CEBPA,-1
GATA1,CYBB,1
GATA1,DACH1,-1
GATA1,DICER1,1
GATA1,EPO,1
GATA1,EPOR,1
GATA1,GATA1,1
GATA1,GP1BB,1
GATA1,GP6,1
GATA1,GYPB,1
GATA1,HEMGN,-1
GATA1,MPL,1
GATA1,PF4,1
GATA1,PRG2,1
GATA1,PTGFR,-1
GATA1,TBXA2R,1
GATA1,WT1,1
GATA1,ZNF268,-1
GATA2,ADH1A,1
GATA2,AR,1
GATA2,CYBB,-1
GATA2,EPO,-1
GATA2,GATA1,1
GATA2,MS4A2,1
GATA2,NOS3,1
GATA2,PPARG,-1
GATA2,PRG2,-1
GATA2,WT1,1
GATA3,CD40LG,1
GATA3,CD8A,1
GATA3,CDH1,1
GATA3,CDH3,-1
GATA3,CDX2,1
GATA3,CHST4,1
GATA3,CXCL1,-1
GATA3,EPO,-1
GATA3,ERG,1
GATA3,FOXC1,-1
GATA3,FOXC2,-1
GATA3,HSD17B1,-1
GATA3,IL12RB2,-1
GATA3,LOX,-1
GATA3,MUC1,1
GATA3,STAT4,-1
GATA3,TEK,1
GATA3,ZEB1,1
GATA4,AMH,1
GATA4,CCND2,1
GATA4,ERBB2,-1
GATA4,FABP2,1
GATA4,HAMP,1
GATA4,HDAC9,-1
GATA4,IAPP,1
GATA4,NOS3,1
GATA4,NPPA,1
GATA6,CAV1,-1
GATA6,CYP11A1,1
GATA6,DAB2,1
GATA6,PLAU,-1
GATA6,SULT2A1,1
GBX2,IL6,1
GCM1,PGF,1
GCM2,PTH,1
GFI1,BAX,-1
GFI1,CYP27B1,-1
GFI1B,MEF2C,-1
GLI1,BCL2,1
GLI1,BHLHE41,1
GLI1,CDK2,1
GLI1,CYR61,1
GLI1,EGR2,-1
GLI1,FAS,-1
GLI1,H2AFX,-1
GLI1,PDGFRA,1
GLI1,SFRP1,1
GLI1,SOCS1,1
GLI1,TNFRSF10B,-1
GLI2,BCL2,1
GLI2,CDH1,-1
GLI2,FAS,-1
GLI2,FOXF1,1
GLI2,FST,1
GLI2,H2AFX,-1
GLI2,IFITM5,1
GLI2,PDGFRA,1
GLI2,SOCS1,1
GLI2,TNFRSF10B,-1
GLI2,WNT2B,1
GLI3,HLA-G,-1
GLI3,SMO,1
GLI3,VMP1,1
GTF2I,HSPA5,1
GTF2I,SIRT1,1
GTF3A,BAG3,1
GZF1,HOXA10,-1
HAND2,DBH,1
HAND2,NPPA,1
HAND2,PHOX2A,1
HAX1,ATP2A2,-1
HBP1,CDKN1A,-1
HBP1,DNMT1,-1
HBP1,MIF,-1
HBP1,NCF1,-1
HCFC1,E2F1,1
HCFC1,E2F4,-1
HDAC1,ABCB1,-1
HDAC1,BAMBI,-1
HDAC1,BCL2A1,1
HDAC1,BIRC3,1
HDAC1,BRCA2,-1
HDAC1,CCND1,1
HDAC1,CCND2,-1
HDAC1,CD1D,-1
HDAC1,CD44,-1
HDAC1,CD82,-1
HDAC1,CDH1,-1
HDAC1,CDKN1A,-1
HDAC1,CLDN7,1
HDAC1,COL1A2,1
HDAC1,E2F1,-1
HDAC1,EGFR,-1
HDAC1,EGR1,-1
HDAC1,EIF2AK1,-1
HDAC1,ESR1,-1
HDAC1,FOS,-1
HDAC1,GAD1,-1
HDAC1,GRIN2B,1
HDAC1,HLA-DRA,-1
HDAC1,HSPA5,-1
HDAC1,ICAM1,1
HDAC1,IGFBP3,1
HDAC1,IL2,-1
HDAC1,KLF4,-1
HDAC1,MMP28,-1
HDAC1,MMP9,-1
HDAC1,PCNA,-1
HDAC1,PHB,-1
HDAC1,PTGS2,1
HDAC1,RARB,-1
HDAC1,RECK,1
HDAC1,RECQL4,-1
HDAC1,RELN,-1
HDAC1,RHOB,-1
HDAC1,RUNX3,1
HDAC1,SNAI2,-1
HDAC1,SP1,-1
HDAC1,SPP1,-1
HDAC1,TJP1,-1
HDAC1,TP53,-1
HDAC1,TXNIP,-1
HDAC10,TXNIP,-1
HDAC11,IL10,-1
HDAC11,TNF,-1
HDAC11,TNFSF4,1
HDAC2,ALOX5,1
HDAC2,APAF1,-1
HDAC2,BMP7,-1
HDAC2,CCNE1,-1
HDAC2,CD1D,-1
HDAC2,CDH1,-1
HDAC2,COL1A2,-1
HDAC2,DNMT1,-1
HDAC2,KLF4,-1
HDAC2,PHB,-1
HDAC2,SNAI2,-1
HDAC2,SP1,-1
HDAC2,TGFBR2,-1
HDAC2,TNFSF10,-1
HDAC2,TWIST1,-1
HDAC3,ALOX5,1
HDAC3,CDH1,-1
HDAC3,CDKN2A,-1
HDAC3,CXCR4,-1
HDAC3,GAS2,-1
HDAC3,GATA2,-1
HDAC3,GRHL1,-1
HDAC3,IFNA1,-1
HDAC3,JUN,-1
HDAC3,MMP2,-1
HDAC3,MYC,-1
HDAC4,CDKN1A,-1
HDAC4,CDKN2A,-1
HDAC4,HOXB13,-1
HDAC4,IL10,-1
HDAC4,JUN,1
HDAC4,MEF2A,-1
HDAC4,PTGS2,1
HDAC4,RUNX2,-1
HDAC4,TGIF1,1
HDAC4,TGIF2,1
HDAC4,VCAM1,1
HDAC4,VEGFA,-1
HDAC4,WT1,-1
HDAC5,FGF2,-1
HDAC5,MEF2A,-1
HDAC5,SLC2A1,1
HDAC5,SLC2A4,-1
HDAC5,SLIT2,-1
HDAC5,WT1,-1
HDAC5,YY1,1
HDAC7,ACTN4,-1
HDAC7,AKAP12,-1
HDAC7,CDKN1A,1
HDAC7,ESR1,-1
HDAC7,HDC,-1
HDAC7,HIF1A,1
HDAC7,MEF2A,-1
HDAC7,MEF2C,-1
HDAC7,MEF2D,-1
HDAC7,MMP10,-1
HDAC9,CDKN2A,1
HDAC9,CFLAR,1
HDAC9,CITED2,-1
HDAC9,DIRAS3,-1
HDAC9,ESR1,-1
HDAC9,HSPA5,-1
HDAC9,MEF2A,-1
HDAC9,MYEF2,-1
HDAC9,NFKB1,-1
HDAC9,PRL,-1
HDAC9,RELA,-1
HDAC9,STAT6,-1
HDAC9,TNFRSF10B,-1
HDAC9,TP53,-1
HDGF,CDH1,-1
HDGF,FAS,1
HDGF,VEGFA,1
HDGF,VEGFB,1
HDGF,VIM,1
HES1,ASCL1,-1
HES1,CD4,-1
HES1,DBF4,1
HES1,E2F1,-1
HES1,MAP2,-1
HES1,PTEN,-1
HES1,PTGDS,-1
HES6,ASCL1,-1
HEXIM1,CCND1,-1
HEY1,ACTA2,-1
HEY1,BMP2,-1
HEY1,GATA4,-1
HEY1,GATA6,-1
HEY1,KDR,-1
HEY1,OCLN,1
HEY1,PROX1,-1
HEY2,ACTA2,-1
HEY2,GATA4,-1
HEY2,GATA6,-1
HEYL,AR,-1
HHEX,HNF4A,1
HHEX,SLC5A5,1
HIC1,E2F1,-1
HIC1,EPHA2,-1
HIC1,LRP8,-1
HIC1,MYC,-1
HIC1,SIRT1,-1
HIC1,STAT3,1
HIC1,VEGFA,-1
HIC1,VLDLR,-1
HIF1A,ABCB1,-1
HIF1A,ACE,1
HIF1A,ACE2,-1
HIF1A,ALAS2,1
HIF1A,ALDOA,1
HIF1A,APEX1,-1
HIF1A,AR,1
HIF1A,ASS1,1
HIF1A,BAX,1
HIF1A,BID,-1
HIF1A,BNIP3,1
HIF1A,CA9,1
HIF1A,CCND1,-1
HIF1A,CCR7,1
HIF1A,CDH1,-1
HIF1A,CTGF,1
HIF1A,CXCR4,1
HIF1A,E2F3,1
HIF1A,EDN1,1
HIF1A,EDNRB,1
HIF1A,ENO1,1
HIF1A,EPO,1
HIF1A,FGF2,1
HIF1A,HBEGF,1
HIF1A,HIF1A,-1
HIF1A,ITGB2,1
HIF1A,LDHA,1
HIF1A,LEP,1
HIF1A,MET,1
HIF1A,MICA,1
HIF1A,MIF,1
HIF1A,MMP2,1
HIF1A,NR4A1,1
HIF1A,NT5E,1
HIF1A,PGK1,1
HIF1A,PTGES,1
HIF1A,RECK,-1
HIF1A,RORA,1
HIF1A,SDHB,-1
HIF1A,SETD2,1
HIF1A,SLC29A1,-1
HIF1A,SLC2A1,1
HIF1A,SOCS1,1
HIF1A,TERT,1
HIF1A,TGFB3,1
HIF1A,TIMP2,1
HIF1A,TWIST1,1
HIF1A,VEGFA,1
HIF1A,VIM,1
HIF1A,WASF3,1
HIF1A,XPC,1
HIF1A,ZNF217,1
HINFP,MBD2,-1
HIPK2,CDKN1A,1
HIPK2,HIF1A,-1
HIPK2,MEF2C,-1
HIPK2,NOX1,-1
HIPK2,VEGFA,-1
HIPK2,VIM,-1
HIRA,PLB1,-1
HLF,DBP,1
HLF,RUNX1,-1
HLTF,OCA2,1
HMGA1,BRCA1,-1
HMGA1,CD44,1
HMGA1,CDC25A,1
HMGA1,CDH1,-1
HMGA1,INSR,1
HMGA1,KL,1
HMGA1,PTGS2,1
HMGA1,SLC2A3,1
HMGA1,TWIST1,1
HMGA1,XPA,-1
HMGA2,CDH1,1
HMGA2,COL11A2,1
HMGB2,GFI1B,1
HMGB2,TNF,1
HNF1A,ACAT2,1
HNF1A,CDH17,1
HNF1A,LCT,1
HNF1A,MTTP,1
HNF1A,SLC22A9,1
HNF1A,TM4SF1,-1
HNF1A,UGT1A10,1
HNF1A,UGT1A8,1
HNF1A,UGT1A9,1
HNF1A,UGT2B17,1
HNF1A,UGT2B7,1
HNF4A,ABCG5,-1
HNF4A,ABCG8,-1
HNF4A,AFP,1
HNF4A,C1QTNF5,1
HNF4A,CEACAM1,1
HNF4A,CYP2C8,1
HNF4A,CYP2C9,1
HNF4A,CYP2D6,1
HNF4A,CYP7A1,-1
HNF4A,FABP2,1
HNF4A,GFER,-1
HNF4A,GH1,-1
HNF4A,LDLR,1
HNF4A,MTTP,1
HNF4A,MYC,1
HNF4A,NPC1L1,1
HNF4A,NR1I2,1
HNF4A,PCSK9,1
HNF4A,RNASE2,1
HNF4A,SERPINC1,1
HNF4A,SHBG,1
HNF4G,AFP,1
HNF4G,CYP2D6,1
HOPX,FLG,1
HOPX,FOS,-1
HOPX,LOR,1
HOXA1,BCL2,1
HOXA1,CCND1,1
HOXA1,MYC,1
HOXA10,BHLHE22,1
HOXA10,CDKN1C,-1
HOXA10,EMX2,1
HOXA10,ID2,1
HOXA10,IL11,-1
HOXA10,IL15,1
HOXA10,KLF9,-1
HOXA10,MYCN,-1
HOXA10,PHGDH,-1
HOXA10,SNAI1,-1
HOXA10,TP53,1
HOXA11,HOXA10,-1
HOXA7,CDH1,1
HOXA7,KRT10,1
HOXA7,VIM,1
HOXA9,ARHGEF1,1
HOXA9,ID2,1
HOXA9,MYCN,1
HOXA9,NFKB1,-1
HOXA9,RELA,-1
HOXB13,TCF4,-1
HOXB7,CCND1,1
HOXB7,CDKN1B,-1
HOXB7,DAPK1,-1
HOXB7,EGFR,1
HOXB7,FGF2,1
HOXB7,MMP2,1
HOXB7,PDGFA,1
HOXB7,THBS2,-1
HOXB7,VEGFA,1
HOXB7,WNT5A,1
HOXC10,HOXB8,-1
HOXC13,DSG4,-1
HOXC6,IGFBP3,-1
HOXC6,MME,-1
HOXD9,HOXD9,1
HR,OLR1,1
HSF1,ATG7,1
HSF1,BAG3,-1
HSF1,CDKN1A,-1
HSF1,HSD17B6,-1
HSF1,HSPA4,1
HSF1,IL1B,-1
HSF1,LDHA,1
HSF1,MICA,1
HSF1,MICB,1
HSF1,NAT1,1
HSF1,POLK,1
HSF1,SERPINE1,1
HSF2,HSPA4,1
HSF2,MAP2K4,-1
HSF2,MAPK8,-1
HSF2,TNFSF11,1
HSF4,DNASE2B,1
HTATIP2,MMP2,-1
HTATIP2,SPP1,-1
HTATIP2,VEGFA,-1
ID1,ZNF148,-1
ID2,SNAI1,1
ID3,TCF3,-1
ID4,BRCA1,-1
IFI16,ICAM1,-1
IFI16,MYC,-1
IFI16,WT1,1
IKBKB,CD44,-1
IKBKB,MMP9,-1
IKBKB,NOS2,-1
IKBKB,VCAM1,-1
IKZF1,FGFR4,1
ILF2,ACRV1,1
ILF3,ACRV1,1
ILF3,BIRC5,1
ILF3,HLA-DRA,-1
ILF3,IL2,1
ILF3,PLAU,1
ING1,AFP,-1
ING1,BAX,1
ING1,CASP3,1
ING1,CDKN1A,1
ING1,TP53,1
ING2,BCL2,-1
ING4,ANGPT1,-1
ING4,ARL6IP5,1
ING4,BAX,1
ING4,BCL2,-1
ING4,CASP3,1
ING4,CCND1,-1
ING4,CDKN1A,1
ING4,CDKN1B,1
ING4,NGF,-1
ING4,NTRK1,-1
ING4,PTGS2,-1
ING4,SKP2,-1
ING4,SPP1,-1
ING4,TP53,1
IRF1,BCL2,-1
IRF1,CASP7,1
IRF1,CCNB1,-1
IRF1,CCNE1,-1
IRF1,CD40,1
IRF1,CDK1,-1
IRF1,CDK2,-1
IRF1,CDK4,-1
IRF1,CDKN1A,-1
IRF1,CEACAM1,1
IRF1,CIITA,1
IRF1,CYBB,1
IRF1,DDX58,1
IRF1,DST,-1
IRF1,E2F1,-1
IRF1,EIF2AK2,1
IRF1,FOXP3,-1
IRF1,HLA-A,1
IRF1,IFIT3,1
IRF1,IFNA1,1
IRF1,IFNA13,1
IRF1,IFNG,1
IRF1,IL10,1
IRF1,IRF2,1
IRF1,MYB,-1
IRF1,NCF2,1
IRF1,PSMB9,1
IRF1,SOCS1,1
IRF1,SOCS2,1
IRF1,TAP1,1
IRF1,TNFSF10,1
IRF2,CIITA,1
IRF2,CXCR4,-1
IRF2,DST,-1
IRF2,IFNGR1,-1
IRF2,TAP1,1
IRF3,ABCC2,1
IRF3,IFNA1,1
IRF3,MAVS,1
IRF3,PURA,-1
IRF3,SOCS2,1
IRF4,BCL6,-1
IRF4,CD68,-1
IRF4,FCER2,1
IRF4,IRF3,-1
IRF5,IFNA1,1
IRF5,PDLIM7,-1
IRF7,ATF4,1
IRF7,CD80,1
IRF7,IFNA1,1
IRF7,IFNA13,1
IRF7,IFNA2,1
IRF8,CD68,-1
IRF8,CYBB,1
IRF8,GAS2,-1
IRF8,IL1B,1
IRF8,NCF2,1
IRF8,NF1,1
IRF8,TLR3,-1
IRF9,CCND2,-1
IRF9,CDKN1A,1
IRF9,CDKN1B,1
IRF9,NCAM1,1
IRF9,PML,1
IRF9,SP100,1
ISL1,MEF2C,1
JDP2,ATF3,-1
JDP2,DDIT3,-1
JUN,ABCB1,1
JUN,AR,-1
JUN,ATF3,1
JUN,BECN1,1
JUN,BEX2,1
JUN,BRCA1,1
JUN,CCK,1
JUN,CCL2,1
JUN,CCND1,1
JUN,CD82,1
JUN,CDKN1A,-1
JUN,CREM,1
JUN,CSF1,1
JUN,CTGF,-1
JUN,CYP19A1,-1
JUN,DCN,-1
JUN,DDIT3,1
JUN,EGFR,1
JUN,ETS1,1
JUN,EZR,1
JUN,FAS,1
JUN,FOSL1,1
JUN,GJA1,1
JUN,HEY1,1
JUN,IFNG,1
JUN,IL12B,1
JUN,IL2,-1
JUN,IL6,1
JUN,JUN,1
JUN,KRT16,1
JUN,LBP,-1
JUN,LDHA,1
JUN,LGALS3,1
JUN,LOR,1
JUN,MAPK8,1
JUN,MAT2A,1
JUN,MEF2D,1
JUN,MMP1,1
JUN,MMP2,1
JUN,MMP3,1
JUN,MMP9,1
JUN,MSR1,1
JUN,MYC,-1
JUN,NAMPT,1
JUN,NEFL,1
JUN,NEIL1,1
JUN,NOS2,1
JUN,NOX5,1
JUN,PGR,-1
JUN,PLAT,1
JUN,PLAUR,1
JUN,PPARD,1
JUN,PTGS2,1
JUN,PTN,1
JUN,RARA,-1
JUN,RARB,1
JUN,RARG,-1
JUN,RHOB,1
JUN,SMAD7,1
JUN,SMN1,-1
JUN,SOX7,1
JUN,STMN1,1
JUN,TERT,-1
JUN,TNC,1
JUN,TNF,1
JUN,TNFRSF1B,1
JUN,TP53,-1
JUN,UGT2B15,1
JUN,VCAM1,1
JUN,VDR,1
JUN,VEGFA,-1
JUNB,CD82,1
JUNB,EGFR,1
JUNB,IL4,1
JUNB,LOR,-1
JUNB,PTGS2,1
JUND,BCL6,1
JUND,CCND1,1
JUND,FOSL1,1
JUND,GADD45A,1
JUND,IL6,1
JUND,ITGAV,-1
JUND,ITGB3,-1
JUND,MDM2,1
JUND,MYB,1
JUND,NOS2,1
JUND,PTGS2,1
JUND,SOX4,1
KAT2B,CDK2,-1
KAT2B,CDKN1A,1
KAT2B,CDKN1B,1
KAT2B,IRF7,-1
KAT2B,RB1,1
KAT2B,SMAD4,1
KAT2B,ZEB1,-1
KAT5,ERCC1,1
KAT5,GMPS,-1
KAT5,HDC,-1
KAT5,STAT3,-1
KAT6A,HOXA9,1
KCNIP3,GCM1,-1
KCNIP3,SLC8A3,-1
KDM2A,EREG,-1
KDM4B,AR,1
KDM4C,JAG1,1
KHDRBS1,IGF2,1
KHDRBS1,LEP,1
KLF10,CDKN1A,1
KLF10,EGFR,-1
KLF10,FGFR1,-1
KLF10,PTGS1,1
KLF10,SERPINE1,1
KLF10,STMN1,-1
KLF12,PRL,-1
KLF12,TFAP2A,-1
KLF13,LDLR,-1
KLF15,LRP5,1
KLF15,RBP3,-1
KLF15,RHO,-1
KLF16,CDKN1A,-1
KLF2,CDKN1A,1
KLF2,CXCR4,-1
KLF2,FABP5,-1
KLF2,NOS3,1
KLF2,PPARG,-1
KLF2,THBD,1
KLF2,WEE1,-1
KLF3,CKM,1
KLF4,ATF3,1
KLF4,BDKRB2,1
KLF4,BIRC5,-1
KLF4,CCNB1,-1
KLF4,CCND1,1
KLF4,CD14,1
KLF4,CDH1,1
KLF4,CDH5,1
KLF4,CDKN1A,1
KLF4,CDKN1B,1
KLF4,CDKN1C,1
KLF4,GDF15,-1
KLF4,GPA33,1
KLF4,HBA1,1
KLF4,HBA2,1
KLF4,HDC,-1
KLF4,HSPA8,1
KLF4,IFITM3,-1
KLF4,IL1B,-1
KLF4,IL6,1
KLF4,KRT19,1
KLF4,LAMA1,1
KLF4,LAMA3,1
KLF4,LXN,-1
KLF4,MMP2,1
KLF4,NANOG,1
KLF4,ODC1,-1
KLF4,PFKP,1
KLF4,RARA,-1
KLF4,SOD1,-1
KLF4,THBD,1
KLF4,TP53,1
KLF4,VDR,-1
KLF5,BIRC5,1
KLF5,CCNB1,1
KLF5,CCND1,1
KLF5,CXCR4,1
KLF5,FASN,1
KLF5,FGFBP1,1
KLF5,HIF1A,1
KLF5,ITGB2,1
KLF5,MMP9,1
KLF5,NOTCH1,1
KLF6,ATF3,1
KLF6,CCND1,-1
KLF6,CDKN1A,1
KLF6,CERS2,1
KLF6,CGB5,1
KLF6,DAPK2,1
KLF6,LAMA1,1
KLF6,MMP9,-1
KLF6,NOS2,1
KLF6,PMAIP1,1
KLF6,PSG3,1
KLF6,PSG5,1
KLF6,PTTG1,-1
KLF8,CDH1,1
KLF8,CDH2,-1
KLF8,EPSTI1,1
KLF8,FN1,-1
KLF8,MMP14,1
KLF8,MMP9,1
KLF8,VIM,-1
KLF9,PDCD5,1
KLF9,PMAIP1,-1
L3MBTL1,RUNX1,-1
LDB1,TCF3,-1
LEF1,CD1D,-1
LEF1,CLDN2,1
LEF1,CYLD,-1
LEF1,DSG4,-1
LEF1,MITF,1
LEF1,MYCBP,1
LEF1,NRCAM,1
LEF1,OCA2,1
LHX2,PRL,1
LIMD1,HIF1A,-1
LMO2,CDH1,-1
LMO2,ERG,1
LMO2,FGF2,1
LMO2,GYPA,-1
LMO2,LEF1,-1
LMO2,NFATC1,1
LMO2,ZEB1,-1
LMO3,ASCL1,1
LMO3,HES1,-1
LMO4,BMP7,1
LMO4,BRCA1,-1
LMO4,DLG4,-1
LMX1B,COL4A4,1
LMX1B,NLRP2,1
LMX1B,TCF3,1
LRRFIP1,EGFR,-1
LRRFIP1,TNF,-1
LYL1,ERG,1
LYL1,NFKB1,-1
MAF,IL4,1
MAF,ITGB7,1
MAFA,PC,1
MAML1,EGR1,1
MAML1,HEY1,-1
MAML1,TNFRSF12A,-1
MAX,ODC1,1
MAZ,HRAS,1
MAZ,MMP1,1
MAZ,MMP14,1
MAZ,TSG101,1
MBD1,ALOX5,-1
MBD1,IRF8,-1
MBD1,MGMT,-1
MBD1,SETDB1,-1
MBD2,GSTP1,-1
MBD2,NANOG,-1
MDM2,DNMT3A,1
MECP2,CCND1,-1
MECP2,ESR1,-1
MECP2,GAD1,-1
MECP2,IGFBP3,-1
MECP2,RELN,-1
MED1,AURKA,1
MED1,SULT2A1,1
MEF2A,JUN,1
MEF2A,MAPK14,1
MEF2A,MAPK7,1
MEF2A,MMP10,1
MEF2A,NRF1,1
MEF2A,SLC2A4,1
MEF2A,SOST,-1
MEF2C,CPT1B,1
MEF2C,JUN,1
MEF2C,MAPK7,1
MEF2C,NR4A1,-1
MEF2C,SOST,-1
MEF2D,ATF3,1
MEF2D,CD14,1
MEF2D,JUN,1
MEF2D,SOST,-1
MEIS1,PF4,1
MEN1,CASP8,1
MEN1,CDKN1B,1
MEN1,CDKN2C,-1
MEN1,JUND,-1
MEN1,TERT,-1
MITF,ACP5,1
MITF,BCL2A1,-1
MITF,BEST1,1
MITF,CTSK,1
MITF,DCT,1
MITF,FOS,1
MITF,GPNMB,1
MITF,HIF1A,1
MITF,KIT,1
MITF,OCA2,1
MITF,PPARGC1A,1
MITF,SERPINF1,1
MITF,TRPM1,1
MITF,TYR,1
MITF,TYRP1,1
MKL1,COL1A1,1
MKL1,TAGLN,1
MLLT10,BAX,-1
MLLT10,CDKN1A,-1
MLLT10,MDM2,-1
MLLT3,BAX,-1
MLLT3,CDKN1A,-1
MLLT3,MDM2,-1
MLLT3,SCNN1A,1
MLXIPL,TXNIP,1
MSC,CDC25A,-1
MSC,CDC6,-1
MSC,CTLA4,1
MSC,FOXP3,1
MSC,IFNG,1
MSC,IL10,1
MSC,IL2RA,1
MSC,MCM7,-1
MSC,MMP2,1
MSX1,DKK1,-1
MSX1,DLK1,1
MSX1,HEY1,1
MSX1,NOTCH3,1
MSX2,BCL2,-1
MSX2,BGLAP,-1
MSX2,CDH2,-1
MSX2,NKX3-1,1
MSX2,SOD1,1
MTA1,ARNTL,1
MTA1,BCAS3,1
MTA1,BCL2L1,1
MTA1,CDH1,-1
MTA1,CDKN2A,1
MTA1,EGFR,1
MTA1,EPHA2,-1
MTA1,ESR1,-1
MTA1,MTA3,-1
MTA1,NOS2,1
MTA1,PTEN,-1
MTA1,RNF144A,-1
MTA1,SMAD7,-1
MTA1,SNAI1,1
MTA1,SNAI2,1
MTA1,SUMO2,1
MTA2,CDH1,-1
MTA2,FSHR,-1
MTA3,CGB5,-1
MTA3,SNAI1,-1
MTF1,GCLC,1
MTF1,MCAT,1
MTF1,PRNP,1
MTF1,SOD1,1
MXD1,PTEN,-1
MXD1,TERT,1
MXI1,MYC,-1
MYB,BCL2,1
MYB,CCNA1,1
MYB,CD4,-1
MYB,CDO1,1
MYB,CLEC4G,1
MYB,COL1A1,1
MYB,COL1A2,1
MYB,CSF3R,-1
MYB,GSTM1,1
MYB,ICAM1,-1
MYB,IL15,1
MYB,IL7,1
MYB,KLF1,1
MYB,LCK,1
MYB,LMO2,1
MYB,MAT2A,1
MYB,MYC,1
MYB,TK1,1
MYB,WT1,1
MYBL2,MYC,1
MYC,ASS1,1
MYC,BMI1,1
MYC,BRD7,-1
MYC,CCND1,-1
MYC,CCND2,1
MYC,CCNE1,1
MYC,CD33,-1
MYC,CD38,1
MYC,CDC25C,1
MYC,CDC34,1
MYC,CDK4,1
MYC,CDK6,1
MYC,CDKN1A,1
MYC,CEBPA,-1
MYC,CFLAR,-1
MYC,CHEK1,1
MYC,CHEK2,1
MYC,CXCR4,1
MYC,DKK1,-1
MYC,EBNA1BP2,1
MYC,FASLG,1
MYC,FOXM1,1
MYC,FUT3,1
MYC,GATA1,-1
MYC,GATA4,1
MYC,HDAC2,1
MYC,HLA-A,1
MYC,HLA-B,1
MYC,HLA-C,1
MYC,HLA-E,1
MYC,HLA-F,1
MYC,HLA-G,1
MYC,HNRNPA1,1
MYC,HNRNPA2B1,1
MYC,IFNA1,-1
MYC,IGF2BP1,1
MYC,IPO7,1
MYC,JUNB,-1
MYC,KRAS,1
MYC,LDHA,1
MYC,MME,1
MYC,MST1,-1
MYC,NDRG1,-1
MYC,NFE2,-1
MYC,NOL7,1
MYC,ODC1,1
MYC,PMAIP1,1
MYC,PRDX3,1
MYC,PRODH,-1
MYC,PTBP1,1
MYC,SFRP1,-1
MYC,SRSF1,1
MYC,ST3GAL1,1
MYC,ST3GAL3,1
MYC,ST3GAL4,1
MYC,SURF1,1
MYC,SURF2,1
MYC,TERT,1
MYC,TFAP4,1
MYC,TFRC,1
MYC,TNFRSF10B,1
MYC,TP53,1
MYC,TP73,1
MYC,UBE2C,1
MYC,VEGFA,1
MYC,WRN,1
MYC,XPO1,1
MYCN,ABCB1,-1
MYCN,ABCC1,1
MYCN,BAX,1
MYCN,BIRC5,1
MYCN,BMI1,1
MYCN,CD44,1
MYCN,CDKN1A,1
MYCN,CIITA,-1
MYCN,CLU,-1
MYCN,CTSD,1
MYCN,DKK3,-1
MYCN,EFNB3,1
MYCN,GRHL1,-1
MYCN,HDAC2,1
MYCN,LRRN3,-1
MYCN,MCM10,1
MYCN,MCM2,1
MYCN,MCM3,1
MYCN,MCM4,1
MYCN,MCM5,1
MYCN,MCM6,1
MYCN,MCM7,1
MYCN,MCM8,1
MYCN,MXI1,-1
MYCN,MYBL2,1
MYCN,NDRG1,1
MYCN,NES,1
MYCN,NGFR,-1
MYCN,NTRK1,-1
MYCN,SKP2,-1
MYCN,TP53,1
MYCN,TP53INP1,-1
MYOCD,ACTG2,1
MYOG,MYEF2,1
MZF1,BLMH,1
MZF1,MMP2,-1
MZF1,TERT,-1
NAB2,BCAR1,1
NAB2,RBL2,1
NANOG,AFP,-1
NANOG,CDC25A,-1
NANOG,CDK6,-1
NANOG,CDX2,-1
NANOG,CGA,-1
NANOG,FGF4,1
NANOG,KDR,1
NANOG,GATA2,-1
NANOG,GATA4,-1
NANOG,GATA6,-1
NANOG,KLF2,1
NANOG,LAMB1,-1
NANOG,LXN,-1
NANOG,MTF2,1
NANOG,POU5F1,1
NANOG,SOX1,1
NANOG,YES1,1
NCOA1,CDKN1A,1
NCOA1,EPO,1
NCOA2,AR,-1
NCOA3,BCL2,1
NCOA3,EPO,1
NCOA3,MMP10,1
NCOA4,AR,1
NCOA6,FOS,1
NCOA6,HSF1,1
NCOR1,AR,1
NCOR1,ESR1,-1
NCOR1,G0S2,-1
NCOR1,IGFBP3,-1
NCOR1,PPARG,-1
NCOR1,SNAI2,-1
NCOR2,AR,1
NEUROG3,VSX2,1
NF1,AFP,-1
NF1,FOS,1
NF1,MYC,1
NF1,PLAT,-1
NF1,TP53,1
NFAT5,CCL2,-1
NFATC1,CD3G,1
NFATC1,CYP2E1,1
NFATC1,ICAM1,1
NFATC1,SP1,-1
NFATC2,CD3G,-1
NFATC2,FOXP3,1
NFATC2,MDM2,1
NFATC3,CTSD,1
NFE2L1,NQO1,1
NFE2L2,BRCA1,1
NFE2L2,CAT,1
NFE2L2,GCLC,-1
NFE2L2,GSTA1,1
NFE2L2,HMOX1,1
NFE2L2,KRT16,1
NFE2L2,MTHFR,1
NFE2L2,NQO1,1
NFE2L2,SOD1,1
NFE2L2,SOD2,1
NFE2L2,UGT2B7,1
NFIA,CDKN1A,-1
NFIB,CDKN1A,1
NFIB,MBP,1
NFIC,C4BPB,1
NFIC,CCL2,1
NFIC,CYP1A1,-1
NFIC,HMGB1,1
NFIC,IRS2,1
NFIC,ITGA5,-1
NFIC,MATN1,-1
NFIC,SLC34A2,1
NFIC,SMUG1,1
NFIL3,IL1B,-1
NFIL3,TNFSF10,-1
NFIX,CDKN1A,-1
NFIX,CHI3L1,1
NFKB1,ABCA1,-1
NFKB1,ABCB1,1
NFKB1,ABCG2,1
NFKB1,ADORA1,1
NFKB1,AGER,1
NFKB1,AKT1,-1
NFKB1,AKT2,-1
NFKB1,ALOX5,-1
NFKB1,AMH,1
NFKB1,AR,-1
NFKB1,B2M,1
NFKB1,BACE1,-1
NFKB1,BAX,-1
NFKB1,BCL2,1
NFKB1,BCL2A1,1
NFKB1,BCL2L1,1
NFKB1,BCL2L11,-1
NFKB1,BCL3,1
NFKB1,BGN,1
NFKB1,BHMT,-1
NFKB1,BIRC2,1
NFKB1,BIRC3,1
NFKB1,BIRC5,1
NFKB1,BMP2,1
NFKB1,BRCA2,1
NFKB1,CCL11,1
NFKB1,CCL19,1
NFKB1,CCL2,1
NFKB1,CCL22,1
NFKB1,CCL3,1
NFKB1,CCL5,1
NFKB1,CCNB1,1
NFKB1,CCND1,1
NFKB1,CCND2,1
NFKB1,CCR2,1
NFKB1,CCR7,1
NFKB1,CD3G,1
NFKB1,CD40,1
NFKB1,CD40LG,1
NFKB1,CD58,1
NFKB1,CD80,1
NFKB1,CD83,1
NFKB1,CD86,1
NFKB1,CDH1,1
NFKB1,CDK4,1
NFKB1,CDKN1A,-1
NFKB1,CEACAM1,1
NFKB1,CFLAR,1
NFKB1,COL1A2,-1
NFKB1,COL2A1,-1
NFKB1,CRHR1,1
NFKB1,CSF1,1
NFKB1,CTCF,-1
NFKB1,CTSB,1
NFKB1,CXCL1,1
NFKB1,CXCL12,1
NFKB1,CXCR2,1
NFKB1,CXCR4,1
NFKB1,CYP19A1,-1
NFKB1,EBI3,1
NFKB1,EGFR,1
NFKB1,EGR1,-1
NFKB1,EPCAM,-1
NFKB1,FAF1,1
NFKB1,FAS,1
NFKB1,FASLG,1
NFKB1,FGF8,1
NFKB1,FLT4,1
NFKB1,FN1,1
NFKB1,FOXP3,1
NFKB1,GATA3,1
NFKB1,GFAP,1
NFKB1,GKN2,-1
NFKB1,GSTP1,1
NFKB1,HBEGF,1
NFKB1,HOXA9,-1
NFKB1,HPSE,1
NFKB1,HSD11B2,1
NFKB1,HYAL1,1
NFKB1,ICAM1,1
NFKB1,IFNA1,1
NFKB1,IFNG,1
NFKB1,IL10,1
NFKB1,IL12A,1
NFKB1,IL12B,1
NFKB1,IL17C,1
NFKB1,IL18,1
NFKB1,IL1A,-1
NFKB1,IL1B,1
NFKB1,IL2,1
NFKB1,IL23A,1
NFKB1,IL6,1
NFKB1,IRF1,1
NFKB1,IRF4,1
NFKB1,IRF7,1
NFKB1,JUNB,1
NFKB1,LCN2,1
NFKB1,LIPE,1
NFKB1,LPL,1
NFKB1,LTC4S,-1
NFKB1,MAT2A,1
NFKB1,MCL1,1
NFKB1,MMP1,1
NFKB1,MMP14,1
NFKB1,MMP2,1
NFKB1,MMP9,1
NFKB1,MYC,1
NFKB1,NAMPT,1
NFKB1,NCAM1,1
NFKB1,NFKBIA,1
NFKB1,NLRP2,1
NFKB1,NOD2,1
NFKB1,NOLC1,1
NFKB1,NOS1,1
NFKB1,NOS2,1
NFKB1,NOS3,1
NFKB1,NOX4,1
NFKB1,NOX5,1
NFKB1,OPTN,1
NFKB1,PDK4,-1
NFKB1,PLAU,1
NFKB1,PLAUR,1
NFKB1,PLIN1,1
NFKB1,PROX1,1
NFKB1,PTAFR,1
NFKB1,PTEN,1
NFKB1,PTGDS,1
NFKB1,PTGES,1
NFKB1,PTGS2,1
NFKB1,PTHLH,1
NFKB1,REPS2,-1
NFKB1,RGS4,1
NFKB1,RIPK2,1
NFKB1,S100A6,1
NFKB1,SDC1,1
NFKB1,SELE,1
NFKB1,SERPINA3,-1
NFKB1,SERPINB1,1
NFKB1,SERPINE1,1
NFKB1,SLC25A27,1
NFKB1,SNAI1,1
NFKB1,SOD2,1
NFKB1,STK39,1
NFKB1,TBX21,1
NFKB1,TF,1
NFKB1,TFF3,1
NFKB1,THBD,-1
NFKB1,TIMP1,-1
NFKB1,TLR2,1
NFKB1,TLR3,1
NFKB1,TLR7,1
NFKB1,TNF,1
NFKB1,TNFAIP3,1
NFKB1,TNFRSF10B,1
NFKB1,TNFRSF13C,1
NFKB1,TNFSF10,1
NFKB1,TRAF1,1
NFKB1,TRAF2,1
NFKB1,UPP1,1
NFKB1,VCAM1,1
NFKB1,VEGFA,1
NFKB1,XIAP,1
NFKB1,YY1,-1
NFKB2,CCND2,1
NFKB2,CDK6,1
NFKB2,HIF1A,-1
NFKB2,SND1,1
NFKBIA,CCL5,-1
NFKBIA,CD40,-1
NFKBIA,CD58,-1
NFKBIA,EBI3,-1
NFKBIA,FAS,-1
NFKBIA,ICAM1,-1
NFKBIA,IL1B,-1
NFKBIA,NFKB1,1
NFKBIA,NOS2,-1
NFKBIA,PON2,1
NFKBIA,RELA,1
NFKBIA,S100A6,-1
NFKBIA,TNFSF10,-1
NFKBIA,TRAF1,-1
NFRKB,JUN,1
NFYA,CBS,1
NFYA,CCND2,1
NFYA,CDKN1B,1
NFYA,CYP2A6,1
NFYA,FXR2,1
NFYA,GADD45A,1
NFYA,HOXB4,1
NFYA,OGG1,1
NFYA,SOX18,1
NFYA,SP3,1
NFYB,CCND2,1
NFYB,CDKN1B,1
NFYB,FXR2,1
NFYB,SOX18,1
NFYB,TPH1,1
NFYC,CCND2,1
NFYC,CDKN1B,1
NFYC,FXR2,1
NFYC,SOX18,1
NHLH2,ASCL1,1
NHLH2,HES1,-1
NHLH2,MAOA,1
NKX2-1,RET,-1
NKX2-1,SFTPB,1
NKX2-1,STK11,-1
NKX2-2,NPPA,1
NKX2-5,DACT1,-1
NKX2-5,DACT2,-1
NKX2-5,DACT3,-1
NKX2-5,GATA4,1
NKX2-5,MEF2C,-1
NKX3-1,ACTG2,1
NKX3-1,AR,-1
NKX3-1,CCND1,-1
NKX3-1,FOS,-1
NKX3-1,IGF1R,-1
NOTCH3,HES1,-1
NPM1,ATF5,-1
NPM1,CDKN1A,1
NPM1,MDM2,-1
NPM1,PTPN6,1
NPM1,TAF1A,1
NR0B1,AMH,-1
NR0B1,CYP19A1,-1
NR0B1,ESRRG,-1
NR0B1,NOS1,1
NR0B1,NR1H4,-1
NR0B1,PBX1,1
NR0B1,STAR,-1
NR0B2,E2F1,-1
NR0B2,PCK2,-1
NR0B2,PTGS2,1
NR1D1,ARNTL,-1
NR1H2,ABCA1,1
NR1H2,ABCG1,1
NR1H2,ABCG4,1
NR1H3,ABCA1,1
NR1H3,ABCG1,1
NR1H3,ABCG4,1
NR1H3,BHLHE40,1
NR1H4,ABCB4,1
NR1H4,ABCC4,-1
NR1H4,CYP7A1,-1
NR1H4,DCN,1
NR1H4,EDN1,-1
NR1H4,FABP6,1
NR1H4,KRT13,1
NR1H4,NFKB1,1
NR1H4,NR1I2,1
NR1H4,RELA,1
NR1H4,SCARB1,1
NR1H4,STK11,1
NR1H4,UGT2B4,-1
NR1H4,VEGFA,1
NR1I2,ABCB1,1
NR1I2,BCL2,1
NR1I2,BCL2L1,1
NR1I2,CCL2,-1
NR1I2,CORO1C,1
NR1I2,CYP3A4,1
NR1I2,FGF19,1
NR1I2,FOSL1,1
NR1I2,IL10,1
NR1I2,KLF6,1
NR1I2,NFKB1,-1
NR1I2,NOD1,-1
NR1I2,NOD2,-1
NR1I2,PTAFR,1
NR1I2,RAB3A,1
NR1I2,RELA,-1
NR1I2,THBS1,1
NR1I2,THRSP,1
NR1I2,TNFRSF12A,1
NR1I3,CYP2B6,1
NR2C2,LHCGR,1
NR2E3,RHO,1
NR2F1,DR1,-1
NR2F1,LHCGR,-1
NR2F1,MTTP,-1
NR2F1,SERPINC1,-1
NR2F2,POU5F1,-1
NR2F2,TFAP2A,1
NR2F6,LHCGR,-1
NR3C1,ATF2,-1
NR3C1,ATP1B1,-1
NR3C1,BAD,1
NR3C1,BAX,1
NR3C1,BGLAP,-1
NR3C1,BRCA1,1
NR3C1,CALD1,1
NR3C1,CCND3,-1
NR3C1,CDK4,-1
NR3C1,CDK6,-1
NR3C1,CDKN1A,1
NR3C1,CYP19A1,1
NR3C1,ELK1,-1
NR3C1,ETS1,-1
NR3C1,NFKB1,-1
NR3C1,RPS6KA3,1
NR3C1,SRF,-1
NR3C1,STAT1,-1
NR3C1,TP53,-1
NR3C2,ATP1B1,-1
NR3C2,CABIN1,-1
NR3C2,CCR6,1
NR3C2,CD40,1
NR3C2,EGFR,1
NR4A1,CCNA2,-1
NR4A1,CDKN1B,1
NR4A1,E2F1,1
NR4A1,HSD3B2,1
NR4A1,MDM2,-1
NR4A1,MMP2,1
NR4A1,RNF7,-1
NR4A1,TIMP2,1
NR4A1,TNF,-1
NR4A2,MMP1,-1
NR4A3,PPARG,-1
NR5A2,ABCG5,1
NR5A2,ABCG8,1
NR5A2,CETP,1
NR5A2,CYP11B1,1
NR5A2,HSD3B2,1
NR5A2,NR5A2,1
NR5A2,STAR,1
NRF1,CAPNS1,1
NRF1,CXCR4,1
NRF1,FMR1,1
NRF1,FXR2,1
NRF1,IDE,1
NRF1,PRDX3,1
NRF1,PRDX5,1
NRF1,SLC46A1,1
NRF1,SPAST,1
NRIP1,SLC7A1,1
NRL,NR2E3,1
NRL,RBP3,-1
NRL,RHO,-1
NUPR1,BCL2L1,1
NUPR1,CDKN1A,1
NUPR1,MSL1,-1
ONECUT1,PROC,1
ONECUT2,MITF,1
ONECUT2,SYTL4,-1
OTX1,BEST1,1
OTX2,AURKA,1
OTX2,BEST1,1
OTX2,CCNG2,1
OTX2,CDC25C,1
OTX2,IGF1,1
OTX2,IL6,1
OTX2,PAX6,1
OTX2,RBP3,1
OTX2,TYR,1
PA2G4,AGR2,1
PA2G4,E2F1,-1
PARP1,BCL2,-1
PARP1,BRCA2,-1
PARP1,CDH1,1
PARP1,E2F1,1
PARP1,FOXO1,-1
PARP1,SERPINE1,1
PARP1,SERPINF1,-1
PARP1,SNAI1,-1
PARP1,THBD,1
PARP1,VIM,1
PAWR,BCL2,-1
PAWR,NOV,1
PAX2,TP53,-1
PAX3,BCL2L1,1
PAX3,CXCR4,1
PAX3,MITF,1
PAX5,BAX,1
PAX5,BCL2,-1
PAX5,CCND1,-1
PAX5,CD19,1
PAX5,CD79A,1
PAX5,CDKN1A,1
PAX5,FHL2,1
PAX5,LEF1,1
PAX5,MET,1
PAX5,MMP1,-1
PAX5,MYCN,1
PAX5,PRDM1,-1
PAX5,TERT,1
PAX5,TIMP1,1
PAX5,TP53,1
PAX5,XBP1,-1
PAX6,FABP7,1
PAX6,MET,1
PAX6,PCSK1,1
PAX6,PDHX,-1
PAX6,PROX1,1
PAX6,SIX3,1
PAX8,E2F1,1
PAX8,NCAM1,1
PAX8,SLC3A1,1
PAX8,SLC5A5,1
PAX8,TG,-1
PAX8,TP53,-1
PAX8,TSHR,-1
PAX8,WT1,1
PBX1,NANOG,1
PBX1,PF4,1
PBX1,VCP,1
PBX2,EMX2,1
PBX2,PF4,1
PCBD1,FXYD2,-1
PCGF2,HOXA7,1
PCGF2,ZEB1,-1
PCGF2,ZEB2,-1
PDX1,GCK,1
PER1,BAX,-1
PER1,BCL2,1
PER1,SLC5A1,-1
PER2,SNAI2,-1
PER2,TWIST1,-1
PGR,BCL2,1
PGR,CYP19A1,-1
PGR,DUSP1,1
PGR,E2F1,1
PGR,ERBB2,-1
PGR,ESR1,1
PGR,FOXP3,-1
PGR,HLTF,1
PGR,IL10,-1
PGR,KLK4,1
PGR,PTGS2,-1
PGR,RELA,-1
PHB2,ARNT,-1
PHB2,BTG2,-1
PHOX2A,DBH,1
PHOX2A,TLX2,1
PIAS1,FABP2,1
PIAS1,MUC1,-1
PIAS1,PRMT1,-1
PIAS2,AR,1
PIAS2,LRRN3,-1
PIAS2,MUC1,-1
PIAS2,MYCN,-1
PIAS3,ATF1,1
PIAS3,MUC1,-1
PIAS4,MUC1,-1
PITX1,GNRH1,-1
PITX1,HES1,-1
PITX1,IFNA1,-1
PITX1,IRF2,-1
PITX1,IRF7,-1
PITX1,JUN,-1
PITX1,NKX3-1,-1
PITX1,PRL,1
PITX1,RUNX1,-1
PITX1,RUNX2,-1
PITX1,TERT,-1
PITX1,TRIB2,-1
PITX2,GNRH1,-1
PITX2,LEF1,1
PITX2,LHX6,1
PITX2,PRL,1
PITX3,MIP,1
PITX3,TH,1
PKNOX1,PTPN6,1
PKNOX1,SYP,1
PLAG1,ABCC6,1
PLAG1,CRLF1,1
PLAG1,IGF2,1
PLAGL1,ABCC6,1
PLAGL1,SDHB,-1
PLAGL2,IGF2,1
PLAGL2,METAP2,1
PLAGL2,NCF2,1
PML,BAX,1
PML,CASP3,1
PML,CCND1,-1
PML,CDKN1A,1
PML,EAF2,-1
PML,EGFR,-1
PML,EP300,1
PML,FLT3,1
PML,GRIP1,1
PML,HIPK2,1
PML,NR4A1,-1
PML,PML,1
PML,TNFAIP3,-1
PML,TNFSF10,1
PML,UBA7,-1
POLR1A,E2F1,-1
POU2AF1,TK1,1
POU2AF1,TNFRSF17,1
POU2F1,CCND1,1
POU2F1,GADD45A,1
POU2F1,HBG1,-1
POU2F1,IL2,1
POU2F1,IL4,-1
POU2F1,LCT,1
POU2F1,LGALS4,1
POU2F1,MAD2L1,1
POU2F1,PTGIR,1
POU2F1,SNAI2,1
POU2F1,TK1,1
POU2F1,TWIST1,1
POU2F1,UGT2B7,1
POU2F1,VCAM1,-1
POU2F1,VWF,1
POU2F2,TK1,1
POU3F2,GNRH1,1
POU3F2,PDE5A,-1
POU4F1,HSP90AA1,1
POU4F2,CCND1,1
POU4F2,HSP90AA1,1
POU5F1,BMP4,-1
POU5F1,CDKN1A,-1
POU5F1,CDX2,-1
POU5F1,DKK1,-1
POU5F1,DLX5,-1
POU5F1,EOMES,-1
POU5F1,FGF4,1
POU5F1,GATA6,-1
POU5F1,HLX,-1
POU5F1,ID2,-1
POU5F1,ITGA6,1
POU5F1,LEFTY1,1
POU5F1,NANOG,1
POU5F1,SOX2,1
POU5F1,SPP1,1
POU5F1,TBX18,-1
POU5F1,TDGF1,1
POU5F1,THY1,1
POU5F1,ZFP42,1
PPARA,ACSL1,-1
PPARA,ANGPTL4,1
PPARA,APOB,1
PPARA,APOBR,-1
PPARA,CETP,1
PPARA,CPT1A,-1
PPARA,CYP1A1,1
PPARA,CYP2C9,-1
PPARA,IL6R,-1
PPARA,LPL,1
PPARA,MMP9,-1
PPARA,NFKBIA,1
PPARA,PDK4,1
PPARA,PLIN2,-1
PPARA,PTGS2,1
PPARA,SERPINE1,1
PPARA,SREBF2,-1
PPARA,TXNIP,-1
PPARA,UCP1,-1
PPARA,UGT1A9,1
PPARD,ANG,-1
PPARD,ANGPTL4,-1
PPARD,CAT,1
PPARD,HSD11B2,-1
PPARD,LPL,1
PPARD,PDK4,1
PPARD,SAT1,1
PPARD,SOD1,1
PPARD,TIMP1,1
PPARD,TXN,1
PPARG,ABCG2,1
PPARG,ACAT1,1
PPARG,ADIPOQ,1
PPARG,AGER,-1
PPARG,ANGPTL4,1
PPARG,APOB,-1
PPARG,APOBR,-1
PPARG,BAD,1
PPARG,BCL2,1
PPARG,BCL2L1,-1
PPARG,BRS3,1
PPARG,CCND1,-1
PPARG,CCNE1,-1
PPARG,CD36,1
PPARG,CD83,1
PPARG,CDKN1A,1
PPARG,CFLAR,-1
PPARG,CIITA,1
PPARG,CPT1B,1
PPARG,CSF1,-1
PPARG,EGFR,-1
PPARG,ERP44,1
PPARG,FABP4,1
PPARG,FASLG,1
PPARG,GK,1
PPARG,ICAM1,-1
PPARG,LIPE,1
PPARG,MMP9,-1
PPARG,MYC,-1
PPARG,PDK2,-1
PPARG,PLIN2,1
PPARG,POU2F1,1
PPARG,PTEN,1
PPARG,PTGS2,1
PPARG,RARB,1
PPARG,RETN,1
PPARG,SAT1,1
PPARG,SLC2A4,-1
PPARG,SLC5A5,1
PPARG,SLC9A1,-1
PPARG,TG,-1
PPARG,TP53,1
PPARG,TSHR,-1
PPARG,UGT1A9,1
PPARG,VLDLR,1
PPARGC1A,CYP7A1,1
PPARGC1A,MFN2,1
PPARGC1A,PCK2,1
PRDM1,CIITA,-1
PRDM1,LMO2,-1
PRDM1,MYC,-1
PRDM14,POU5F1,1
PROX1,AKT2,-1
PROX1,CCNE1,1
PROX1,CDKN1B,1
PROX1,CDKN1C,1
PROX1,CYP7A1,-1
PROX1,IFNG,-1
PROX1,NR1I2,-1
PROX1,NR5A2,-1
PROX1,RGS4,-1
PROX1,SIX3,1
PROX1,TWIST1,-1
PTMA,IDO1,1
PTMA,TLR9,-1
PTTG1,CCNB1,1
PTTG1,CDC42,1
PTTG1,CDK1,1
PTTG1,DOCK1,1
PTTG1,ID3,1
PTTG1,KDR,1
PTTG1,LGALS1,1
PTTG1,MYC,1
PTTG1,PTTG1IP,1
PTTG1,RAC1,1
PTTG1,RHOA,1
PTTG1,S100A4,1
PTTG1,TIMP2,-1
PTTG1,VEGFA,1
PURA,AR,-1
PURA,FAS,-1
PURA,PCNA,-1
RAD51,SP1,1
RARA,ABCC3,-1
RARA,ANXA8,-1
RARA,CCNA1,-1
RARA,CDKN1A,1
RARA,CRABP1,1
RARA,CRH,1
RARA,CXCR5,1
RARA,FGFBP1,1
RARA,HSD17B2,1
RARA,ICAM1,1
RARA,MACROD1,-1
RARA,NR1I3,1
RARA,PRKCA,1
RARA,RARB,1
RARA,SCD,1
RARA,THBD,1
RARB,RARB,1
RARG,BGLAP,1
RARG,ICAM1,1
RB1,BRCA1,-1
RB1,CDKN1A,1
RB1,DHFR,-1
RB1,DNMT3A,-1
RB1,E2F1,-1
RB1,E2F2,-1
RB1,E2F3,-1
RB1,EBNA1BP2,1
RB1,FGFR1,-1
RB1,FOS,-1
RB1,MYC,-1
RB1,PCNA,-1
RB1,RB1,-1
RB1,RBL1,-1
RB1,SFTPD,1
RB1,TFDP1,-1
RB1,VEGFA,1
RB1CC1,RB1,1
RBBP7,CDH1,-1
RBL1,BRCA1,-1
RBL1,CCNA2,-1
RBL1,HIST1H2AE,-1
RBL1,TFDP1,-1
RBL2,BRCA1,-1
RBL2,DNMT3B,-1
RBL2,RAD51,-1
RBMX,EGR1,-1
RBMX,FOS,-1
RBMX,FOSL1,-1
RBMX,JUNB,-1
RBMX,JUND,-1
RBMX,KIT,-1
RBMX,ROS1,-1
RBMX,TXNIP,1
RBPJ,IL6,1
RBPJ,PTEN,-1
REL,BCL2A1,1
REL,BIRC3,1
REL,CCL2,1
REL,CDKN1A,1
REL,CSRP1,1
REL,EPHB2,-1
REL,IL1B,1
REL,IL2RA,1
REL,IL6,-1
REL,SELE,1
REL,SOD2,1
REL,TNFAIP3,1
RELA,ABCA1,-1
RELA,ABCB1,1
RELA,ABCG2,1
RELA,ADORA1,1
RELA,AGER,1
RELA,AKT1,-1
RELA,AKT2,-1
RELA,ALOX5,-1
RELA,AMH,1
RELA,AR,-1
RELA,BACE1,-1
RELA,BAD,1
RELA,BAX,-1
RELA,BCL2,1
RELA,BCL2A1,1
RELA,BCL2L1,1
RELA,BCL2L11,-1
RELA,BCL3,1
RELA,BGN,1
RELA,BHMT,-1
RELA,BIRC2,1
RELA,BIRC3,1
RELA,BIRC5,1
RELA,BMP2,1
RELA,BRCA2,1
RELA,CCL11,1
RELA,CCL2,1
RELA,CCL22,1
RELA,CCL3,1
RELA,CCL5,1
RELA,CCNB1,1
RELA,CCND1,1
RELA,CCND2,1
RELA,CCR2,1
RELA,CCR7,1
RELA,CD40,1
RELA,CD58,1
RELA,CD80,1
RELA,CD83,1
RELA,CD86,1
RELA,CDH1,1
RELA,CDK4,1
RELA,CDK6,1
RELA,CDKN1A,1
RELA,CEACAM1,1
RELA,CFLAR,1
RELA,COL1A2,-1
RELA,COL2A1,-1
RELA,CRHR1,1
RELA,CSF1,1
RELA,CTSB,1
RELA,CXCL1,1
RELA,CXCL12,1
RELA,CXCR2,1
RELA,CXCR4,1
RELA,CYP19A1,-1
RELA,EBI3,1
RELA,EGFR,1
RELA,EGR1,-1
RELA,EPAS1,1
RELA,EPCAM,-1
RELA,FAF1,1
RELA,FAS,1
RELA,FASLG,1
RELA,FGF8,1
RELA,FLT4,1
RELA,FN1,1
RELA,FOXP3,1
RELA,GATA3,1
RELA,GFAP,1
RELA,GKN2,-1
RELA,GNRH2,-1
RELA,GSTP1,1
RELA,GTF2B,1
RELA,HBEGF,1
RELA,HLA-A,1
RELA,HPSE,1
RELA,HSD11B2,1
RELA,HYAL1,1
RELA,ICAM1,1
RELA,IFNA1,1
RELA,IFNG,1
RELA,IL10,1
RELA,IL12A,1
RELA,IL12B,1
RELA,IL17C,1
RELA,IL18,1
RELA,IL1A,-1
RELA,IL1B,1
RELA,IL2,1
RELA,IL23A,1
RELA,IL6,1
RELA,IRF1,1
RELA,IRF4,1
RELA,IRF7,1
RELA,JUNB,1
RELA,LCN2,1
RELA,LIPE,1
RELA,LPL,1
RELA,LTC4S,-1
RELA,MAT2A,1
RELA,MCL1,1
RELA,MMP1,1
RELA,MMP12,1
RELA,MMP14,1
RELA,MMP2,1
RELA,MMP9,1
RELA,MYC,1
RELA,NAMPT,1
RELA,NCAM1,1
RELA,NFKB1,1
RELA,NFKBIA,1
RELA,NLRP2,1
RELA,NOLC1,1
RELA,NOS1,1
RELA,NOS2,1
RELA,NOS3,1
RELA,NOX4,1
RELA,NOX5,1
RELA,OPTN,1
RELA,OXTR,1
RELA,PCK2,-1
RELA,PDK4,-1
RELA,PGR,-1
RELA,PLAU,1
RELA,PLAUR,1
RELA,PLIN1,1
RELA,PPARD,-1
RELA,PROX1,1
RELA,PTAFR,1
RELA,PTEN,1
RELA,PTGES,1
RELA,PTGS2,1
RELA,PTHLH,1
RELA,REPS2,-1
RELA,RGS4,1
RELA,RIPK2,1
RELA,S100A6,1
RELA,SAA2,1
RELA,SDC1,1
RELA,SELE,1
RELA,SERPINA3,-1
RELA,SERPINB1,1
RELA,SERPINE1,1
RELA,SIRT1,1
RELA,SLC25A27,1
RELA,SNAI1,1
RELA,SOD2,1
RELA,STK39,1
RELA,TBP,1
RELA,TBX21,1
RELA,TF,1
RELA,TFF3,1
RELA,THBD,-1
RELA,TIMP1,-1
RELA,TLR2,1
RELA,TLR3,1
RELA,TLR7,1
RELA,TNC,1
RELA,TNF,1
RELA,TNFAIP3,1
RELA,TNFRSF10B,1
RELA,TNFRSF13C,1
RELA,TNFSF10,1
RELA,TRAF1,1
RELA,TRAF2,1
RELA,TRIB3,-1
RELA,TWIST1,1
RELA,UPP1,1
RELA,VCAM1,1
RELA,VEGFA,1
RELA,XIAP,1
RELA,YY1,-1
RELB,CCL19,1
RELB,PIGR,1
REST,BDNF,-1
REST,CD59,-1
REST,GLRA1,1
REST,KCNQ2,-1
REST,KCNQ3,-1
REST,LIN28A,-1
REST,NRP1,-1
REST,OPRM1,-1
REST,PENK,-1
REST,STAT1,-1
REST,TAC1,-1
REST,TH,1
REST,TPH2,1
REST,TUBB3,-1
RFWD2,MMP1,-1
RFWD2,PLAU,-1
RFX1,COL1A2,1
RFX1,MAP1A,-1
RFX1,MYC,-1
RFX1,PCNA,-1
RFX3,MAP1A,-1
RFX5,COL1A2,-1
RNF14,CCND1,1
RORA,NPSR1,-1
RORA,NR1D1,1
RUNX1,BAALC,1
RUNX1,CCL3,1
RUNX1,CD34,1
RUNX1,GP1BA,1
RUNX1,IL2,1
RUNX1,ITGA2B,1
RUNX1,JUN,1
RUNX1,LGALS3,1
RUNX1,MAD2L1,-1
RUNX1,MECOM,1
RUNX1,MYH10,-1
RUNX1,NCAM1,1
RUNX1,NF1,-1
RUNX1,PF4,1
RUNX1,SYMPK,-1
RUNX1,VEGFA,-1
RUNX2,IBSP,1
RUNX2,LGALS3,1
RUNX2,MMP2,1
RUNX2,SNAI2,1
RUNX2,SNAI3,1
RUNX2,TWIST1,1
RUNX2,VEGFA,1
RUNX2,VEGFC,1
RUNX3,CAPN10,1
RUNX3,CASP2,1
RUNX3,CASP3,1
RUNX3,CASP7,1
RUNX3,CASP8,1
RUNX3,CCND1,-1
RUNX3,CD36,-1
RUNX3,CDKN1A,1
RUNX3,CFLAR,-1
RUNX3,CLDN7,1
RUNX3,CLEC4G,1
RUNX3,DNASE1,1
RUNX3,FADD,1
RUNX3,HES1,-1
RUNX3,HSPD1,-1
RUNX3,ICAM3,-1
RUNX3,ING1,1
RUNX3,ING4,1
RUNX3,JAG1,-1
RUNX3,MMP9,-1
RUNX3,MYC,-1
RUNX3,PEA15,-1
RUNX3,RUNX1,-1
RUNX3,TCF4,1
RUNX3,TIAL1,-1
RUNX3,TIMP1,1
RUNX3,TRAF6,1
RUNX3,TXN2,-1
RUNX3,WNT4,-1
RUVBL1,TP53,-1
RXRA,ABCA1,1
RXRA,ABCC3,-1
RXRA,CPT1B,1
RXRA,CXCR5,1
RXRA,HSD17B2,1
RXRA,IL2RA,1
RXRA,IL2RB,1
RXRA,IL2RG,1
RXRA,NOL7,1
RXRA,SERPINC1,1
SALL3,HDAC9,-1
SALL4,ABCA3,1
SALL4,CDH1,-1
SALL4,HOXA9,1
SALL4,PTEN,-1
SALL4,ZEB1,1
SATB1,BCL2,1
SATB1,CDK4,1
SATB1,CYBB,-1
SATB1,GATA3,1
SATB1,HBE1,1
SATB1,IL4,1
SATB1,MKI67,1
SATB1,SPARC,1
SATB2,TP63,-1
SATB2,UPF3B,1
SERTAD1,SET,1
SETBP1,PTGER2,-1
SETBP1,PTGS2,-1
SF1,AMH,1
SF1,CYP11A1,1
SF1,MC2R,1
SF1,SULT2A1,1
SF1,TCERG1,-1
SFPQ,ADARB2,-1
SFPQ,STAT6,-1
SHOX,FGFR3,1
SHOX,NPPB,1
SIM2,BCL2,-1
SIM2,CASP3,1
SIN3A,E2F1,-1
SIRT1,ABCB1,1
SIRT1,ACAN,1
SIRT1,ADAMTS5,-1
SIRT1,BCL11A,-1
SIRT1,CCND1,-1
SIRT1,CDH1,-1
SIRT1,CDKN1A,-1
SIRT1,CFH,-1
SIRT1,CFLAR,1
SIRT1,COL10A1,-1
SIRT1,COL1A2,-1
SIRT1,CTNNB1,-1
SIRT1,DLL4,-1
SIRT1,EGLN1,-1
SIRT1,ESRRG,1
SIRT1,EZH2,-1
SIRT1,FOXO3,-1
SIRT1,HBE1,-1
SIRT1,HIF1A,1
SIRT1,HSF1,1
SIRT1,HYOU1,1
SIRT1,ICAM1,-1
SIRT1,MCL1,1
SIRT1,MMP9,-1
SIRT1,MYC,-1
SIRT1,NBN,1
SIRT1,NOTCH1,-1
SIRT1,NQO1,-1
SIRT1,PAX6,-1
SIRT1,PER1,1
SIRT1,PPARG,-1
SIRT1,TBX3,-1
SIRT1,TNFRSF10B,-1
SIRT1,TP53,1
SIRT1,WRN,-1
SIRT1,XPC,-1
SIRT2,AFP,1
SIRT2,CDKN1A,-1
SIRT2,NEDD4,-1
SIX1,CDH1,-1
SIX1,VEGFC,1
SKI,FHL2,1
SKI,MDM2,1
SKIL,ADAM12,-1
SKIL,SMAD7,-1
SLC2A4RG,SLC2A4,1
SMAD3,ANGPTL4,1
SMAD3,BAMBI,1
SMAD3,CCND2,1
SMAD3,CDKN1A,1
SMAD3,CYP7A1,-1
SMAD3,FOXP3,1
SMAD3,FST,1
SMAD3,MMP9,-1
SMAD3,PTHLH,1
SMAD3,SERPINE1,1
SMAD3,SMAD7,-1
SMAD3,TERT,-1
SMAD3,TGFB1,-1
SMAD3,TNC,1
SMAD3,VDR,1
SMAD4,BAMBI,1
SMAD4,BTRC,-1
SMAD4,CDKN1A,1
SMAD4,DACH1,-1
SMAD4,RUNX1T1,1
SMAD4,SERPINE1,1
SMAD4,TNC,1
SMAD7,CDK1,-1
SMAD7,CDKN1A,-1
SMAD7,CDKN2B,-1
SMAD7,KRT14,-1
SMAD7,MET,1
SMAD7,MYC,1
SMAD7,TGFB1,1
SMAD7,TGFBR1,-1
SMARCA1,CD44,-1
SMARCA1,CDKN2A,1
SMARCA4,ABCG2,1
SMARCA4,CCND1,-1
SMARCA4,CD44,-1
SMARCA4,CDH1,1
SMARCA4,CDKN1A,1
SMARCA4,CDKN2A,1
SMARCA4,FOS,-1
SMARCA4,MECOM,1
SMARCB1,CD44,-1
SMARCB1,CDKN2A,1
SMURF2,KLF5,-1
SNAI1,CDH1,-1
SNAI1,CLDN3,-1
SNAI1,CXADR,-1
SNAI1,HBEGF,1
SNAI1,PEBP1,-1
SNAI1,THBS1,-1
SNAI1,VDR,-1
SNAI2,CD44,1
SNAI2,CDH1,-1
SNAI2,CXADR,-1
SNAI2,CXCL12,1
SNAI2,CXCR4,1
SNAI2,HPGD,-1
SNAI2,JAG1,1
SNAI2,LPAR2,-1
SNAI2,MMP9,1
SNAI2,POU5F1,1
SNAI2,UBE2D3,-1
SNAI2,VDR,-1
SOX10,COL11A2,1
SOX10,MIA,1
SOX10,MITF,1
SOX10,RET,1
SOX11,SPAST,1
SOX17,CSNK1A1,-1
SOX17,FN1,-1
SOX17,HNF4A,1
SOX17,MACC1,-1
SOX17,NFAT5,-1
SOX17,SERBP1,-1
SOX2,ABCC3,1
SOX2,ABCC6,1
SOX2,ASXL1,1
SOX2,BMP4,-1
SOX2,DKK1,1
SOX2,FGF4,1
SOX2,ISL1,-1
SOX2,ITGA6,1
SOX2,MKI67,-1
SOX2,MMP3,1
SOX2,NTRK3,1
SOX2,PAX6,1
SOX2,PGA5,1
SOX2,PLAC1,-1
SOX2,POU4F2,-1
SOX2,RHO,-1
SOX2,TUBB3,-1
SOX2,VIM,1
SOX4,HDAC8,1
SOX4,NCAM1,1
SOX6,CCNA2,-1
SOX6,CCND1,-1
SOX6,CDK4,-1
SOX6,CDKN1A,1
SOX6,CTNNB1,-1
SOX6,TP53,1
SOX9,AMH,1
SOX9,AR,1
SOX9,BEST1,1
SOX9,CDK4,1
SOX9,CDKN1A,1
SOX9,COL11A2,1
SOX9,COL2A1,1
SOX9,DCC,1
SOX9,HES1,1
SOX9,MIA,1
SOX9,POU3F2,-1
SOX9,RXFP2,1
SOX9,SOX10,-1
SP1,ABCA1,1
SP1,ABCB1,1
SP1,ABCB8,1
SP1,ABCC1,-1
SP1,ABCC3,1
SP1,ADAM10,1
SP1,ADAM17,1
SP1,ADAM23,1
SP1,ADIPOQ,1
SP1,ADRA2B,1
SP1,AHR,-1
SP1,ALOX12,1
SP1,ALOX5,1
SP1,APEX1,-1
SP1,APLNR,1
SP1,APP,1
SP1,AR,1
SP1,ARF6,1
SP1,ATP2A2,1
SP1,ATP2A3,1
SP1,ATP2C1,1
SP1,B4GALT1,1
SP1,B4GALT5,1
SP1,BACE1,1
SP1,BLMH,1
SP1,BRD7,1
SP1,BSG,1
SP1,CA9,1
SP1,CCL2,1
SP1,CCNA2,-1
SP1,CCND1,1
SP1,CCND2,1
SP1,CD14,1
SP1,CD151,1
SP1,CD1D,1
SP1,CD2AP,1
SP1,CD44,1
SP1,CD99,1
SP1,CDK4,1
SP1,CDK6,-1
SP1,CDKN1A,1
SP1,CDKN1B,1
SP1,CDKN2A,1
SP1,CENPH,1
SP1,CERS2,1
SP1,CETP,-1
SP1,CHST4,1
SP1,CLDN3,1
SP1,COL11A2,1
SP1,COL2A1,1
SP1,CREM,1
SP1,CTGF,1
SP1,CXCL14,1
SP1,CXCL5,1
SP1,CYP1B1,1
SP1,CYP27A1,1
SP1,DBF4,1
SP1,DHCR24,1
SP1,DNASE2,1
SP1,DNMT1,1
SP1,DNMT3A,1
SP1,DNMT3B,1
SP1,EAPP,1
SP1,EDNRB,1
SP1,EGFR,-1
SP1,EGR1,1
SP1,ELF4,1
SP1,ELMO3,1
SP1,ENG,1
SP1,EPO,1
SP1,EPOR,-1
SP1,ERBB2,1
SP1,EZR,1
SP1,FAS,1
SP1,FASLG,1
SP1,FMR1,1
SP1,FOXM1,1
SP1,FXR2,1
SP1,GCLC,1
SP1,GFER,1
SP1,GJA1,1
SP1,GSTP1,1
SP1,HAS2,-1
SP1,HBEGF,1
SP1,HCN2,1
SP1,HCN4,1
SP1,HDAC4,1
SP1,HGF,1
SP1,HIST2H4A,1
SP1,HMGA1,1
SP1,HPR,1
SP1,HRAS,1
SP1,HSD17B1,1
SP1,HSD17B11,1
SP1,HSD17B2,1
SP1,HSD3B1,1
SP1,HTT,1
SP1,HYAL1,-1
SP1,ID4,-1
SP1,IGF2,1
SP1,IGFBP3,1
SP1,IL10,1
SP1,IL6,1
SP1,INSR,1
SP1,IRF5,1
SP1,IRS2,1
SP1,ITGA5,1
SP1,ITGAV,-1
SP1,ITGB3,-1
SP1,KCNQ2,1
SP1,KCNQ3,1
SP1,KDR,-1
SP1,KIF2C,1
SP1,KRT14,-1
SP1,KRT16,1
SP1,KRT19,1
SP1,LDHA,1
SP1,LDLR,1
SP1,LEP,1
SP1,LOR,1
SP1,LOXL4,1
SP1,LRP5,1
SP1,MACROD1,1
SP1,MAT2A,1
SP1,MAT2B,1
SP1,MDM2,1
SP1,MET,1
SP1,MICA,1
SP1,MICB,1
SP1,MIF,1
SP1,MMP11,1
SP1,MMP14,1
SP1,MMP2,1
SP1,MMP9,1
SP1,MMRN1,1
SP1,MTA1,1
SP1,MUC6,1
SP1,MYCN,1
SP1,NDUFV1,1
SP1,NDUFV2,1
SP1,NFKB1,1
SP1,NOS3,1
SP1,OPRM1,1
SP1,P2RX4,-1
SP1,P4HA1,1
SP1,PCK1,1
SP1,PDIA2,1
SP1,PGR,1
SP1,PHGDH,1
SP1,PLAUR,1
SP1,PON1,1
SP1,POR,1
SP1,PPL,1
SP1,PPP2R2B,1
SP1,PRKCE,-1
SP1,PRM1,1
SP1,PRNP,1
SP1,PRSS50,1
SP1,PTGIR,1
SP1,PTGS2,1
SP1,PTHLH,1
SP1,PTTG1,1
SP1,RARA,1
SP1,RASSF1,1
SP1,RECK,1
SP1,RECQL4,1
SP1,RELA,1
SP1,RETN,1
SP1,RGN,-1
SP1,RORA,1
SP1,SERPINB5,1
SP1,SERPINE1,1
SP1,SIGIRR,1
SP1,SKP2,1
SP1,SLC19A1,1
SP1,SLC19A3,1
SP1,SLC29A1,-1
SP1,SLC39A8,1
SP1,SLC5A8,1
SP1,SMPD1,1
SP1,SOCS1,1
SP1,SOD1,1
SP1,SOD2,-1
SP1,SOX9,1
SP1,SP3,1
SP1,SPN,1
SP1,SREBF1,1
SP1,STARD3,1
SP1,TAF7,1
SP1,TERF2,1
SP1,TERT,1
SP1,TGFB1,1
SP1,THBD,1
SP1,TICAM1,-1
SP1,TIMP1,1
SP1,TIMP3,1
SP1,TK1,1
SP1,TLR2,1
SP1,TMPO,1
SP1,TNC,1
SP1,TNF,1
SP1,TNFRSF10B,1
SP1,TNFSF10,-1
SP1,TNFSF14,1
SP1,UGCG,1
SP1,UGDH,1
SP1,UTRN,1
SP1,VAMP2,1
SP1,VEGFA,1
SP1,VIM,1
SP1,WIF1,-1
SP1,WT1,1
SP1,XIAP,1
SP1,YY1,1
SP100,ETS1,-1
SP2,CEACAM1,-1
SP2,DNMT3A,1
SP2,DNMT3B,1
SP2,HSD17B2,-1
SP2,MMP9,-1
SP3,ABCA1,-1
SP3,ALOX12,1
SP3,ALPL,1
SP3,BSG,1
SP3,CD2AP,1
SP3,CDKN1A,1
SP3,CENPH,1
SP3,CETP,-1
SP3,COL11A2,1
SP3,COL2A1,1
SP3,CYP27A1,1
SP3,DNASE2,1
SP3,EAPP,-1
SP3,ERBB2,1
SP3,ETF1,-1
SP3,FOXP3,-1
SP3,HBEGF,1
SP3,HDAC4,1
SP3,HGF,1
SP3,HSD17B2,1
SP3,ID4,-1
SP3,IGFBP3,1
SP3,KDR,1
SP3,LOR,-1
SP3,LPL,1
SP3,MSH6,1
SP3,MUC6,1
SP3,MYCN,1
SP3,NFKB1,1
SP3,NOS3,1
SP3,NOX4,1
SP3,OPRM1,1
SP3,RASSF1,1
SP3,RELA,1
SP3,RORA,1
SP3,SLC19A3,1
SP3,SOX18,-1
SP3,TFF2,-1
SP3,UTRN,1
SP3,YY1,1
SP4,ASS1,1
SP4,ERBB2,1
SP4,KDR,1
SP4,MAOB,1
SP4,NFKB1,1
SP4,RELA,1
SP4,YY1,1
SP7,COL11A2,1
SPDEF,AGR2,1
SPDEF,CDH1,1
SPDEF,MMP9,-1
SPDEF,PLAUR,-1
SPDEF,SERPINB5,1
SPDEF,SPINK4,1
SPDEF,SQSTM1,1
SPEN,DMPK,1
SPIB,CD40,1
SPIB,IRF7,-1
SPIC,IL4,1
SREBF1,ACLY,1
SREBF1,BCL2L1,-1
SREBF1,CAV1,-1
SREBF1,FAS,1
SREBF1,IRS2,-1
SREBF1,LDLR,1
SREBF1,LRP1,-1
SREBF1,NR0B2,1
SREBF1,PCK1,-1
SREBF1,PCSK9,1
SREBF1,PDX1,-1
SREBF1,SCD5,1
SREBF2,ABCA1,-1
SREBF2,ABCG5,-1
SREBF2,ABCG8,-1
SREBF2,ACOT7,1
SREBF2,HMGCR,1
SREBF2,HNF4A,-1
SREBF2,LDLR,1
SREBF2,LRP1,-1
SREBF2,MTTP,-1
SREBF2,NPC1L1,1
SREBF2,PCSK9,1
SREBF2,PON1,1
SREBF2,PON2,1
SRF,CREB1,-1
SRF,FOS,1
SRF,FOSL1,1
SRF,MMP14,1
SRF,MMP2,1
SRF,PLAU,1
SRF,PLG,1
SRF,SAMD4A,1
SRF,SERPINE1,-1
SRF,SMN1,1
SRF,TAGLN,1
SRF,UBE2S,1
SRSF1,NFKB1,-1
SSB,HAP1,-1
SSB,LAMB1,1
STAT1,CCL3,1
STAT1,CCR1,1
STAT1,CD22,1
STAT1,CD40,1
STAT1,CD40LG,1
STAT1,CDKN1A,1
STAT1,CEBPE,1
STAT1,CIITA,1
STAT1,EDN1,1
STAT1,FCGRT,-1
STAT1,FGF2,1
STAT1,FGFR3,-1
STAT1,HMOX1,1
STAT1,HSP90AA1,-1
STAT1,ICAM1,1
STAT1,IFNA1,-1
STAT1,IFNG,1
STAT1,IL1B,1
STAT1,IL6,-1
STAT1,IRF1,1
STAT1,IRF7,1
STAT1,IRF8,1
STAT1,JAK2,1
STAT1,KRT17,1
STAT1,MMP9,-1
STAT1,MUC1,1
STAT1,MUC4,1
STAT1,MVP,1
STAT1,NOS2,1
STAT1,NOX5,1
STAT1,NR1H4,-1
STAT1,OPRM1,1
STAT1,PML,1
STAT1,PPARA,1
STAT1,PRKCE,-1
STAT1,PTGS2,1
STAT1,S100A10,1
STAT1,STAT2,1
STAT1,TLR3,1
STAT1,TP53,1
STAT1,UPP1,1
STAT2,IRF1,1
STAT2,NOS2,1
STAT2,PTGS2,1
STAT3,AKAP12,1
STAT3,BCL2,1
STAT3,BCL2L1,1
STAT3,BCL6,1
STAT3,BIRC5,1
STAT3,CCL11,1
STAT3,CCL2,1
STAT3,CCND1,1
STAT3,CCND3,1
STAT3,CD46,1
STAT3,CDK4,1
STAT3,CDKN1A,1
STAT3,CFB,1
STAT3,CHI3L1,1
STAT3,CISH,1
STAT3,CSRP1,1
STAT3,CTGF,-1
STAT3,DDIT3,-1
STAT3,DNMT1,1
STAT3,EGFR,1
STAT3,ESR2,1
STAT3,ETV6,1
STAT3,F2R,1
STAT3,FAAH,1
STAT3,FAS,1
STAT3,FGF1,-1
STAT3,FGF2,1
STAT3,FLT3,1
STAT3,FOS,1
STAT3,GFAP,1
STAT3,HAMP,1
STAT3,HGF,1
STAT3,HIF1A,1
STAT3,HMOX1,1
STAT3,HSPA4,1
STAT3,HSPB1,1
STAT3,IFNAR1,1
STAT3,IFNG,-1
STAT3,IKBKE,1
STAT3,IL10,1
STAT3,IL2,1
STAT3,IL21,1
STAT3,IL6,1
STAT3,IRF1,1
STAT3,JAK2,1
STAT3,JUNB,1
STAT3,KLF11,1
STAT3,KRT17,1
STAT3,LEP,1
STAT3,LGALS3BP,-1
STAT3,LTBP1,-1
STAT3,MCL1,1
STAT3,MICA,-1
STAT3,MMP2,1
STAT3,MMP9,-1
STAT3,MUC1,1
STAT3,MUC4,1
STAT3,MYC,1
STAT3,NANOG,1
STAT3,NME1,1
STAT3,NOX5,1
STAT3,OAS1,-1
STAT3,OPRM1,1
STAT3,PAX3,-1
STAT3,PGF,-1
STAT3,PIAS3,1
STAT3,PIM1,1
STAT3,PPARA,1
STAT3,PRDM1,1
STAT3,PSMB5,1
STAT3,PTEN,1
STAT3,PTGS2,1
STAT3,PTPN13,1
STAT3,PTPN6,-1
STAT3,S100A11,1
STAT3,S1PR1,1
STAT3,SALL4,1
STAT3,SOCS1,1
STAT3,SOCS3,1
STAT3,STAT1,1
STAT3,STS,1
STAT3,TERT,1
STAT3,TGFB1,1
STAT3,TIMP1,1
STAT3,TNFRSF10B,-1
STAT3,TP63,1
STAT3,TWIST1,1
STAT3,TYK2,-1
STAT3,UCP2,-1
STAT3,USP7,-1
STAT3,VDR,-1
STAT3,VEGFA,1
STAT3,ZFP36,1
STAT4,MYC,1
STAT4,PRF1,1
STAT4,S100A4,1
STAT4,SOCS3,-1
STAT5A,BCL6,-1
STAT5A,CCND2,-1
STAT5A,CDKN2B,-1
STAT5A,IFNG,1
STAT5A,SUMO1,-1
STAT5B,BCL2L1,1
STAT5B,BCL6,-1
STAT5B,IGF1,1
STAT6,ALOX15,1
STAT6,CCL11,1
STAT6,CCL17,1
STAT6,CCL26,1
STAT6,CNR1,1
STAT6,COL1A1,1
STAT6,COL1A2,1
STAT6,CYP2E1,1
STAT6,FCER2,1
STAT6,FOS,1
STAT6,HSD3B2,1
STAT6,IL1R1,1
STAT6,IL4,1
STAT6,PTGS2,1
STAT6,RHOA,1
STAT6,SELE,-1
STAT6,SLC26A4,1
STAT6,STAT1,-1
STAT6,TLR4,-1
SUGP1,IL1B,1
SUPT3H,NEDD4L,1
SUZ12,SNAI2,-1
SUZ12,TWIST1,-1
TAF1,AR,1
TAF1,CDKN1A,1
TAF4,ATF7,-1
TAL1,ALDH1A2,1
TAL1,CD34,-1
TAL1,ERG,1
TAL1,MYB,1
TAL1,MYCN,1
TAL1,NFKB1,-1
TBP,BCL2,-1
TBP,FOS,1
TBP,FUS,-1
TBP,IL6,-1
TBP,LIN28B,1
TBP,NF1,-1
TBPL1,NF1,1
TBX2,CDKN1A,-1
TBX2,CDKN2A,-1
TBX21,CHST4,1
TBX21,IFNG,1
TBX21,IL4,-1
TBX21,PTGDR2,-1
TBX3,CDKN1A,-1
TBX3,CDKN2A,-1
TBX5,CDKN2A,1
TBX5,GJA5,1
TBX5,NPPA,1
TCF12,CDH1,-1
TCF19,CCNE1,-1
TCF3,BBC3,-1
TCF3,CDH1,-1
TCF3,CDK6,-1
TCF3,CDKN1A,1
TCF3,CR2,1
TCF3,EXO1,-1
TCF3,MYC,1
TCF3,POU5F1,-1
TCF4,ABCB1,1
TCF4,CCND1,1
TCF4,CLEC4C,1
TCF4,CNTNAP2,1
TCF4,HECA,-1
TCF4,MITF,-1
TCF4,MYC,1
TCF4,NOTUM,1
TCF4,NRXN1,1
TCF4,PLD1,1
TCF4,PTEN,-1
TCF4,VEGFA,1
TCF4,VIM,1
TCF7L2,BIRC5,1
TCF7L2,HECA,-1
TCF7L2,STARD7,1
TEAD1,ATP6V0A2,1
TEAD1,MSLN,1
TEAD4,VEGFA,-1
TFAP2A,ACHE,-1
TFAP2A,BCL2,-1
TFAP2A,BRS3,1
TFAP2A,CD82,1
TFAP2A,CDH1,1
TFAP2A,CDKN1A,1
TFAP2A,CRABP2,1
TFAP2A,CRYAB,1
TFAP2A,DCBLD2,1
TFAP2A,ECM1,1
TFAP2A,ETS1,1
TFAP2A,HGF,-1
TFAP2A,HSD17B1,-1
TFAP2A,IGFBP5,1
TFAP2A,KLF12,-1
TFAP2A,LNPEP,1
TFAP2A,MCAM,-1
TFAP2A,MMP9,1
TFAP2A,MUC4,-1
TFAP2A,NME3,1
TFAP2A,NR3C1,1
TFAP2A,PRKCA,1
TFAP2A,PTEN,1
TFAP2A,SLC19A1,1
TFAP2A,SULT1E1,1
TFAP2A,TAF7,1
TFAP2A,VEGFA,1
TFAP2B,ADIPOQ,-1
TFAP2B,CRYAB,1
TFAP2B,PTGDS,1
TFAP2C,CDKN1A,-1
TFAP2C,CRABP2,1
TFAP2C,ECM1,1
TFAP2C,ESR1,1
TFAP2C,GPX1,1
TFAP2C,SULT1E1,1
TFAP4,CDKN1A,1
TFAP4,MDM2,-1
TFAP4,PPP2R2B,-1
TFAP4,SALL2,1
TFCP2,PAX6,1
TFCP2,SPP1,1
TFCP2,TF,1
TFDP1,CCNE1,1
TFDP1,CDK1,1
TFDP1,DHFR,1
TFDP1,MYBL2,1
TFDP1,NRIP1,1
TFDP1,PCNA,1
TFDP1,RRM1,1
TFDP1,TP53,-1
TFDP1,TYMS,1
TFPT,EAF2,-1
TGIF1,SERPINE1,-1
TGIF1,SOX3,-1
THRA,SERPINC1,-1
THRB,CGA,-1
TLE3,RUNX1,-1
TNFAIP3,IRF7,-1
TNFAIP3,JUN,-1
TNFAIP3,NFKB1,-1
TNFAIP3,RELA,-1
TOB1,IL2,-1
TOP2B,RUNX1,1
TP53,ABCB1,-1
TP53,AFP,-1
TP53,AKT1,-1
TP53,ATF3,1
TP53,BAX,1
TP53,BBC3,1
TP53,BCL2,-1
TP53,BCL2L1,1
TP53,BCL3,-1
TP53,BDKRB2,1
TP53,BGLAP,1
TP53,BIRC5,-1
TP53,BRCA1,-1
TP53,BRCA2,-1
TP53,CAV1,1
TP53,CCNB1,-1
TP53,CCNB2,-1
TP53,CCND1,-1
TP53,CD82,1
TP53,CDK1,-1
TP53,CDK2,-1
TP53,CDKN1A,1
TP53,CHEK1,-1
TP53,CHEK2,-1
TP53,CHUK,-1
TP53,CKM,1
TP53,CRYAB,1
TP53,CTNNB1,-1
TP53,CTSD,1
TP53,DDB1,1
TP53,DDB2,1
TP53,DNMT1,1
TP53,DUSP1,1
TP53,E2F1,-1
TP53,E2F3,-1
TP53,E2F7,1
TP53,EGFR,1
TP53,EPHA2,1
TP53,EZH2,1
TP53,FAS,1
TP53,FGF2,-1
TP53,FLT1,1
TP53,FOXM1,-1
TP53,GADD45A,1
TP53,GDF15,1
TP53,GSTP1,1
TP53,HIPK2,1
TP53,HNF4A,-1
TP53,HSP90AB1,-1
TP53,IFI16,1
TP53,IGF1R,-1
TP53,IGFBP3,1
TP53,IPO7,-1
TP53,KLF2,-1
TP53,MAD1L1,-1
TP53,MAP4,-1
TP53,MCL1,-1
TP53,MCM7,-1
TP53,MDM2,1
TP53,MET,-1
TP53,MGMT,-1
TP53,MMP1,-1
TP53,MMP2,1
TP53,MYC,-1
TP53,NKX3-1,-1
TP53,NLRC4,1
TP53,OGG1,1
TP53,PAX5,1
TP53,PDGFRB,1
TP53,PERP,-1
TP53,PIAS3,-1
TP53,PMAIP1,1
TP53,PML,1
TP53,PRC1,-1
TP53,PTEN,-1
TP53,PTTG1,1
TP53,RASSF1,-1
TP53,RECQL4,1
TP53,REEP5,-1
TP53,S100B,1
TP53,SFN,1
TP53,SIVA1,1
TP53,SLC2A1,-1
TP53,SLC6A6,-1
TP53,SSTR2,-1
TP53,STAT3,-1
TP53,TBXAS1,-1
TP53,TCF7L2,-1
TP53,TERT,-1
TP53,THBS1,1
TP53,TNFRSF10A,1
TP53,TNFRSF10B,1
TP53,TP53,1
TP53,TP53I3,1
TP53,TRIM22,1
TP53,TYMS,-1
TP53,UHRF1,-1
TP53,UHRF1BP1,1
TP53,VCAN,1
TP53,VEGFA,1
TP53,WRN,-1
TP53,XPO1,-1
TP53BP1,BRCA1,1
TP63,BAX,1
TP63,CDKN1A,1
TP63,ID2,-1
TP63,KLF4,-1
TP63,TCF4,1
TP63,VDR,1
TP73,BBC3,1
TP73,CDKN1A,1
TP73,PMAIP1,1
TP73,TERT,-1
TRAF6,VEGFA,-1
TRERF1,CD40,-1
TRERF1,CD80,-1
TRERF1,CD86,-1
TRERF1,LILRB1,-1
TRERF1,LILRB2,-1
TRIB3,ATF4,-1
TRIM16,DES,-1
TRIM16,E2F1,-1
TRIM16,VIM,-1
TRIM28,E2F3,-1
TRIM28,E2F4,-1
TRPS1,RUNX2,-1
TRRAP,CCND2,1
TRRAP,MITF,-1
TSC22D1,CNP,1
TSC22D3,CCND1,1
TSC22D3,CDKN1A,-1
TSC22D3,FOXO1,-1
TSC22D3,FOXO3,-1
TSC22D3,FOXO4,-1
TSG101,EGFR,-1
TSG101,REG4,-1
TTF2,TPO,1
TWIST1,AKR1C2,1
TWIST1,AKT2,1
TWIST1,ATM,1
TWIST1,BMI1,1
TWIST1,CD44,1
TWIST1,CDH1,-1
TWIST1,DNM3,1
TWIST1,ERBB3,-1
TWIST1,ESR1,-1
TWIST1,F2R,-1
TWIST1,FN1,1
TWIST1,FOS,1
TWIST1,GDF15,1
TWIST1,ICAM1,1
TWIST1,ILK,-1
TWIST1,ITGB1,1
TWIST1,MAPK1,1
TWIST1,MAPK3,1
TWIST1,MMP2,1
TWIST1,MYB,-1
TWIST1,NF1,-1
TWIST1,NR2F1,1
TWIST1,PFDN4,-1
TWIST1,RAP1A,-1
TWIST1,RBL2,-1
TWIST1,RUNX2,-1
TWIST1,SRPX,-1
TWIST1,TIMP1,-1
TWIST1,YBX1,1
TWIST2,AKR1C2,1
TWIST2,ATM,1
TWIST2,CD44,1
TWIST2,CDH2,-1
TWIST2,ERBB3,-1
TWIST2,F2R,-1
TWIST2,FN1,1
TWIST2,FOS,1
TWIST2,GDF15,1
TWIST2,ICAM1,1
TWIST2,ILK,-1
TWIST2,ITGB1,1
TWIST2,MMP2,1
TWIST2,MYB,-1
TWIST2,NF1,-1
TWIST2,NR2F1,1
TWIST2,PFDN4,-1
TWIST2,RAP1A,-1
TWIST2,RBL2,-1
TWIST2,RUNX2,-1
TWIST2,SRPX,-1
UHRF1,ABCB1,-1
UHRF1,PPARG,-1
UHRF1,RB1,1
URI1,AR,-1
USF1,ABCA1,1
USF1,AGT,-1
USF1,APC,1
USF1,ASCL2,-1
USF1,B2M,1
USF1,CEACAM1,1
USF1,CEACAM5,1
USF1,CIITA,1
USF1,CTSD,1
USF1,CXCR4,1
USF1,CYP19A1,-1
USF1,CYP1A1,-1
USF1,FMR1,1
USF1,FOXA2,1
USF1,GATA5,1
USF1,GCK,1
USF1,HMOX1,1
USF1,HOXB4,1
USF1,P4HA1,1
USF1,PF4,1
USF1,PIGR,1
USF1,PTGDS,1
USF1,PTGS2,-1
USF1,S100A6,1
USF1,SERBP1,1
USF1,SERPINE1,1
USF1,SLC19A1,1
USF1,SLC22A2,1
USF1,TERT,1
USF1,TGFB1,1
USF1,TGFB2,1
USF1,TOP3A,1
USF2,ABCA1,1
USF2,APC,1
USF2,ASCL2,-1
USF2,B2M,1
USF2,CEACAM1,1
USF2,CEACAM5,1
USF2,CTSD,1
USF2,CXCR2,1
USF2,CXCR4,1
USF2,CYP19A1,-1
USF2,FMR1,1
USF2,HMOX1,1
USF2,HOXB4,1
USF2,IGF2R,1
USF2,P4HA1,1
USF2,PDX1,1
USF2,PF4,1
USF2,PIGR,1
USF2,SLC19A1,1
USF2,TERT,1
USF2,TGFB1,1
USF2,TGFB2,1
USF2,THBS1,1
USF2,TOP3A,1
VDR,CALB1,1
VDR,CD14,1
VDR,CDH1,1
VDR,CDKN1B,1
VDR,CST5,1
VDR,CYP24A1,1
VDR,CYP3A4,1
VDR,CYP7A1,-1
VDR,DKK4,-1
VDR,EGFR,-1
VDR,HOXA10,1
VDR,IGFBP3,-1
VDR,IL10,-1
VDR,IL12B,-1
VDR,IL2,-1
VDR,IL6,-1
VDR,NCOR1,1
VDR,PTH,-1
VDR,SKP2,-1
VDR,TNFRSF21,1
VDR,TPT1,1
VHL,ANGPT2,-1
VHL,AR,1
VHL,CDKN1B,1
VHL,CDKN1C,1
VHL,CXCR4,-1
VHL,DAB2,1
VHL,HIF1A,-1
VHL,IGF1R,-1
VHL,NMU,-1
VHL,SPARC,1
VHL,TFRC,-1
VHL,VEGFA,1
WT1,AMH,1
WT1,AR,-1
WT1,CCNE1,-1
WT1,CD14,1
WT1,CDC73,-1
WT1,CDH1,-1
WT1,CIAO1,-1
WT1,CKM,1
WT1,CXXC5,1
WT1,CYP19A1,-1
WT1,DNMT3A,1
WT1,EGFR,-1
WT1,ETS1,1
WT1,HBEGF,1
WT1,IGF1,-1
WT1,IGF1R,-1
WT1,IGF2,-1
WT1,IRF8,-1
WT1,ITGAX,1
WT1,JUN,1
WT1,MYB,-1
WT1,MYC,-1
WT1,MYCN,-1
WT1,NDRG2,1
WT1,ODC1,1
WT1,PAX2,-1
WT1,PDGFA,-1
WT1,PODXL,1
WT1,SMAD3,1
WT1,STIM1,-1
WT1,TBXA2R,-1
WT1,TERT,-1
WT1,THBS1,1
WT1,UBE2I,-1
WT1,VDR,1
WT1,VEGFA,1
WWP1,ERBB4,-1
WWP1,TGFBR1,-1
WWTR1,ASNS,-1
WWTR1,BAK1,1
WWTR1,BAX,1
WWTR1,LTBR,1
WWTR1,SMAD3,1
XBP1,ERP29,-1
XBP1,ESR1,1
XBP1,HSPA5,1
XBP1,NPPB,1
XPC,CASP2,-1
XPC,KIN,1
XPC,RNF111,-1
XRCC5,ETS1,-1
YBX1,ABCB1,1
YBX1,AGT,1
YBX1,ANAPC4,-1
YBX1,CCNB1,-1
YBX1,CCNC,-1
YBX1,CDC20,-1
YBX1,CDH1,1
YBX1,CDKN3,1
YBX1,CKS2,-1
YBX1,CXCR4,1
YBX1,EGFR,1
YBX1,ERBB2,1
YBX1,ERBB3,1
YBX1,FAS,-1
YBX1,KPNA2,-1
YBX1,MET,1
YBX1,MNAT1,-1
YBX1,MYCN,1
YBX1,RAD9A,1
YBX1,RBBP8,-1
YBX1,SKP2,-1
YBX1,SUMO1,-1
YBX1,TYMS,-1
YEATS4,TP53,-1
YY1,ACTC1,-1
YY1,APC,-1
YY1,APH1A,1
YY1,ATP2C1,1
YY1,COX7C,1
YY1,CREBBP,-1
YY1,CTCF,1
YY1,CXCR4,-1
YY1,DBH,1
YY1,DNAJB4,1
YY1,EGFR,1
YY1,EPAS1,-1
YY1,ERBB2,1
YY1,ERCC5,1
YY1,FAS,-1
YY1,GDAP1,1
YY1,HAS2,-1
YY1,HOXB13,-1
YY1,HSD3B2,1
YY1,HSPA5,1
YY1,IFNG,1
YY1,IL4,1
YY1,MUC4,-1
YY1,MYC,1
YY1,NF1,1
YY1,PCNA,1
YY1,PDIA6,-1
YY1,POSTN,-1
YY1,PRDM2,1
YY1,SURF1,1
YY1,SURF2,1
YY1,TFAP2A,1
YY1,TNFRSF10B,1
YY1,TOP3A,1
YY1,TP53,1
YY1,TP73,1
YY1,VEGFB,1
YY1,ZNF175,1
ZBTB16,BCL2,-1
ZBTB16,BID,-1
ZBTB16,CCNA2,-1
ZBTB16,CRABP1,1
ZBTB16,CXCR4,1
ZBTB16,SOX9,1
ZBTB17,CDKN1A,-1
ZBTB2,ARF1,-1
ZBTB2,CDKN1A,-1
ZBTB2,MDM2,1
ZBTB2,TP53,-1
ZBTB5,CDKN1A,-1
ZBTB7A,CDKN2A,-1
ZBTB7A,FOS,-1
ZBTB7A,MYC,-1
ZBTB7A,PFKP,-1
ZBTB7A,SLC2A3,-1
ZEB1,BCL6,-1
ZEB1,CDH1,1
ZEB1,CXADR,-1
ZEB1,EPCAM,-1
ZEB1,GRHL2,-1
ZEB1,MUC1,-1
ZEB1,PKP3,-1
ZEB1,POU5F1,1
ZEB2,CDH1,-1
ZEB2,CXADR,-1
ZEB2,ITGA5,1
ZEB2,MEOX2,-1
ZEB2,POU5F1,1
ZEB2,VIM,1
ZFHX3,AFP,-1
ZFHX3,CDKN1A,1
ZFHX3,MYB,-1
ZFP36,ELAVL1,1
ZFP36,HIF1A,1
ZFP36,IL2,-1
ZFP36,IL6,-1
ZFP36,LATS2,-1
ZFP36,VEGFA,-1
ZFP36L1,VEGFA,-1
ZHX2,AFP,-1
ZHX2,CCNA2,-1
ZHX2,CCNE1,-1
ZIC1,BCL2L13,1
ZIC1,EIF3M,1
ZIC1,FAM57A,1
ZIC1,JUND,1
ZIC2,TCF4,-1
ZMYND11,IL6,1
ZNF143,BUB1B,1
ZNF143,PCYT1A,1
ZNF148,MMP3,1
ZNF148,SOX18,-1
ZNF148,VIM,-1
ZNF160,TLR4,-1
ZNF175,NTF3,1
ZNF202,ABCA1,-1
ZNF202,POMGNT1,-1
ZNF217,CDH1,-1
ZNF224,ALDOA,-1
ZNF224,VDR,1
ZNF239,RBP3,-1
ZNF24,CCND1,1
ZNF24,CTNNB1,1
ZNF24,PDGFRB,-1
ZNF24,VEGFA,-1
ZNF267,MMP10,-1
ZNF300,CDKN1A,-1
ZNF300,CDKN1B,-1
ZNF300,IL6,1
ZNF300,MYC,1
ZNF350,ATXN2,1
ZNF350,HMGA2,-1
ZNF382,CDK6,-1
ZNF382,HMGA2,-1
ZNF382,ID1,-1
ZNF382,IKBKE,-1
ZNF382,JUN,-1
ZNF382,MITF,-1
ZNF382,MYC,-1
ZNF382,NFKB1,-1
ZNF382,STAT3,-1
ZNF382,STAT5B,-1
ZNF383,JUN,-1
ZNF444,SCARF1,1
ZNF76,CDKN1A,-1
ZNF76,PCYT1A,1
ZNRD1,ABCB1,1
ZNRD1,BCL2,1
AHR,CYP1A2,1
AHR,FOS,1
AHR,MYC,1
AHR,ASAP1,1
AHR,ERG,1
AHR,VGLL4,1
AHR,ARHGAP15,1
AHR,ARID5B,1
AHR,CREB5,1
AHR,CTNNA1,1
AHR,CTNNA2,1
AHR,DOCK4,1
AHR,EPB41L2,1
AHR,FRMD4A,1
AHR,GAS7,1
AHR,KAZN,1
AHR,KDM4C,1
AHR,LHFPL2,1
AHR,MAP4K4,1
AHR,MAST4,1
AHR,MID1,1
AHR,MYO1B,1
AHR,NCOR2,1
AHR,NFATC2,1
AHR,NRP2,1
AHR,PHACTR3,1
AHR,PLCB1,1
AHR,RAPGEF4,1
AHR,RBMS1,1
AHR,RUNX1,1
AHR,SIPA1L2,1
AHR,SLCO3A1,1
AHR,SOS1,1
AHR,SULF2,1
AHR,TRIM37,1
AHR,TRIO,1
AHR,TRPS1,1
AHR,TSHZ2,1
AHR,UTRN,1
AHR,ZNF217,1
AHR,ZNF385D,1
AR,ABCE1,1
AR,ACAD10,1
AR,AHSG,1
AR,AKR1B1,1
AR,ANAPC10,1
AR,AP2M1,1
AR,APPBP2,1
AR,ATF6,1
AR,ATM,1
AR,ATP2B4,1
AR,BANF1,1
AR,BTD,1
AR,C1ORF21,1
AR,CCNG2,1
AR,CD4,1
AR,CDKL5,1
AR,CITED2,1
AR,COASY,1
AR,CPT2,1
AR,CRISP1,1
AR,CYCS,1
AR,DBI,1
AR,DDT,1
AR,DHX15,1
AR,EIF3I,1
AR,ELF3,1
AR,ESRRA,1
AR,EYA2,1
AR,FAM13A,1
AR,FAM174B,1
AR,FKBP5,1
AR,FOXA1,1
AR,FXYD3,1
AR,GLRX,1
AR,GNL1,1
AR,GRB10,1
AR,GTF2F1,1
AR,HES1,1
AR,HK2,1
AR,HLA-E,1
AR,HNRNPA1,1
AR,HSD17B11,1
AR,IFI35,1
AR,IGFBP3,1
AR,IL1R1,1
AR,KCNH2,1
AR,KIAA1217,-1
AR,KLF5,1
AR,KLK4,1
AR,KRT18,1
AR,KRT8,1
AR,LIFR,1
AR,MED1,1
AR,MRPS27,1
AR,MT2A,1
AR,MYC,1
AR,NCOA2,-1
AR,NDRG1,1
AR,NLGN4X,1
AR,NME7,1
AR,NPAT,1
AR,NPEPPS,1
AR,NUP214,1
AR,ORM1,1
AR,ORM2,1
AR,PEX6,1
AR,PIGR,1
AR,PIN1,1
AR,PMAIP1,1
AR,PMEPA1,1
AR,PNPLA4,1
AR,PNRC1,1
AR,PPP2R5D,1
AR,PRKCD,1
AR,PRPS1,1
AR,PTPN9,1
AR,PTPRM,1
AR,QSOX1,1
AR,RBMX,1
AR,RBPMS,1
AR,RNASE4,1
AR,SCAP,1
AR,SCNN1A,1
AR,SDF2,1
AR,SERPINI1,1
AR,SLC25A11,1
AR,SMARCA2,1
AR,SMS,1
AR,SNAI2,1
AR,SORD,1
AR,SOX4,1
AR,SPDEF,1
AR,STK39,1
AR,STXBP2,1
AR,SUOX,1
AR,TESK1,1
AR,THRA,1
AR,TNFRSF1A,1
AR,TRPS1,1
AR,UBC,1
AR,UBE2D3,1
AR,UGT2B15,1
AR,VAPA,1
AR,XPA,1
AR,ZBTB16,1
AR,ZCCHC9,1
AR,ZFHX4,1
AR,ZNF559,1
ARID2,AGTPBP1,1
ARID2,ATXN7,1
ARID2,BAZ2A,1
ARID2,BBX,1
ARID2,CDK17,1
ARID2,CHD2,1
ARID2,CHD9,1
ARID2,CPSF6,1
ARID2,FOXJ3,1
ARID2,HNRNPH1,1
ARID2,HNRNPL,1
ARID2,JMJD1C,1
ARID2,LRP6,1
ARID2,MAP4K5,1
ARID2,MLLT10,1
ARID2,MSI2,1
ARID2,NCOA2,1
ARID2,NFAT5,1
ARID2,PAWR,1
ARID2,RBPJ,1
ARID2,RCOR3,1
ARID2,SIAH1,1
ARID2,SOS1,1
ARID2,TIAL1,1
ARID2,TNPO1,1
ARID2,USP3,1
ARID2,WAC,1
ARID2,ZCCHC2,1
ARID2,ZNF131,1
ARID3A,BAZ2A,1
ARID3A,BCAT1,1
ARID3A,CCR7,1
ARID3A,CIC,1
ARID3A,CYTH1,1
ARID3A,DDIT4,1
ARID3A,DENND3,1
ARID3A,ERN1,1
ARID3A,FOXK1,1
ARID3A,GAB2,1
ARID3A,GRK6,1
ARID3A,KCNAB2,1
ARID3A,MKNK2,1
ARID3A,MNT,1
ARID3A,PLIN2,1
ARID3A,PTK2B,1
ARID3A,SEC14L1,1
ARID3A,ST3GAL1,1
ARID3A,STK10,1
ARID3A,TGIF1,1
ARID3A,ZBTB7B,1
ARID3A,ZC3H3,1
ARNT,BHLHE40,1
ARNT,LDHA,1
ARNT,VEGFA,1
ARNT,ANGPT1,1
ARNT,ESR1,1
ARNT,AFF1,1
ARNT,ALDOA,1
ARNT,ANK3,1
ARNT,ARID1B,1
ARNT,ARID5B,1
ARNT,ASAP1,1
ARNT,CDH4,1
ARNT,CTNNA2,1
ARNT,DAAM1,1
ARNT,DOCK1,1
ARNT,DOCK4,1
ARNT,DST,1
ARNT,DYNC2H1,1
ARNT,EIF3H,1
ARNT,ENO1,1
ARNT,ERC1,1
ARNT,EXOC6B,1
ARNT,FNDC3B,1
ARNT,GLI3,1
ARNT,GTDC1,1
ARNT,IQSEC1,1
ARNT,LPP,1
ARNT,MACROD2,1
ARNT,MED13L,1
ARNT,MID1,1
ARNT,NBEA,1
ARNT,NFASC,1
ARNT,NFIA,1
ARNT,NLGN1,1
ARNT,PIP4K2A,1
ARNT,PTK2,1
ARNT,PTPRD,1
ARNT,PTPRR,1
ARNT,RBMS1,1
ARNT,RBMS3,1
ARNT,RBPJ,1
ARNT,RREB1,1
ARNT,SLC22A23,1
ARNT,SORL1,1
ARNT,SOX5,1
ARNT,SPAG9,1
ARNT,SPOCK1,1
ARNT,TBC1D5,1
ARNT,TCF12,1
ARNT,TCF4,1
ARNT,TFRC,1
ARNT,THSD7A,1
ARNT,TRIO,1
ARNT,TTLL5,1
ARNT,UVRAG,1
ARNT,VGLL4,1
ARNT,VPS13B,1
ARNT,VPS13D,1
ARNT,WSCD1,1
ARNTL,DBP,1
ARNTL,NR1D1,1
ARNTL,NR1D2,1
ASCL1,ADCY5,1
ASCL1,AGBL4,1
ASCL1,ANK1,1
ASCL1,ARHGEF10L,1
ASCL1,ATP11A,1
ASCL1,BAHCC1,1
ASCL1,CCDC57,1
ASCL1,CCDC88B,1
ASCL1,CCDC88C,1
ASCL1,CCNY,1
ASCL1,CHRNB4,1
ASCL1,CPLX2,1
ASCL1,DLGAP4,1
ASCL1,FAM13A,1
ASCL1,FARP1,1
ASCL1,FHL2,1
ASCL1,GOLM1,1
ASCL1,HPCAL1,1
ASCL1,IQSEC1,1
ASCL1,KALRN,1
ASCL1,LFNG,1
ASCL1,LGR6,1
ASCL1,MPRIP,1
ASCL1,MYO7A,1
ASCL1,NCOR2,1
ASCL1,PGS1,1
ASCL1,PKP1,1
ASCL1,PLA2G6,1
ASCL1,PLXNA2,1
ASCL1,PPM1H,1
ASCL1,PTPRD,1
ASCL1,PTPRT,1
ASCL1,RBFOX3,1
ASCL1,RNF165,1
ASCL1,RUNX1,1
ASCL1,SMPD3,1
ASCL1,SPOCK1,1
ASCL1,ST18,1
ASCL1,TACC2,1
ASCL1,TCF20,1
ASCL1,TIAM1,1
ASCL1,TMEM132D,1
ASCL1,TMEM163,1
ASCL1,TNR,1
ASCL1,TP73,1
ASCL1,TRIO,1
ASCL1,VAV2,1
ASCL1,WSCD1,1
ASCL1,ZDHHC14,1
ATF1,BCL2,1
ATF1,CGA,1
ATF1,CIITA,1
ATF1,CYP11B1,1
ATF1,ERBB2,1
ATF1,FLT1,1
ATF1,LDHA,1
ATF1,NTS,1
ATF1,PLAUR,1
ATF1,TH,1
ATF1,TOP2A,1
ATF1,UGT8,1
ATF2,CDKN1A,1
ATF2,CYP11B1,1
ATF2,DUSP1,1
ATF2,FN1,1
ATF2,FOS,1
ATF2,IMPDH2,1
ATF2,NR4A2,1
ATF2,PCK2,1
ATF2,PTGS2,1
ATF2,RB1,1
ATF3,CCL5,-1
ATF3,GCLC,-1
ATF3,STAT3,-1
ATF3,AKAP13,-1
ATF3,ANXA1,-1
ATF3,BHLHE40,-1
ATF3,CREB5,-1
ATF3,ETS2,-1
ATF3,GLIS3,-1
ATF3,GNA12,-1
ATF3,HSPB1,-1
ATF3,KDM4C,-1
ATF3,KDM6B,-1
ATF3,KLF6,-1
ATF3,MAPKAP1,-1
ATF3,MAPRE2,-1
ATF3,MED15,-1
ATF3,MYO18A,-1
ATF3,NFIA,-1
ATF3,PCBP1,-1
ATF3,PDE4B,-1
ATF3,PER1,-1
ATF3,PRPF31,-1
ATF3,PTP4A1,-1
ATF3,RAD9A,-1
ATF3,RCAN1,-1
ATF3,RUNX1,-1
ATF3,SMOX,-1
ATF3,SND1,-1
ATF3,SPAG9,-1
ATF3,SPRED2,-1
ATF3,SREBF1,-1
ATF3,SYTL2,-1
ATF3,TOM1L2,-1
ATF3,TRIB1,-1
ATF3,TSC22D2,-1
ATF3,UBC,-1
ATF3,VGLL4,-1
ATF3,VMP1,-1
ATF3,ZBTB20,-1
ATF3,ZFP36L1,-1
ATF4,DISC1,1
ATF4,MCL1,1
ATF4,PTGS2,1
ATF6,ATP2A2,1
ATF6,CALR,1
ATF6,DDIT3,1
ATF6,HSP90B1,1
ATF6,HSPA5,1
ATF6,SEL1L,1
ATF6,SRF,1
ATF6,XBP1,1
ATF7,ARID1A,1
ATF7,ARID1B,1
ATF7,CMIP,1
ATF7,CREB3L2,1
ATF7,CREBBP,1
ATF7,DEPDC5,1
ATF7,DST,1
ATF7,EML2,1
ATF7,EXOC4,1
ATF7,FAM122C,1
ATF7,IGF1,1
ATF7,KANSL1,1
ATF7,KDM4C,1
ATF7,KPNA6,1
ATF7,MOV10L1,1
ATF7,MSI2,1
ATF7,NFIA,1
ATF7,PHF21A,1
ATF7,PTPRS,1
ATF7,SND1,1
ATF7,TCF12,1
ATF7,TEAD1,1
ATF7,TNRC6B,1
ATF7,TP53BP1,1
ATF7,UBE2H,1
ATF7,XPO7,1
ATF7,ZFP36L1,1
BACH1,ALDOA,1
BACH1,ASAP1,1
BACH1,CDK6,1
BACH1,CLIP4,1
BACH1,GCLC,1
BACH1,IFRD1,1
BACH1,KCTD20,1
BACH1,LBR,1
BACH1,MAFG,1
BACH1,MAPT,1
BACH1,ME1,1
BACH1,MSANTD3,1
BACH1,NQO2,1
BACH1,PHLDA2,1
BACH1,PIK3CD,1
BACH1,PSAP,1
BACH1,RFFL,1
BACH1,SLC48A1,1
BACH1,SLC7A11,1
BACH1,SMARCA4,1
BACH1,SQSTM1,1
BACH1,SYNJ2,1
BACH1,TNFAIP2,1
BACH1,TRIM56,1
BACH2,IL2,1
BACH2,AP1B1,1
BACH2,ARHGEF3,1
BACH2,DAAM1,1
BACH2,EGLN3,1
BACH2,EPS15L1,1
BACH2,ERCC1,1
BACH2,ETS1,1
BACH2,FOXO3,1
BACH2,FOXP1,1
BACH2,GSTP1,1
BACH2,HIVEP2,1
BACH2,IFRD1,1
BACH2,ITPKB,1
BACH2,JMJD1C,1
BACH2,KCTD20,1
BACH2,KLHL21,1
BACH2,LBR,1
BACH2,LRRK2,1
BACH2,MAFG,1
BACH2,MGAT5,1
BACH2,MYBPC1,1
BACH2,OSBPL10,1
BACH2,PLXND1,1
BACH2,PRDM10,1
BACH2,PRDM2,1
BACH2,PSAP,1
BACH2,PURB,1
BACH2,RASAL3,1
BACH2,RASSF2,1
BACH2,RFFL,1
BACH2,RGS3,1
BACH2,RP1,1
BACH2,SEMA4D,1
BACH2,SIAH2,1
BACH2,SLC16A6,1
BACH2,SLC6A6,1
BACH2,SLC7A7,1
BACH2,SNX25,1
BACH2,SQSTM1,1
BACH2,SWAP70,1
BACH2,TBK1,1
BACH2,TCF4,1
BACH2,TEX19,1
BACH2,TMSB4X,1
BACH2,TNFSF9,1
BACH2,TUBA4A,1
BACH2,ZHX2,1
BCL11A,AMPD3,1
BCL11A,CACNA1E,1
BCL11A,CCDC88C,1
BCL11A,CDYL,1
BCL11A,CNTNAP2,1
BCL11A,DTNB,1
BCL11A,ELMO1,1
BCL11A,EPHB1,1
BCL11A,ETV6,1
BCL11A,GDI2,1
BCL11A,GPR15,1
BCL11A,IGF1R,1
BCL11A,JARID2,1
BCL11A,KDM2B,1
BCL11A,KLHL6,1
BCL11A,LCP1,1
BCL11A,MAP3K8,1
BCL11A,NFIC,1
BCL11A,OBSCN,1
BCL11A,PARP15,1
BCL11A,PAX5,1
BCL11A,PDE1C,1
BCL11A,PIK3AP1,1
BCL11A,PPP2R5C,1
BCL11A,PRKCB,1
BCL11A,RUNX3,1
BCL11A,SLC12A8,1
BCL11A,SORL1,1
BCL11A,SP140,1
BCL11A,SYNE2,1
BCL11A,TBC1D4,1
BCL11A,TLE4,1
BCL11A,TRAK1,1
BCL11A,ZMIZ1,1
BCL11A,ZMYND8,1
BCL11A,ZNF365,1
BCL6,PRDM1,-1
BCL6,FOXO3,-1
BCL6,AHRR,-1
BCL6,ANK3,-1
BCL6,ARHGAP26,-1
BCL6,ARID5B,-1
BCL6,BRD4,-1
BCL6,CABIN1,-1
BCL6,CBFA2T3,-1
BCL6,CCND3,-1
BCL6,CFLAR,-1
BCL6,DENND3,-1
BCL6,DUSP22,-1
BCL6,GFOD1,-1
BCL6,GMDS,-1
BCL6,GPCPD1,-1
BCL6,HDAC4,-1
BCL6,IL4R,-1
BCL6,LDLR,-1
BCL6,LPP,-1
BCL6,MAP3K8,-1
BCL6,MAPKAPK3,-1
BCL6,NCOA7,-1
BCL6,OSBPL10,-1
BCL6,PLCG2,-1
BCL6,RHOQ,-1
BCL6,RNF213,-1
BCL6,SEMA4B,-1
BCL6,SLA,-1
BCL6,ST3GAL1,-1
BCL6,SYNE2,-1
BCL6,SYPL1,-1
BCL6,TCF3,-1
BCL6,TLE3,-1
BCL6,TNK2,-1
BCL6,TNS3,-1
BCL6,TPM4,-1
BCL6,UMODL1,-1
BCL6,ZFAT,-1
BHLHE22,ADAM33,-1
BHLHE22,AEBP1,-1
BHLHE22,ALDH1A2,-1
BHLHE22,AP3D1,-1
BHLHE22,ARSB,-1
BHLHE22,BAZ2A,-1
BHLHE22,CDYL,-1
BHLHE22,ELF4,-1
BHLHE22,GAS7,-1
BHLHE22,IGF1R,-1
BHLHE22,KCNN3,-1
BHLHE22,LSP1,-1
BHLHE22,MYLK,-1
BHLHE22,PACS1,-1
BHLHE22,PCDHGC3,-1
BHLHE22,PLCL2,-1
BHLHE22,PTPRJ,-1
BHLHE22,SH3KBP1,-1
BHLHE22,SPON2,-1
BHLHE22,SYNE2,-1
BHLHE40,NR4A1,-1
BHLHE40,ABCC1,-1
BHLHE40,ACAP3,-1
BHLHE40,ACTB,-1
BHLHE40,ANKRD11,-1
BHLHE40,ARHGEF3,-1
BHLHE40,BCL3,-1
BHLHE40,BCOR,-1
BHLHE40,CCDC57,-1
BHLHE40,CD83,-1
BHLHE40,CDKN1A,-1
BHLHE40,CREB5,-1
BHLHE40,CSK,-1
BHLHE40,CTTN,-1
BHLHE40,CUX1,-1
BHLHE40,DLGAP1,-1
BHLHE40,EGLN3,-1
BHLHE40,FKBP5,-1
BHLHE40,FLNB,-1
BHLHE40,GDF15,-1
BHLHE40,GFOD1,-1
BHLHE40,GNA12,-1
BHLHE40,HES1,-1
BHLHE40,ID2,-1
BHLHE40,IRF2BP2,-1
BHLHE40,JMJD1C,-1
BHLHE40,LDLR,-1
BHLHE40,MAP2K3,-1
BHLHE40,MICAL3,-1
BHLHE40,NR1D1,-1
BHLHE40,PARVB,-1
BHLHE40,PFKFB3,-1
BHLHE40,PIM1,-1
BHLHE40,PLEC,-1
BHLHE40,RALGDS,-1
BHLHE40,RARA,-1
BHLHE40,RASSF5,-1
BHLHE40,RGS9,-1
BHLHE40,SEMA4B,-1
BHLHE40,SH3BP2,-1
BHLHE40,SLC16A3,-1
BHLHE40,SLC37A1,-1
BHLHE40,SLC7A5,-1
BHLHE40,SMAD7,-1
BHLHE40,SNAP47,-1
BHLHE40,SRC,-1
BHLHE40,SRCIN1,-1
BHLHE40,SUB1,-1
BHLHE40,SYNJ2,-1
BHLHE40,TLE3,-1
BHLHE40,TNFSF9,-1
BHLHE40,TRAPPC9,-1
BHLHE40,UBE2D3,-1
BHLHE40,VGLL4,-1
BHLHE40,XXYLT1,-1
BHLHE40,ZFP36L1,-1
CDX2,ABCB1,1
CDX2,DSC2,1
CDX2,GUCY2C,1
CDX2,REG4,1
CDX2,SLC9A2,1
CDX2,SLC9A3,1
CEBPA,ABCB1,1
CEBPA,ABCC1,1
CEBPA,ACACA,1
CEBPA,ACACB,1
CEBPA,ACE,1
CEBPA,ADH1B,1
CEBPA,AEBP1,1
CEBPA,AFP,1
CEBPA,AGT,1
CEBPA,ALOX5AP,1
CEBPA,APBB1IP,1
CEBPA,APOA1,1
CEBPA,APOB,1
CEBPA,C8ORF76,1
CEBPA,CCNB1,1
CEBPA,CCND1,1
CEBPA,CCNE1,1
CEBPA,CDH13,1
CEBPA,CDK2,1
CEBPA,CDKN1A,1
CEBPA,CES1,1
CEBPA,CETP,1
CEBPA,COMT,1
CEBPA,CPS1,1
CEBPA,CREB1,1
CEBPA,CRMP1,1
CEBPA,CSF1,1
CEBPA,CSRP1,1
CEBPA,CXCR2,1
CEBPA,CYP3A4,1
CEBPA,CYP3A7,1
CEBPA,DEFA3,1
CEBPA,E2F2,1
CEBPA,E2F3,1
CEBPA,EDN1,1
CEBPA,EHHADH,1
CEBPA,ELN,1
CEBPA,ENPP3,1
CEBPA,EPO,1
CEBPA,EPX,1
CEBPA,F3,1
CEBPA,FAS,1
CEBPA,FASN,1
CEBPA,FGL2,1
CEBPA,FN1,1
CEBPA,FOXA2,1
CEBPA,GADD45A,1
CEBPA,GAPDH,1
CEBPA,GDNF,1
CEBPA,GLS2,1
CEBPA,GPX4,1
CEBPA,GSK3A,1
CEBPA,GSK3B,1
CEBPA,GUCY2C,1
CEBPA,HMGB1,1
CEBPA,HNF4A,1
CEBPA,HOMER3,1
CEBPA,HP,1
CEBPA,HPX,1
CEBPA,ICAM1,1
CEBPA,ID1,1
CEBPA,IGF2,1
CEBPA,IL10,1
CEBPA,IL12B,1
CEBPA,IL1A,1
CEBPA,IL4,1
CEBPA,IL6,1
CEBPA,IRS1,1
CEBPA,ITGA2,1
CEBPA,ITGAL,1
CEBPA,ITGB2,1
CEBPA,KAT7,1
CEBPA,KCNH8,1
CEBPA,KCNMA1,1
CEBPA,LBP,1
CEBPA,LDLR,1
CEBPA,LTF,1
CEBPA,MAD1L1,1
CEBPA,MAT2A,1
CEBPA,MME,1
CEBPA,MMP11,1
CEBPA,MSR1,1
CEBPA,MYBL1,1
CEBPA,NFYA,1
CEBPA,NFYC,1
CEBPA,PCK1,1
CEBPA,PCK2,1
CEBPA,PCNA,1
CEBPA,PER2,1
CEBPA,PPARG,1
CEBPA,PTGS2,1
CEBPA,RB1,1
CEBPA,RNASE2,1
CEBPA,SCD,1
CEBPA,SLC10A1,1
CEBPA,SLC9A1,1
CEBPA,SMYD2,1
CEBPA,SOD1,1
CEBPA,SP1,1
CEBPA,SREBF1,1
CEBPA,SREBF2,1
CEBPA,STAT3,1
CEBPA,TF,1
CEBPA,THOC1,1
CEBPA,TIMP2,1
CEBPA,TK1,1
CEBPA,TNFAIP3,1
CEBPA,TNFRSF1A,1
CEBPA,TOP2A,1
CEBPA,TSC22D3,1
CEBPA,UBE2L3,1
CEBPA,UHRF1,1
CEBPA,VLDLR,1
CEBPA,XDH,1
CEBPB,ASNS,1
CEBPB,BCL2L1,1
CEBPB,CSH2,1
CEBPB,F8,1
CEBPB,FASLG,1
CEBPB,FOS,1
CEBPB,GADD45G,1
CEBPB,HP,1
CEBPB,IGF2,1
CEBPB,IL10,1
CEBPB,IL12B,1
CEBPB,PRL,1
CEBPB,SLC10A1,1
CEBPB,TNF,1
CEBPB,TOP1,1
CEBPD,ALOX5AP,1
CEBPD,C3,1
CEBPD,GADD45G,1
CEBPD,GAPDH,1
CEBPD,PTGS2,1
CEBPD,TNF,1
CEBPD,CCND1,1
CEBPD,GRAMD1A,1
CEBPD,IL6,1
CEBPD,NFIL3,1
CEBPD,TF,1
CEBPG,AIG1,1
CEBPG,ARHGAP25,1
CEBPG,ATP2A2,1
CEBPG,BRD4,1
CEBPG,CECR2,1
CEBPG,CHN2,1
CEBPG,CLIP1,1
CEBPG,CPQ,1
CEBPG,CREB5,1
CEBPG,CRYZL1,1
CEBPG,CYP19A1,1
CEBPG,DPYSL2,1
CEBPG,DST,1
CEBPG,EDEM1,1
CEBPG,EPAS1,1
CEBPG,EPS15,1
CEBPG,FGGY,1
CEBPG,FRYL,1
CEBPG,FYN,1
CEBPG,GRHL2,1
CEBPG,HDAC9,1
CEBPG,HK1,1
CEBPG,MAP4,1
CEBPG,MICAL2,1
CEBPG,MTHFD1L,1
CEBPG,NFIB,1
CEBPG,NFIL3,1
CEBPG,PHF3,1
CEBPG,PIK3R1,1
CEBPG,PTP4A2,1
CEBPG,ROCK2,1
CEBPG,RP1,1
CEBPG,RTN4,1
CEBPG,SLC38A1,1
CEBPG,SLC9A1,1
CEBPG,SOX6,1
CEBPG,TCF4,1
CEBPG,TRIB1,1
CEBPG,TRIB3,1
CEBPG,VAV3,1
CEBPG,WDR64,1
CLOCK,NR1D2,1
CLOCK,ACOXL,1
CLOCK,ATP9B,1
CLOCK,CDH22,1
CLOCK,CDH23,1
CLOCK,CELSR1,1
CLOCK,CHCHD6,1
CLOCK,CMIP,1
CLOCK,COL6A1,1
CLOCK,CORO2B,1
CLOCK,CREB5,1
CLOCK,DENND3,1
CLOCK,DLGAP1,1
CLOCK,FAM91A1,1
CLOCK,GAS7,1
CLOCK,GET4,1
CLOCK,GLI3,1
CLOCK,INPP5A,1
CLOCK,IQSEC1,1
CLOCK,ITGB2,1
CLOCK,LARP1,1
CLOCK,MAGI1,1
CLOCK,MICAL2,1
CLOCK,PCYT1A,1
CLOCK,PKD1L1,1
CLOCK,PPFIA1,1
CLOCK,PREX1,1
CLOCK,PRKAG2,1
CLOCK,PTK2,1
CLOCK,RBFOX1,1
CLOCK,RGS12,1
CLOCK,RGS6,1
CLOCK,SEC14L1,1
CLOCK,SIPA1L1,1
CLOCK,SMOC2,1
CLOCK,SPTBN4,1
CLOCK,TIAM1,1
CLOCK,TNS1,1
CLOCK,TNS3,1
CLOCK,TRAPPC9,1
CLOCK,ZDHHC14,1
CLOCK,ZNF331,1
CREB1,ADRA1A,1
CREB1,AQP3,1
CREB1,BDKRB1,1
CREB1,CCL5,1
CREB1,CCND1,1
CREB1,CD4,1
CREB1,CDK11A,1
CREB1,CGA,1
CREB1,CIITA,1
CREB1,CPT1A,1
CREB1,CXCR4,1
CREB1,CYP11A1,1
CREB1,CYP11B1,1
CREB1,DBH,1
CREB1,DIO2,1
CREB1,EGR1,1
CREB1,ERBB2,1
CREB1,FLT1,1
CREB1,FN1,1
CREB1,FOS,1
CREB1,G6PC,1
CREB1,HLA-DOB,1
CREB1,HLA-DQB1,1
CREB1,HLA-DRA,1
CREB1,HPGD,1
CREB1,IL2,1
CREB1,IL5RA,1
CREB1,MSMB,1
CREB1,NF1,1
CREB1,NPY,1
CREB1,NR4A2,1
CREB1,NR4A3,1
CREB1,NTS,1
CREB1,ODC1,1
CREB1,PCK1,1
CREB1,PCK2,1
CREB1,PDYN,1
CREB1,POLD2,1
CREB1,RARB,1
CREB1,RRM2B,1
CREB1,SLC19A1,1
CREB1,SPRY2,1
CREB1,STAR,1
CREB1,TG,1
CREB1,TH,1
CREB1,TRH,1
CREB1,UCP1,1
CREB1,UGT8,1
CREB1,VEGFA,1
CREB1,VIP,1
CREB3,HM13,1
CREB3,PRPF31,1
CREB3,ANO10,1
CREB3,BHLHE40,1
CREB3,CAP1,1
CREB3,CHCHD6,1
CREB3,DNAJB12,1
CREB3,DTNBP1,1
CREB3,ESYT2,1
CREB3,GALNT2,1
CREB3,MAD2L1BP,1
CREB3,MTHFR,1
CREB3,NEBL,1
CREB3,PCBP1,1
CREB3,PCNA,1
CREB3,PTTG1IP,1
CREB3,RUNX1,1
CREB3,ST3GAL2,1
CREB3,STAT3,1
CREB3,STON2,1
CREB3,SUB1,1
CREB3L1,VEGFA,1
CREB3L1,ARHGEF1,1
CREB3L1,ARID1A,1
CREB3L1,ASPH,1
CREB3L1,BCAR1,1
CREB3L1,CERCAM,1
CREB3L1,FNDC3B,1
CREB3L1,HMGB1,1
CREB3L1,KCNK1,1
CREB3L1,MAD2L1BP,1
CREB3L1,MTDH,1
CREB3L1,NRSN2,1
CREB3L1,PARVB,1
CREB3L1,PLEC,1
CREB3L1,RUNX1,1
CREB3L1,SERPINH1,1
CREB3L1,STAR,1
CREB3L1,STARD10,1
CREB3L1,TXNDC5,1
CREB3L1,UBC,1
CREM,CD86,1
CREM,GPCPD1,1
CREM,PDE4A,1
CREM,ARID1A,1
CREM,ARID5B,1
CREM,ATF3,1
CREM,CMIP,1
CREM,CREB3L2,1
CREM,CREB5,1
CREM,ERN1,1
CREM,ESYT2,1
CREM,FOXP1,1
CREM,FSCN1,1
CREM,GADD45A,1
CREM,GATA2,1
CREM,HDAC4,1
CREM,HIVEP2,1
CREM,KDM4C,1
CREM,LIMS1,1
CREM,LITAF,1
CREM,LPCAT1,1
CREM,MSI2,1
CREM,NAV2,1
CREM,NFATC1,1
CREM,NR4A2,1
CREM,PDE4B,1
CREM,PLCL2,1
CREM,PRKCE,1
CREM,PRKCZ,1
CREM,PTMA,1
CREM,PTP4A2,1
CREM,PTPRS,1
CREM,PTPRU,1
CREM,RARA,1
CREM,RREB1,1
CREM,SH2B3,1
CREM,SH3BP5,1
CREM,SLC25A25,1
CREM,SND1,1
CREM,ST7,1
CREM,SUB1,1
CREM,TGIF1,1
CREM,THADA,1
CREM,TRIM69,1
CREM,UBE2H,1
CREM,USP9X,1
CREM,ZDHHC14,1
CTCF,ABCA2,1
CTCF,ACTR3,-1
CTCF,ACVR1C,1
CTCF,AHCYL1,1
CTCF,AKT1,-1
CTCF,ALDH1A3,-1
CTCF,ANG,1
CTCF,ANKRD46,1
CTCF,ARL2,-1
CTCF,ASAP2,1
CTCF,ATN1,1
CTCF,ATXN7,1
CTCF,B4GALNT1,1
CTCF,BATF2,1
CTCF,BBC3,1
CTCF,BCL2L14,-1
CTCF,BICD2,1
CTCF,C1R,1
CTCF,CCL16,1
CTCF,CCND1,1
CTCF,CD80,1
CTCF,CDKN2A,1
CTCF,CELSR3,1
CTCF,CEP135,1
CTCF,CHRNA6,1
CTCF,CIDEB,1
CTCF,COL27A1,1
CTCF,COMMD2,-1
CTCF,CT45A5,1
CTCF,DIP2B,1
CTCF,DMKN,1
CTCF,DMPK,1
CTCF,EPHB1,1
CTCF,EPX,1
CTCF,ESRP2,-1
CTCF,ETNK2,1
CTCF,FBXO7,1
CTCF,GALNT6,1
CTCF,GALT,1
CTCF,GAS7,1
CTCF,GPR156,-1
CTCF,GRIN3A,1
CTCF,HAUS7,-1
CTCF,HEBP2,1
CTCF,HMCN1,1
CTCF,HS1BP3,1
CTCF,HSPA5,1
CTCF,IGF2,1
CTCF,IL19,1
CTCF,IPO13,1
CTCF,IRAK2,1
CTCF,KSR1,1
CTCF,LPIN3,1
CTCF,LRRC59,1
CTCF,MB,1
CTCF,MCM10,1
CTCF,MMP10,-1
CTCF,MRPL17,1
CTCF,MYD88,1
CTCF,NBN,1
CTCF,NES,1
CTCF,NF1,1
CTCF,NFE2L2,1
CTCF,NPC1,-1
CTCF,PAGE4,-1
CTCF,PBXIP1,1
CTCF,PLXNB3,1
CTCF,PMPCB,1
CTCF,POMT2,1
CTCF,PPARD,1
CTCF,PPRC1,1
CTCF,PRSS35,1
CTCF,PTPRG,1
CTCF,RAD21,1
CTCF,RBL2,1
CTCF,RBM39,-1
CTCF,RBMS3,-1
CTCF,RPL39L,1
CTCF,RPP30,1
CTCF,S100Z,-1
CTCF,SIX5,1
CTCF,SLC6A4,1
CTCF,STAB2,-1
CTCF,TBC1D14,1
CTCF,TMBIM6,1
CTCF,TNFRSF18,-1
CTCF,TRAPPC6A,1
CTCF,TRO,-1
CTCF,TSFM,1
CTCF,TSPAN16,1
CTCF,TYSND1,1
CTCF,WT1,1
CTCF,ZNF20,1
CTCF,ZNF462,-1
CTCF,ZNF613,1
CTCF,ZNF763,-1
CTCF,ZNF804B,1
CTCF,ZNHIT2,-1
CTCFL,ACTB,1
CTCFL,ANKS6,1
CTCFL,ATG16L2,1
CTCFL,CABIN1,1
CTCFL,CACNA1H,1
CTCFL,CBX4,1
CTCFL,CBX8,1
CTCFL,CDH24,1
CTCFL,CHD5,1
CTCFL,COL13A1,1
CTCFL,COL27A1,1
CTCFL,CRIP2,1
CTCFL,CSK,1
CTCFL,CTBP1,1
CTCFL,DGKZ,1
CTCFL,DIAPH1,1
CTCFL,EXD3,1
CTCFL,FIBCD1,1
CTCFL,FLT3LG,1
CTCFL,GAD1,1
CTCFL,GNAI2,1
CTCFL,IGDCC4,1
CTCFL,JAG2,1
CTCFL,KCNIP3,1
CTCFL,KCNT1,1
CTCFL,KIAA1522,1
CTCFL,LZTS2,1
CTCFL,MAPK8IP3,1
CTCFL,MAST1,1
CTCFL,MIB1,1
CTCFL,NDUFA4L2,1
CTCFL,NFE2L2,1
CTCFL,NRARP,1
CTCFL,NRXN2,1
CTCFL,PIEZO1,1
CTCFL,PIM1,1
CTCFL,PLEKHG5,1
CTCFL,PPM1F,1
CTCFL,PURA,1
CTCFL,PXN,1
CTCFL,RADIL,1
CTCFL,ROR2,1
CTCFL,SPEG,1
CTCFL,SVIL,1
CTCFL,TBC1D14,1
CTCFL,ZBTB7A,1
CTCFL,ZMIZ1,1
CTCFL,ZNF398,1
CTCFL,ZNF423,1
CUX1,ECT2,-1
CUX1,RACGAP1,-1
CUX1,EEF2,1
CUX1,FTO,1
CUX1,AHCY,1
CUX1,AHI1,1
CUX1,ALOXE3,1
CUX1,APOB,1
CUX1,ARID5B,1
CUX1,AXIN2,1
CUX1,CLEC16A,1
CUX1,CR2,1
CUX1,DAAM1,1
CUX1,DEPDC1B,1
CUX1,ETV4,1
CUX1,GMDS,1
CUX1,HSPD1,1
CUX1,ITGB4,1
CUX1,ITGB5,1
CUX1,KIAA1217,1
CUX1,KIFC3,1
CUX1,MACF1,1
CUX1,MED15,1
CUX1,MYADM,1
CUX1,NFIC,1
CUX1,PIM1,1
CUX1,PREX1,1
CUX1,PUF60,1
CUX1,RBCK1,1
CUX1,SLC16A3,1
CUX1,SLC30A10,1
CUX1,SPTBN1,1
CUX1,SQSTM1,1
CUX1,SRCIN1,1
CUX1,TBC1D1,1
CUX1,TBC1D5,1
CUX1,TEX2,1
CUX1,UBAC1,1
CUX1,ZFAND3,1
E2F1,ABCA1,1
E2F1,ACSL1,1
E2F1,ACTR2,1
E2F1,ADH6,1
E2F1,AK3,1
E2F1,ALOX5AP,1
E2F1,AMPD3,1
E2F1,ANKRD16,1
E2F1,ARHGEF17,1
E2F1,ARL10,1
E2F1,ARMC8,1
E2F1,ASCC2,1
E2F1,ATAD2,1
E2F1,ATG10,1
E2F1,AXIN2,1
E2F1,B4GALT1,1
E2F1,BDH1,1
E2F1,BHLHE40,1
E2F1,BIN1,1
E2F1,BLVRA,1
E2F1,BMI1,1
E2F1,BMP4,1
E2F1,BNIP3,1
E2F1,BRD2,1
E2F1,CBS,1
E2F1,CBX5,1
E2F1,CCDC7,1
E2F1,CCNA2,1
E2F1,CCND3,1
E2F1,CCNE2,1
E2F1,CD72,1
E2F1,CDAN1,1
E2F1,CDC25A,1
E2F1,CDC45,1
E2F1,CDC6,1
E2F1,CDCA4,1
E2F1,CDH20,1
E2F1,CDH5,1
E2F1,CDKN1C,1
E2F1,CDKN2C,1
E2F1,CDT1,1
E2F1,CELF1,1
E2F1,CHKA,1
E2F1,CLASP2,1
E2F1,CLDN23,1
E2F1,CLDN5,1
E2F1,CNIH4,1
E2F1,COQ2,1
E2F1,COX15,1
E2F1,CSRNP3,1
E2F1,CTNND2,1
E2F1,CUL5,1
E2F1,CUX1,1
E2F1,DCC,1
E2F1,DCLRE1C,1
E2F1,DDIT4,1
E2F1,DGKI,1
E2F1,DIRAS2,1
E2F1,DPF2,1
E2F1,DTL,1
E2F1,DUSP4,1
E2F1,DYNC1I2,1
E2F1,E2F3,1
E2F1,ECT2,1
E2F1,EGF,1
E2F1,EGFR,1
E2F1,EIF3A,1
E2F1,ENPEP,1
E2F1,ERCC8,1
E2F1,EYA2,1
E2F1,FAM184A,1
E2F1,FANCD2,1
E2F1,FBXO43,1
E2F1,FBXO5,1
E2F1,FH,1
E2F1,FLT1,1
E2F1,FOXA2,1
E2F1,GALC,1
E2F1,GATA3,1
E2F1,GINS3,1
E2F1,GMNN,1
E2F1,GNL3,1
E2F1,GPR158,1
E2F1,GRIK5,1
E2F1,HAT1,1
E2F1,HBA2,1
E2F1,HELLS,1
E2F1,HERPUD1,1
E2F1,HFE,1
E2F1,HIVEP1,1
E2F1,HOXB9,1
E2F1,HSPD1,1
E2F1,IER3,1
E2F1,IFT80,1
E2F1,IL12RB1,1
E2F1,IL1B,1
E2F1,IQCK,1
E2F1,IRF4,1
E2F1,ITGAL,1
E2F1,JPH2,1
E2F1,JUN,1
E2F1,KCNJ16,1
E2F1,KCNJ2,1
E2F1,KCNK10,1
E2F1,KDM4C,1
E2F1,KDR,1
E2F1,KIF23,1
E2F1,KIF24,1
E2F1,KLF10,1
E2F1,KRT75,1
E2F1,LINGO1,1
E2F1,LMO1,1
E2F1,LYPLAL1,1
E2F1,MAP1LC3B,1
E2F1,MAP2K6,1
E2F1,MAP3K14,1
E2F1,MAPK1,1
E2F1,MAPK8,1
E2F1,MCM10,1
E2F1,MCM5,1
E2F1,MCM6,1
E2F1,MCM7,1
E2F1,MCM8,1
E2F1,MCM9,1
E2F1,MEIS1,1
E2F1,MEMO1,1
E2F1,MIPEP,1
E2F1,MPPED2,1
E2F1,MPST,1
E2F1,MRAS,1
E2F1,MT1X,1
E2F1,MXI1,1
E2F1,MYB,1
E2F1,MYH10,1
E2F1,NCOA3,1
E2F1,NDUFAB1,1
E2F1,NEK4,1
E2F1,NELL2,1
E2F1,NLRP5,1
E2F1,NOL9,1
E2F1,NTNG2,1
E2F1,OCA2,1
E2F1,OSR1,1
E2F1,PAX2,1
E2F1,PCBD2,1
E2F1,PDPN,1
E2F1,PDXK,1
E2F1,PHLDB1,1
E2F1,PIGU,1
E2F1,PIK3R5,1
E2F1,PLAUR,1
E2F1,PLEKHB1,1
E2F1,PLEKHF2,1
E2F1,PLK4,1
E2F1,POLA1,1
E2F1,POLA2,1
E2F1,POLD1,1
E2F1,POLE2,1
E2F1,POLR3A,1
E2F1,POU2AF1,1
E2F1,PPP2R2D,1
E2F1,PRDM1,1
E2F1,PRIM2,1
E2F1,PRKDC,1
E2F1,PTPRO,1
E2F1,RAB40C,1
E2F1,RACGAP1,1
E2F1,RAD18,1
E2F1,RAD51,1
E2F1,RALGDS,1
E2F1,RASSF8,1
E2F1,RELA,1
E2F1,RFC2,1
E2F1,RNF128,1
E2F1,RRP1B,1
E2F1,RTN4,1
E2F1,RXRG,1
E2F1,SAFB,1
E2F1,SCARF1,1
E2F1,SCN8A,1
E2F1,SEPHS1,1
E2F1,SEZ6L2,1
E2F1,SIAH1,1
E2F1,SLC14A2,1
E2F1,SLC35F3,1
E2F1,SLC35G1,1
E2F1,SLC6A19,1
E2F1,SLX4,1
E2F1,SMARCA5,1
E2F1,SNTB2,1
E2F1,SOCS2,1
E2F1,SP110,1
E2F1,SP3,-1
E2F1,SPOCK1,1
E2F1,SSTR1,1
E2F1,ST13,1
E2F1,STAM,1
E2F1,STX11,1
E2F1,SUCLG1,1
E2F1,SYNE2,1
E2F1,TAF5L,1
E2F1,TBC1D16,1
E2F1,TGFB2,1
E2F1,THOC5,1
E2F1,TK1,1
E2F1,TMBIM1,1
E2F1,TMCO5A,1
E2F1,TMEM132A,1
E2F1,TMEM47,1
E2F1,TOP1,1
E2F1,TOR1B,1
E2F1,TRERF1,1
E2F1,TRIT1,1
E2F1,TRPM2,1
E2F1,TSNARE1,1
E2F1,TXNDC15,1
E2F1,UBN1,1
E2F1,UBP1,1
E2F1,UTRN,1
E2F1,VCP,1
E2F1,VMP1,1
E2F1,WDR25,1
E2F1,WRAP73,1
E2F1,YME1L1,1
E2F1,ZEB1,1
E2F1,ZMYM2,1
E2F1,ZNF292,1
E2F1,ZNF350,-1
E2F1,ZNF616,1
E2F1,ZNF654,1
E2F2,ASF1B,1
E2F2,CDC6,1
E2F2,CDCA4,1
E2F2,CDCA7,1
E2F2,CDT1,1
E2F2,E2F1,1
E2F2,MAP3K5,1
E2F2,MCM10,1
E2F2,MCM5,1
E2F2,MCM6,1
E2F2,MCM7,1
E2F2,MYCN,1
E2F2,PLK1,1
E2F2,PLK4,1
E2F3,CDC6,1
E2F3,CDKN2A,1
E2F3,E2F1,1
E2F3,MAP3K5,1
E2F3,MCM5,1
E2F3,MCM6,1
E2F3,MCM7,1
E2F3,MYCN,1
E2F3,PLK1,1
E2F3,TP53BP2,1
E2F3,TP73,1
E2F4,ACTG1,1
E2F4,ACTR5,1
E2F4,ADARB1,1
E2F4,AKR7A2,1
E2F4,ALDH5A1,1
E2F4,ANLN,1
E2F4,APRT,1
E2F4,ASF1B,1
E2F4,AURKB,1
E2F4,BACH1,1
E2F4,BARD1,1
E2F4,BCL11A,1
E2F4,BIRC5,1
E2F4,BORA,1
E2F4,BUB3,1
E2F4,CALM1,1
E2F4,CALR,1
E2F4,CAV1,1
E2F4,CBX5,1
E2F4,CCNA2,1
E2F4,CCNB1,1
E2F4,CCND1,1
E2F4,CDC25A,1
E2F4,CDC25C,1
E2F4,CDC37L1,1
E2F4,CDC45,1
E2F4,CDC6,1
E2F4,CDCA4,1
E2F4,CDCA7,1
E2F4,CDK1,1
E2F4,CDK2,1
E2F4,CDKN2C,1
E2F4,CDT1,1
E2F4,CENPE,1
E2F4,CENPO,1
E2F4,CHEK1,1
E2F4,CIB2,1
E2F4,CKS2,1
E2F4,CREG1,1
E2F4,CSE1L,1
E2F4,CTH,1
E2F4,CUTC,1
E2F4,CUX1,1
E2F4,CYP27B1,1
E2F4,DBF4,1
E2F4,DDX11,1
E2F4,DERL2,1
E2F4,DHFR,1
E2F4,DHPS,1
E2F4,DROSHA,1
E2F4,DUT,1
E2F4,E2F1,-1
E2F4,E2F2,1
E2F4,E2F3,1
E2F4,E2F8,1
E2F4,EIF2B2,1
E2F4,EIF4H,1
E2F4,EPAS1,1
E2F4,EXOSC9,1
E2F4,FAM210B,1
E2F4,FANCC,1
E2F4,FBXO5,1
E2F4,FDFT1,1
E2F4,FEN1,1
E2F4,FOXM1,1
E2F4,FST,1
E2F4,GABPA,1
E2F4,GADD45A,1
E2F4,GINS1,1
E2F4,GMNN,1
E2F4,GNAS,1
E2F4,GNPTG,1
E2F4,GPANK1,1
E2F4,HAGHL,1
E2F4,HLTF,1
E2F4,HMGB1,1
E2F4,HMGB3,1
E2F4,HMGN2,1
E2F4,HMMR,1
E2F4,HNRNPD,1
E2F4,ID3,1
E2F4,IFNAR2,1
E2F4,IKBKG,-1
E2F4,INSIG1,1
E2F4,ITGB3BP,1
E2F4,JUN,1
E2F4,KATNAL1,-1
E2F4,KDM6A,1
E2F4,KHDRBS1,1
E2F4,KLF10,1
E2F4,KLHL21,1
E2F4,LGALS1,1
E2F4,LIN54,1
E2F4,LUC7L,-1
E2F4,MAD2L1,1
E2F4,MAP3K5,1
E2F4,MAP3K7,1
E2F4,MAPRE1,1
E2F4,MBP,1
E2F4,MCM3,1
E2F4,MCM5,1
E2F4,MCM6,1
E2F4,MCM7,1
E2F4,MCM8,1
E2F4,METTL3,1
E2F4,MFAP1,1
E2F4,MKI67,1
E2F4,MLH1,1
E2F4,MSH2,1
E2F4,MTHFD1,1
E2F4,MYBL2,1
E2F4,MYC,1
E2F4,NAP1L4,1
E2F4,NASP,1
E2F4,NCL,1
E2F4,NDC80,1
E2F4,NEK2,1
E2F4,NFE2L1,1
E2F4,NFKB2,1
E2F4,NPAT,1
E2F4,NUSAP1,1
E2F4,NXT1,1
E2F4,OGFR,1
E2F4,ORC1,1
E2F4,P4HA2,-1
E2F4,PARK7,1
E2F4,PCNA,1
E2F4,PCNT,1
E2F4,PDXK,1
E2F4,PDXP,1
E2F4,PGRMC1,1
E2F4,PIGQ,1
E2F4,PIM2,1
E2F4,PKN2,1
E2F4,PLCG1,1
E2F4,PLK4,1
E2F4,PLSCR1,1
E2F4,POLA2,1
E2F4,POLD1,1
E2F4,POLD2,1
E2F4,POLE2,1
E2F4,POLR2D,1
E2F4,PPIA,1
E2F4,PRC1,1
E2F4,PRIM2,1
E2F4,PRKCSH,1
E2F4,PRPSAP1,1
E2F4,PRR11,1
E2F4,PTGS2,1
E2F4,RABIF,1
E2F4,RAD54L,1
E2F4,RB1,1
E2F4,RBBP5,1
E2F4,RBL1,1
E2F4,RECQL,1
E2F4,REL,1
E2F4,RFC2,1
E2F4,RFC3,1
E2F4,RFC4,1
E2F4,RIPK2,1
E2F4,RPA3,1
E2F4,RPL23A,1
E2F4,RPS15,1
E2F4,RPS4X,1
E2F4,RPS6,1
E2F4,RPS8,1
E2F4,RRM1,1
E2F4,SAYSD1,1
E2F4,SFPQ,1
E2F4,SH3BGR,1
E2F4,SIRPA,1
E2F4,SKP1,1
E2F4,SLC25A14,1
E2F4,SLC25A4,1
E2F4,SLC2A13,1
E2F4,SLC44A4,1
E2F4,SLCO4A1,1
E2F4,SMARCA4,1
E2F4,SMARCA5,1
E2F4,SMC2,1
E2F4,SMC4,1
E2F4,SP1,1
E2F4,SRRM2,1
E2F4,SRSF8,1
E2F4,SS18L1,1
E2F4,STAM,1
E2F4,STMN1,1
E2F4,SUV39H1,1
E2F4,SUZ12,1
E2F4,TERT,1
E2F4,TFAM,1
E2F4,TFRC,1
E2F4,THOP1,1
E2F4,TK1,1
E2F4,TMPO,1
E2F4,TOP1,1
E2F4,TOP2A,1
E2F4,TRAF2,1
E2F4,TSNAX,1
E2F4,TYMS,1
E2F4,UBE2C,1
E2F4,UMPS,1
E2F4,UNG,1
E2F4,USP25,1
E2F4,UXT,1
E2F4,VARS2,1
E2F4,VCP,1
E2F4,VHL,1
E2F4,VPS4A,1
E2F4,WDR76,1
E2F4,WEE1,1
E2F4,XRCC2,1
E2F4,YWHAH,1
E2F4,ZFP36L1,1
E2F4,ZNF267,1
E2F5,MYC,1
E2F5,CBX3,1
E2F5,CHEK2,1
E2F5,DPYSL2,1
E2F5,FANCC,1
E2F5,MAP3K7,1
E2F5,MCM3,1
E2F5,PIM1,1
E2F5,PTMA,1
E2F5,SLC22A23,1
E2F5,SLC25A37,1
E2F6,BRCA1,-1
E2F6,DEPDC5,-1
E2F6,RBBP4,-1
E2F6,RBBP8,-1
E2F6,ZNF131,-1
E2F6,ABR,-1
E2F6,AGRN,-1
E2F6,ARHGAP21,-1
E2F6,BAHCC1,-1
E2F6,BAHD1,-1
E2F6,CCDC57,-1
E2F6,CTDSP1,-1
E2F6,EFNA3,-1
E2F6,FAM178B,-1
E2F6,FANCC,-1
E2F6,FZD5,-1
E2F6,GNAS,-1
E2F6,HIRA,-1
E2F6,ICAM5,-1
E2F6,KAZALD1,-1
E2F6,KCTD15,-1
E2F6,LTBP3,-1
E2F6,MACF1,-1
E2F6,MEIS2,-1
E2F6,MEX3B,-1
E2F6,MXI1,-1
E2F6,MYH9,-1
E2F6,NACC2,-1
E2F6,NFATC1,-1
E2F6,NFATC2,-1
E2F6,NFE2L2,-1
E2F6,NFIB,-1
E2F6,OSBPL3,-1
E2F6,PCBP1,-1
E2F6,PDE4A,-1
E2F6,PFKFB3,-1
E2F6,PIEZO1,-1
E2F6,PIP4K2A,-1
E2F6,PTMA,-1
E2F6,PTP4A2,-1
E2F6,PTPRF,-1
E2F6,PTPRU,-1
E2F6,RAP1GAP,-1
E2F6,RNH1,-1
E2F6,RXRA,-1
E2F6,RYR1,-1
E2F6,SLC16A3,-1
E2F6,SLC9A3,-1
E2F6,SMAD3,-1
E2F6,SRCIN1,-1
E2F6,SRXN1,-1
E2F6,ST3GAL1,-1
E2F6,ST6GAL1,-1
E2F6,TACC3,-1
E2F6,TCF3,-1
E2F6,TFAP4,-1
E2F6,TGIF1,-1
E2F6,TNK2,-1
E2F6,TRIB3,-1
E2F6,TXNRD1,-1
E2F6,ZCCHC2,-1
E2F6,ZNF195,-1
E2F6,ZNF395,-1
E2F6,ZNF451,-1
E2F7,SP1,-1
E2F7,E2F8,1
E2F7,UHRF1,1
E2F7,AGRN,1
E2F7,ALDOA,1
E2F7,ARID1A,1
E2F7,CD44,1
E2F7,DNMT1,1
E2F7,DST,1
E2F7,EEF1A1,1
E2F7,ETS1,1
E2F7,FOS,1
E2F7,HNRNPD,1
E2F7,HNRNPK,1
E2F7,LGALS1,1
E2F7,MYEOV,1
E2F7,PDGFRA,1
E2F7,PFKM,1
E2F7,PLK2,1
E2F7,RCC1,1
E2F7,RFC4,1
E2F7,RMI1,1
E2F7,SLC1A5,1
E2F7,SMG6,1
E2F7,STAG2,1
E2F7,VGLL4,1
E2F7,WEE1,1
E2F7,ZFP36L1,1
E2F7,ZNF367,1
EBF1,DENND3,1
EBF1,FLI1,1
EBF1,LPP,1
EBF1,ADAP1,1
EBF1,ANK1,1
EBF1,ANKRD44,1
EBF1,ARHGEF17,1
EBF1,ARHGEF2,1
EBF1,ARID5B,1
EBF1,BCL2,1
EBF1,BRF1,1
EBF1,CDH23,1
EBF1,CLMN,1
EBF1,CMIP,1
EBF1,CORO2B,1
EBF1,CUX1,1
EBF1,DPYSL2,1
EBF1,EEPD1,1
EBF1,EHD1,1
EBF1,ELMO1,1
EBF1,FAM102A,1
EBF1,FCHSD2,1
EBF1,FLNB,1
EBF1,FYN,1
EBF1,GRK5,1
EBF1,IL16,1
EBF1,INPP4A,1
EBF1,INSR,1
EBF1,IQSEC1,1
EBF1,ITPR1,1
EBF1,KSR1,1
EBF1,LAMC1,1
EBF1,LRCH1,1
EBF1,NAV2,1
EBF1,NCALD,1
EBF1,PACSIN2,1
EBF1,PAG1,1
EBF1,PIP4K2A,1
EBF1,PKIG,1
EBF1,PLCL2,1
EBF1,PLD1,1
EBF1,PMEPA1,1
EBF1,PPFIBP2,1
EBF1,PREX1,1
EBF1,PRKAG2,1
EBF1,PRKCD,1
EBF1,PTPRS,1
EBF1,RALGDS,1
EBF1,RASA3,1
EBF1,RBM20,1
EBF1,RBM47,1
EBF1,RFTN1,1
EBF1,RGS6,1
EBF1,RIN3,1
EBF1,SEMA4B,1
EBF1,SLC8A1,1
EBF1,SMAD7,1
EBF1,SPOCK1,1
EBF1,SPTBN1,1
EBF1,ST3GAL5,1
EBF1,STARD13,1
EBF1,TACC1,1
EBF1,TBC1D2B,1
EBF1,TCF3,1
EBF1,TCF4,1
EBF1,TNFRSF8,1
EBF1,UST,1
EBF1,UTRN,1
EBF1,WNT5B,1
EGR1,ABCA2,1
EGR1,ACHE,1
EGR1,AKR1B1,1
EGR1,ANGPTL4,1
EGR1,APEX1,1
EGR1,APOA1,1
EGR1,AREG,1
EGR1,ATP2A2,1
EGR1,BAX,1
EGR1,BCL2,1
EGR1,CACNA1H,1
EGR1,CAT,1
EGR1,CD19,1
EGR1,CD28,1
EGR1,CD44,1
EGR1,CD9,1
EGR1,CDH13,1
EGR1,CDK5,1
EGR1,CEBPB,1
EGR1,CHRNA7,1
EGR1,COL2A1,-1
EGR1,CRABP2,1
EGR1,CTNNB1,1
EGR1,DMRT1,1
EGR1,ELK1,1
EGR1,EPX,1
EGR1,F3,1
EGR1,FASLG,1
EGR1,FASN,1
EGR1,FGF13,1
EGR1,FGFR3,1
EGR1,FLT1,1
EGR1,FOSL1,1
EGR1,GDNF,1
EGR1,GGPS1,1
EGR1,IFNG,1
EGR1,IL2,1
EGR1,IL2RB,1
EGR1,IMPDH2,1
EGR1,JUN,1
EGR1,KCNH8,1
EGR1,LTB,1
EGR1,MYC,1
EGR1,NFKB1,1
EGR1,PDGFA,1
EGR1,POR,1
EGR1,PPARG,1
EGR1,PSEN2,1
EGR1,PTP4A1,1
EGR1,RELA,-1
EGR1,RET,1
EGR1,SERPINE1,1
EGR1,SLC1A4,1
EGR1,SLC5A5,1
EGR1,SOS1,1
EGR1,SPP1,1
EGR1,SPRY1,1
EGR1,STMN1,1
EGR1,SYN2,1
EGR1,TBXA2R,1
EGR1,TFPI2,1
EGR1,TGFB1,1
EGR1,TGFBR2,1
EGR1,TH,1
EGR1,THBS1,1
EGR1,TIMP2,1
EGR1,TIMP3,1
EGR1,TOE1,1
EGR1,TP73,1
EGR1,TPO,1
EGR1,VAMP2,1
EGR1,WT1,1
EHF,KRT15,1
EHF,FBXO32,1
EHF,GRB7,1
EHF,KTI12,1
EHF,LIMD1,1
EHF,LIPH,1
EHF,MAP3K13,1
EHF,MYH14,1
EHF,MYO5B,1
EHF,PMM2,1
EHF,SPTBN2,1
EHF,TMC5,1
EHF,TTC14,1
EHF,USP8,1
EHF,WDR55,1
EHF,WIPF2,1
EHF,WWC1,1
EHF,ZFP62,1
ELF1,BRCA2,1
ELF1,ADCY7,1
ELF1,AFF1,1
ELF1,ANKMY1,1
ELF1,ARHGAP12,1
ELF1,ARHGDIA,1
ELF1,ASAP1,1
ELF1,ASPSCR1,1
ELF1,CAST,1
ELF1,CDC42SE2,1
ELF1,CHD9,1
ELF1,DDX3X,1
ELF1,DPP9,1
ELF1,DYRK1A,1
ELF1,FNDC3B,1
ELF1,FOXN3,1
ELF1,FOXO3,1
ELF1,GATAD2A,1
ELF1,IGF2R,1
ELF1,KLF9,1
ELF1,LARP4B,1
ELF1,LSM4,1
ELF1,MAFK,1
ELF1,MAP1LC3B,1
ELF1,MBNL1,1
ELF1,MED15,1
ELF1,MYO9B,1
ELF1,NEDD4L,1
ELF1,NFE2L2,1
ELF1,PCBP1,1
ELF1,PRKCH,1
ELF1,PTTG1IP,1
ELF1,RNF213,1
ELF1,RNF38,1
ELF1,SBNO2,1
ELF1,SEC14L1,1
ELF1,SGMS1,1
ELF1,SIN3A,1
ELF1,SREBF1,1
ELF1,STK24,1
ELF1,TACC1,1
ELF1,TRIB1,1
ELF1,TSNARE1,1
ELF1,TSPAN14,1
ELF1,UBE2H,1
ELF1,ZFYVE28,1
ELF1,ZNF217,1
ELF3,ITGB6,1
ELF3,ALCAM,1
ELF3,ARHGAP12,1
ELF3,ARHGAP32,1
ELF3,ARHGAP42,1
ELF3,ARSG,1
ELF3,ATP2A2,1
ELF3,BARX2,1
ELF3,CDCP1,1
ELF3,CTNNBIP1,1
ELF3,CYP24A1,1
ELF3,DOCK4,1
ELF3,F2RL1,1
ELF3,FAT1,1
ELF3,GMDS,1
ELF3,GRHL2,1
ELF3,HABP2,1
ELF3,HK2,1
ELF3,KRT8,1
ELF3,LPP,1
ELF3,MAL2,1
ELF3,MCC,1
ELF3,MEIS1,1
ELF3,MYEOV,1
ELF3,NEDD4L,1
ELF3,NFIA,1
ELF3,PLA2G4A,1
ELF3,PLA2G6,1
ELF3,PLD1,1
ELF3,PLEKHG3,1
ELF3,PTK2B,1
ELF3,PTPRE,1
ELF3,RABGAP1L,1
ELF3,RBM47,1
ELF3,RNF43,1
ELF3,RUNX1,1
ELF3,SEMA4B,1
ELF3,SH3TC2,1
ELF3,SLC37A1,1
ELF3,SLC39A11,1
ELF3,SLC44A3,1
ELF3,SPRED2,1
ELF3,ST14,1
ELF3,TACC2,1
ELF3,TNIP1,1
ELF3,TSPAN15,1
ELF3,WWC1,1
ELF5,CCDC77,1
ELF5,CHCHD2,1
ELF5,ELOVL6,1
ELF5,KDM5A,1
ELF5,KRT8,1
ELF5,LIMD1,1
ELF5,MRPL52,1
ELF5,NCBP2,1
ELF5,PTK2B,1
ELF5,PTPN6,1
ELF5,PYROXD2,1
ELF5,RAD50,1
ELF5,RBM34,1
ELF5,SMG7,1
ELF5,SNRPB2,1
ELF5,SUDS3,1
ELF5,TTC14,1
ELF5,VTCN1,1
ELK1,ACTA2,1
ELK1,CDKN1B,1
ELK1,CITED2,1
ELK1,DDIT4,1
ELK1,EGR1,1
ELK1,ERBB2,1
ELK1,F2,1
ELK1,FOS,1
ELK1,FUT4,1
ELK1,IER2,1
ELK1,JUNB,1
ELK1,MCL1,1
ELK1,MDM4,1
ELK1,MYLK,1
ELK1,NR1H2,1
ELK1,NR4A1,1
ELK1,PDGFB,1
ELK1,PRKCA,1
ELK1,PTPRZ1,1
ELK1,SLU7,1
ELK1,SOD1,1
ELK1,SRF,1
ELK1,TAGLN,1
ELK1,TBP,1
ELK1,TLR9,1
ELK1,TNF,1
ELK1,VIL1,1
ELK4,ACTB,1
ELK4,ARPC5L,1
ELK4,ASB1,1
ELK4,EGR1,1
ELK4,ERCC1,1
ELK4,KDM5A,1
ELK4,KRT8,1
ELK4,NCOA7,1
ELK4,SCAF11,1
ELK4,SEC14L1,1
ELK4,SLC4A7,1
ELK4,ZFAND6,1
EOMES,AFF1,1
EOMES,ANK3,1
EOMES,ARHGAP15,1
EOMES,ASTN2,1
EOMES,CSMD3,1
EOMES,DCDC1,1
EOMES,DOCK10,1
EOMES,DOCK2,1
EOMES,EXOC4,1
EOMES,FYN,1
EOMES,GALNT10,1
EOMES,GRIA1,1
EOMES,KSR1,1
EOMES,LINGO2,1
EOMES,LRIG1,1
EOMES,NLGN1,1
EOMES,NRXN3,1
EOMES,PPP2R2B,1
EOMES,SORBS2,1
EOMES,THSD7A,1
EOMES,TIAM1,1
EPAS1,ADORA2A,1
EPAS1,BHLHE40,1
EPAS1,EGLN3,1
EPAS1,EPO,1
EPAS1,PDGFB,1
EPAS1,POU5F1,1
EPAS1,SLC11A2,1
EPAS1,SPHK1,1
EPAS1,TERT,1
ERG,CDH5,1
ERG,HMOX1,1
ERG,ICAM2,1
ERG,MMP3,1
ERG,MMP9,1
ERG,NOS3,1
ERG,TMPRSS2,1
ESR1,ABCG2,1
ESR1,ADORA1,1
ESR1,AKT1,1
ESR1,AKT2,1
ESR1,ANGPTL4,1
ESR1,APOA1,1
ESR1,ARID5B,1
ESR1,ATP2B1,1
ESR1,ATP2B2,1
ESR1,ATP2B4,1
ESR1,AXIN2,1
ESR1,BCL9,1
ESR1,BMP6,1
ESR1,C3,1
ESR1,CAD,1
ESR1,CAPN2,1
ESR1,CAV1,1
ESR1,CAV2,1
ESR1,CCT6B,1
ESR1,CD86,1
ESR1,CDH1,1
ESR1,CEACAM3,1
ESR1,CEBPB,1
ESR1,CLDN4,1
ESR1,CRYZ,1
ESR1,CTSD,1
ESR1,CXCL12,1
ESR1,CYP1B1,1
ESR1,E2F1,1
ESR1,EBAG9,1
ESR1,EGF,1
ESR1,EGFR,1
ESR1,ERG,1
ESR1,ESRRA,1
ESR1,FBLN1,1
ESR1,FBLN2,1
ESR1,FOS,1
ESR1,FOSL1,1
ESR1,FOXC1,1
ESR1,FOXO1,1
ESR1,GADD45G,1
ESR1,GRIN2D,1
ESR1,GSN,1
ESR1,HOXA10,1
ESR1,IGF1,1
ESR1,IGFBP4,1
ESR1,ITGA2,1
ESR1,ITGB1,1
ESR1,KAT2B,1
ESR1,KRT13,1
ESR1,KRT15,1
ESR1,KRT18,1
ESR1,LGALS8,1
ESR1,LTF,1
ESR1,MACROD1,1
ESR1,MB,1
ESR1,MDM2,1
ESR1,MICB,1
ESR1,MTA3,1
ESR1,MYB,1
ESR1,MYC,1
ESR1,NBPF1,1
ESR1,NBPF15,1
ESR1,NBPF4,1
ESR1,NCOA1,1
ESR1,NCOA3,1
ESR1,NEK6,1
ESR1,NFIB,1
ESR1,NID2,1
ESR1,NOL3,1
ESR1,NOS3,1
ESR1,NOTCH2,1
ESR1,NR5A2,1
ESR1,OXT,-1
ESR1,PBX1,1
ESR1,PELP1,1
ESR1,POFUT1,1
ESR1,POR,1
ESR1,PPARD,1
ESR1,PPARG,1
ESR1,PRL,1
ESR1,PSG1,1
ESR1,PTPRG,1
ESR1,RET,1
ESR1,RUNX2,1
ESR1,SEC61B,1
ESR1,SERPINB9,1
ESR1,SLC8A1,1
ESR1,SLC8A2,1
ESR1,SLC8A3,1
ESR1,SMARCA2,1
ESR1,SOCS3,1
ESR1,SP1,1
ESR1,SP3,1
ESR1,SPARC,1
ESR1,SPATA2,1
ESR1,SRC,1
ESR1,STAT5A,1
ESR1,TFAP2C,1
ESR1,TNFRSF11B,1
ESR1,TNIP1,1
ESR1,TRH,1
ESR1,TRIM16,1
ESR1,TSC22D3,1
ESR1,TYMS,1
ESR1,WNT7A,1
ESR1,YWHAQ,1
ESR1,ZMYND8,1
ESR2,CD68,1
ESR2,COLEC12,1
ESR2,CTSD,1
ESR2,EBAG9,1
ESR2,FOS,1
ESR2,IL1RAP,1
ESR2,JUN,1
ESR2,MKNK2,1
ESR2,OXT,1
ESR2,PGR,1
ESR2,PTPRC,1
ESR2,RARA,1
ESR2,TERT,1
ESR2,TMSB4X,1
ESRRA,ACSS2,1
ESRRA,RAP1GAP,1
ESRRA,RBM47,1
ESRRA,SLC22A23,1
ESRRA,SLC9A1,1
ESRRA,ACSS1,1
ESRRA,ASCC2,1
ESRRA,ATP1B1,1
ESRRA,BAIAP2L1,1
ESRRA,BCL3,1
ESRRA,BHLHE40,1
ESRRA,CAPN2,1
ESRRA,CUEDC1,1
ESRRA,DENND1A,1
ESRRA,DLG2,1
ESRRA,DMD,1
ESRRA,DNAJB12,1
ESRRA,DNAJC5B,1
ESRRA,EPHB4,1
ESRRA,ERBB2,1
ESRRA,GREB1,1
ESRRA,GSN,1
ESRRA,GTF2IRD1,1
ESRRA,HDAC11,1
ESRRA,HK1,1
ESRRA,KIAA1522,1
ESRRA,LLGL2,1
ESRRA,MAPKAP1,1
ESRRA,MARK2,1
ESRRA,MGLL,1
ESRRA,MSI2,1
ESRRA,MYO18A,1
ESRRA,NAALADL2,1
ESRRA,NFATC2,1
ESRRA,NFIA,1
ESRRA,NRXN1,1
ESRRA,OGDH,1
ESRRA,PAK4,1
ESRRA,PIK3C2B,1
ESRRA,PNKD,1
ESRRA,POR,1
ESRRA,PPFIBP2,1
ESRRA,PPP5C,1
ESRRA,RARA,1
ESRRA,RGS6,1
ESRRA,SOX6,1
ESRRA,STARD10,1
ESRRA,STRBP,1
ESRRA,SYNPO,1
ESRRA,SYT12,1
ESRRA,TGM2,1
ESRRA,TMCO4,1
ESRRA,TMEM164,1
ESRRA,TRIB3,1
ESRRA,TXNRD1,1
ESRRA,UBE2V1,1
ESRRA,VDR,1
ESRRA,WNK2,1
ESRRA,XYLT1,1
ETS1,ABCC1,1
ETS1,ASAP1,1
ETS1,ATP2A3,1
ETS1,ATXN2,1
ETS1,B3GAT3,1
ETS1,BCL2,1
ETS1,BID,1
ETS1,BIRC2,1
ETS1,CASP8,1
ETS1,CCND1,1
ETS1,CD3D,1
ETS1,CD4,1
ETS1,CD5,1
ETS1,CD53,1
ETS1,CD6,1
ETS1,CDC37,1
ETS1,CDH13,1
ETS1,CDK11A,1
ETS1,CDK4,1
ETS1,CDKN1A,1
ETS1,CDKN1B,1
ETS1,CDKN2A,1
ETS1,COL1A1,1
ETS1,COPS2,1
ETS1,COX4I1,1
ETS1,CSNK2A1,1
ETS1,CSNK2A2,1
ETS1,CSNK2B,1
ETS1,CTSB,1
ETS1,CXCR4,1
ETS1,DAD1,1
ETS1,DNTT,1
ETS1,DUSP6,1
ETS1,EGR2,1
ETS1,ETS2,1
ETS1,ETV4,1
ETS1,F13A1,1
ETS1,FAS,1
ETS1,FASLG,1
ETS1,FGFBP1,1
ETS1,FLT1,1
ETS1,FOS,1
ETS1,FOSL1,1
ETS1,FOXD1,1
ETS1,GABPA,1
ETS1,GP5,1
ETS1,HMOX1,1
ETS1,HPGD,1
ETS1,IER5,1
ETS1,IL10,1
ETS1,IL12B,1
ETS1,ITGA4,1
ETS1,ITGA5,1
ETS1,ITGB3,1
ETS1,JAK3,1
ETS1,LCP1,1
ETS1,LTB,1
ETS1,LTF,1
ETS1,MCL1,1
ETS1,MET,1
ETS1,MGAT5,1
ETS1,MGAT5B,1
ETS1,MMP2,1
ETS1,MMP3,1
ETS1,MPL,1
ETS1,NFKB1,1
ETS1,NOS3,1
ETS1,NRP1,1
ETS1,OAS2,1
ETS1,PCSK6,1
ETS1,PLAU,1
ETS1,POLD1,1
ETS1,POR,1
ETS1,PSEN1,1
ETS1,PTGS2,1
ETS1,RAD51,1
ETS1,RUNX1,1
ETS1,SLC19A1,1
ETS1,SMAD4,1
ETS1,SOCS1,1
ETS1,SPRY2,1
ETS1,SURF1,1
ETS1,TAF12,1
ETS1,TCEAL1,1
ETS1,TFRC,1
ETS1,THBS1,1
ETS1,TIMP1,-1
ETS1,TNF,1
ETS1,TNFRSF10A,1
ETS1,TNFRSF10B,1
ETS1,TNFRSF8,1
ETS1,TOM1,1
ETS1,TP53,1
ETS1,TTYH3,1
ETS1,VEGFA,1
ETS1,VWF,1
ETS1,WAS,1
ETS1,ZNF175,1
ETS2,BRCA1,1
ETS2,CD163,1
ETS2,CDK1,1
ETS2,CDKN2A,1
ETS2,EGR1,1
ETS2,FOS,1
ETS2,FOSL1,1
ETS2,IL12B,1
ETS2,JAK3,1
ETS2,MMP3,1
ETS2,MYC,1
ETS2,PDE7A,1
ETS2,PSEN1,1
ETS2,PTHLH,1
ETS2,TERT,1
ETS2,TP53,1
ETS2,VWF,1
ETV1,ADAMTSL3,1
ETV1,ANKRD44,1
ETV1,BIRC6,1
ETV1,CDK18,1
ETV1,CGGBP1,1
ETV1,CTTN,1
ETV1,DUSP6,1
ETV1,ERCC1,1
ETV1,FMR1,1
ETV1,IQGAP2,1
ETV1,ISG20L2,1
ETV1,JMJD6,1
ETV1,KCNN3,1
ETV1,KDM5A,1
ETV1,LIMCH1,1
ETV1,MATN2,1
ETV1,MZF1,1
ETV1,NAV1,1
ETV1,NFIA,1
ETV1,NSMCE1,1
ETV1,PDE9A,1
ETV1,RAP1GAP,1
ETV1,SEC14L1,1
ETV1,TANK,1
ETV1,TCF4,1
ETV1,TNIK,1
ETV1,UTRN,1
ETV1,WDR37,1
ETV4,BDKRB1,1
ETV4,MMP2,1
ETV4,PLAUR,1
ETV4,SYN2,1
ETV4,TGFBR2,1
ETV4,TIMP2,1
ETV4,TNF,1
ETV4,WT1,1
FLI1,FOS,1
FLI1,HMOX1,1
FLI1,ITGA2B,1
FOS,ACP5,1
FOS,ACTA1,1
FOS,ARNT,1
FOS,BATF3,1
FOS,BCL2L1,1
FOS,BCL2L11,1
FOS,CCL2,1
FOS,CCL5,1
FOS,CD40LG,1
FOS,CD69,1
FOS,CDH1,1
FOS,CDK4,1
FOS,CDKN1A,1
FOS,CSTA,1
FOS,ERCC1,1
FOS,FASLG,1
FOS,FASN,1
FOS,FGF2,1
FOS,FOSL1,1
FOS,FOXA1,1
FOS,GATA3,1
FOS,GREB1,1
FOS,GSTP1,1
FOS,HLA-DRA,1
FOS,HSPA1A,1
FOS,IL12A,1
FOS,IL12B,1
FOS,IL1A,1
FOS,IL1B,1
FOS,IL2,1
FOS,IL2RA,1
FOS,IL4R,1
FOS,IL6,1
FOS,ITGA5,1
FOS,LOXL4,1
FOS,LRIG2,1
FOS,MAF,1
FOS,MMP2,1
FOS,MMP3,1
FOS,NAT1,1
FOS,NFATC1,1
FOS,NGF,1
FOS,NOS1,1
FOS,NPPA,1
FOS,NQO1,1
FOS,NR3C1,1
FOS,NTF3,1
FOS,NTS,1
FOS,PDGFB,1
FOS,PDHA1,1
FOS,PENK,1
FOS,PGR,1
FOS,PLA2G4A,1
FOS,PLAU,1
FOS,PLAUR,1
FOS,PPARD,1
FOS,RUNX2,1
FOS,SMAD4,1
FOS,SP3,1
FOS,SPRR3,1
FOS,STAR,1
FOS,STIM1,1
FOS,TNFAIP6,1
FOS,TP53,1
FOS,UBP1,1
FOS,VDR,1
FOS,VEGFA,1
FOSL1,CDKN2A,1
FOSL1,CLU,1
FOSL1,ELN,1
FOSL1,GCLC,1
FOSL1,IL6,1
FOSL1,MMP1,1
FOSL1,MMP9,1
FOSL1,NQO1,1
FOSL1,PLAUR,1
FOSL2,CLU,1
FOSL2,PLAUR,1
FOXA1,AGR2,1
FOXA1,APOA1,1
FOXA1,BRCA1,1
FOXA1,CCNG2,1
FOXA1,CEBPA,1
FOXA1,CYP7A1,1
FOXA1,ERBB3,1
FOXA1,ESR1,1
FOXA1,FOXC1,1
FOXA1,G6PC,1
FOXA1,GREB1,1
FOXA1,IFI27,1
FOXA1,MUC4,1
FOXA1,MYC,1
FOXA1,PDX1,1
FOXA1,RET,1
FOXA1,SCGB1A1,1
FOXA1,TTR,1
FOXA1,UGT2B15,1
FOXA2,APOA1,1
FOXA2,CYP7A1,1
FOXA2,G6PC,1
FOXA2,HHEX,1
FOXA2,MUC4,1
FOXA2,PDX1,1
FOXA2,TTR,1
FOXA2,TCF7L2,1
FOXA2,WWC1,1
FOXJ2,SUN1,1
FOXJ2,ANTXR2,1
FOXJ2,ARID4A,1
FOXJ2,AZI2,1
FOXJ2,BFSP1,1
FOXJ2,CC2D2A,1
FOXJ2,CRB1,1
FOXJ2,CWC27,1
FOXJ2,DNAJC16,1
FOXJ2,ERMN,1
FOXJ2,FAM13A,1
FOXJ2,FAM81B,1
FOXJ2,FHL1,1
FOXJ2,FOXP1,1
FOXJ2,HBP1,1
FOXJ2,HIBADH,1
FOXJ2,JAK1,1
FOXJ2,LRBA,1
FOXJ2,MAK,1
FOXJ2,OSR2,1
FOXJ2,OTUD5,1
FOXJ2,PCGF5,1
FOXJ2,PER1,1
FOXJ2,PIK3CA,1
FOXJ2,PRPF8,1
FOXJ2,RHOBTB1,1
FOXJ2,SAMSN1,1
FOXJ2,STAG2,1
FOXJ2,TNRC18,1
FOXJ2,TNXB,1
FOXJ2,TRA2A,1
FOXJ2,WEE1,1
FOXJ2,ZBTB20,1
FOXK2,AKT2,1
FOXK2,ANKRD11,1
FOXK2,ARID5B,1
FOXK2,ATF7IP2,1
FOXK2,CLEC16A,1
FOXK2,CMBL,1
FOXK2,CTTN,1
FOXK2,DIXDC1,1
FOXK2,DNAJB6,1
FOXK2,DPP9,1
FOXK2,FDFT1,1
FOXK2,FOXK1,1
FOXK2,GATAD2A,1
FOXK2,HNRNPF,1
FOXK2,ITPR1,1
FOXK2,KDM6B,1
FOXK2,LDLR,1
FOXK2,MARK2,1
FOXK2,MED15,1
FOXK2,MGRN1,1
FOXK2,MNT,1
FOXK2,MTHFR,1
FOXK2,NEDD4L,1
FOXK2,NSUN4,1
FOXK2,OSBPL9,1
FOXK2,PCBP1,1
FOXK2,PHF12,1
FOXK2,PI4KA,1
FOXK2,PICALM,1
FOXK2,POR,1
FOXK2,PTP4A2,1
FOXK2,SEMA4B,1
FOXK2,SMURF1,1
FOXK2,SNAP23,1
FOXK2,ST7,1
FOXK2,STAT3,1
FOXK2,TLE3,1
FOXK2,TLK1,1
FOXK2,TPM3,1
FOXK2,TRAPPC10,1
FOXK2,TSC22D2,1
FOXK2,TXNIP,1
FOXK2,UBE2D3,1
FOXK2,USP42,1
FOXK2,VPS13D,1
FOXK2,WEE1,1
FOXK2,XPO7,1
FOXK2,XXYLT1,1
FOXK2,ZNF131,1
FOXL2,AMH,1
FOXL2,ATF3,1
FOXL2,BCL2A1,1
FOXL2,CCL3,1
FOXL2,CCL3L3,1
FOXL2,CH25H,1
FOXL2,CXCL2,1
FOXL2,CXCL3,1
FOXL2,FOS,1
FOXL2,IER3,1
FOXL2,IL11,1
FOXL2,NR5A2,1
FOXL2,PPARGC1A,1
FOXL2,PTGS2,1
FOXL2,SOD2,1
FOXL2,TNFAIP3,1
FOXM1,AURKB,1
FOXM1,BIRC5,1
FOXM1,BMI1,1
FOXM1,BRCA2,1
FOXM1,CCND1,1
FOXM1,CCND2,1
FOXM1,CDC25A,1
FOXM1,CDC25C,1
FOXM1,CDK1,1
FOXM1,CDKN1A,1
FOXM1,CDKN1B,1
FOXM1,CDX2,1
FOXM1,CENPA,1
FOXM1,CENPB,1
FOXM1,CENPF,1
FOXM1,CKS1B,1
FOXM1,CYP7A1,1
FOXM1,ESR1,1
FOXM1,FOS,1
FOXM1,FOXF1,1
FOXM1,ITGB1,1
FOXM1,LAMA2,1
FOXM1,LAMA4,1
FOXM1,MMP2,1
FOXM1,ONECUT1,1
FOXM1,PECAM1,1
FOXM1,PLK1,1
FOXM1,SKP2,1
FOXM1,VEGFA,1
FOXM1,XRCC1,1
FOXO1,ABCB1,1
FOXO1,AGRP,1
FOXO1,ANGPT2,1
FOXO1,BCL2L11,1
FOXO1,CAV1,1
FOXO1,CCNB1,-1
FOXO1,CCNB2,-1
FOXO1,CCND1,-1
FOXO1,CCND2,-1
FOXO1,CCNG2,1
FOXO1,CDKN1A,1
FOXO1,CDKN1C,1
FOXO1,CDKN2B,1
FOXO1,CDKN2D,1
FOXO1,CNOT8,1
FOXO1,CNR1,-1
FOXO1,DAAM1,1
FOXO1,DAPK1,1
FOXO1,DUSP4,-1
FOXO1,EIF4EBP1,1
FOXO1,G6PC,1
FOXO1,IL1B,1
FOXO1,KLF2,1
FOXO1,MCM5,-1
FOXO1,NOS3,1
FOXO1,PCK1,1
FOXO1,PCK2,1
FOXO1,PDK4,1
FOXO1,PPARG,1
FOXO1,PRL,1
FOXO1,RAG1,1
FOXO1,RPS6KA3,1
FOXO1,SCP2,1
FOXO1,SELL,1
FOXO1,TIMP3,-1
FOXO1,TMEM47,1
FOXO3,ABCB1,1
FOXO3,BCL2L11,1
FOXO3,BNIP3L,1
FOXO3,CAT,1
FOXO3,CBLB,1
FOXO3,CCND1,-1
FOXO3,CCNG2,1
FOXO3,CDKN1A,1
FOXO3,CDKN2B,1
FOXO3,CDKN2D,1
FOXO3,CITED2,1
FOXO3,DUSP5,1
FOXO3,DUSP6,1
FOXO3,ESR1,1
FOXO3,FBXO32,1
FOXO3,FOXO1,1
FOXO3,G6PC,1
FOXO3,GADD45A,1
FOXO3,HBP1,1
FOXO3,ID1,1
FOXO3,JAK1,1
FOXO3,KLF4,1
FOXO3,NOS3,1
FOXO3,PIK3CA,1
FOXO3,PINK1,1
FOXO3,PLAU,-1
FOXO3,PRDX3,1
FOXO3,RBL2,1
FOXO3,SOD2,1
FOXO3,STK11,1
FOXO4,BCL2L11,1
FOXO4,CDKN1A,1
FOXO4,CDKN1B,1
FOXO4,G6PC,1
FOXO4,GADD45A,1
FOXO4,PCK2,1
FOXO4,PPARGC1A,1
FOXO4,RBL2,1
FOXO4,SCP2,1
FOXO4,SPRY2,1
FOXP1,CDKN1A,-1
FOXP1,CSF1R,-1
FOXP1,IL2,-1
FOXP1,RAG1,-1
FOXP1,TCF4,-1
FOXP1,ACSL3,-1
FOXP1,ACTR3,-1
FOXP1,AFF1,-1
FOXP1,AFF3,-1
FOXP1,AGAP1,-1
FOXP1,AMPD3,-1
FOXP1,ANGPT1,-1
FOXP1,ANKRD28,-1
FOXP1,AP3B1,-1
FOXP1,ARHGAP32,-1
FOXP1,ARID1A,-1
FOXP1,ARID5B,-1
FOXP1,AUTS2,-1
FOXP1,AZIN1,-1
FOXP1,BACH1,-1
FOXP1,BACH2,-1
FOXP1,BBC3,-1
FOXP1,BCAS3,-1
FOXP1,BCL11A,-1
FOXP1,BIRC6,-1
FOXP1,BNC2,-1
FOXP1,CAB39,-1
FOXP1,CACNA2D3,-1
FOXP1,CADM1,-1
FOXP1,CAMK2D,-1
FOXP1,CASZ1,-1
FOXP1,CDK6,-1
FOXP1,CEP112,-1
FOXP1,CHD2,-1
FOXP1,CHD9,-1
FOXP1,CHN1,-1
FOXP1,CHN2,-1
FOXP1,CLASP2,-1
FOXP1,CREB5,-1
FOXP1,CUL3,-1
FOXP1,DIP2B,-1
FOXP1,DLGAP1,-1
FOXP1,DOCK4,-1
FOXP1,DST,-1
FOXP1,EFNA5,-1
FOXP1,EGLN3,-1
FOXP1,EIF3H,-1
FOXP1,EIF4G3,-1
FOXP1,ELF2,-1
FOXP1,EPB41L2,-1
FOXP1,ERC2,-1
FOXP1,FAM13A,-1
FOXP1,FAT1,-1
FOXP1,FCHSD2,-1
FOXP1,FNDC3B,-1
FOXP1,FOCAD,-1
FOXP1,FOXN3,-1
FOXP1,GBE1,-1
FOXP1,GLIS3,-1
FOXP1,GPBP1L1,-1
FOXP1,GTDC1,-1
FOXP1,HECTD1,-1
FOXP1,HIVEP2,-1
FOXP1,IGF1R,-1
FOXP1,ITGA4,-1
FOXP1,ITPR1,-1
FOXP1,KDM4C,-1
FOXP1,KIAA1217,-1
FOXP1,LAMC1,-1
FOXP1,LIMCH1,-1
FOXP1,LIMS1,-1
FOXP1,LNX1,-1
FOXP1,LRIG1,-1
FOXP1,LSAMP,-1
FOXP1,LTBP1,-1
FOXP1,MAD1L1,-1
FOXP1,MAGI1,-1
FOXP1,MAML3,-1
FOXP1,MAP2,-1
FOXP1,MCTP1,-1
FOXP1,MCTP2,-1
FOXP1,MECOM,-1
FOXP1,MIPOL1,-1
FOXP1,MPZL1,-1
FOXP1,MSI2,-1
FOXP1,MTA3,-1
FOXP1,NAV2,-1
FOXP1,NCOR2,-1
FOXP1,NPAS3,-1
FOXP1,NRP2,-1
FOXP1,NRXN3,-1
FOXP1,NUP98,-1
FOXP1,PACS1,-1
FOXP1,PARP1,-1
FOXP1,PDE4B,-1
FOXP1,PDS5B,-1
FOXP1,PHLPP1,-1
FOXP1,PHTF2,-1
FOXP1,PIK3R1,-1
FOXP1,PIP4K2A,-1
FOXP1,PLCB1,-1
FOXP1,PMAIP1,-1
FOXP1,POU2F1,-1
FOXP1,PPP1R12A,-1
FOXP1,PREX1,-1
FOXP1,PRKCB,-1
FOXP1,PRPF31,-1
FOXP1,PTCH1,-1
FOXP1,RABGAP1L,-1
FOXP1,RAD51B,-1
FOXP1,RAPGEF1,-1
FOXP1,RAPGEF4,-1
FOXP1,RAPGEF5,-1
FOXP1,RBPJ,-1
FOXP1,RBPMS,-1
FOXP1,RERE,-1
FOXP1,RFTN1,-1
FOXP1,RIN2,-1
FOXP1,ROCK1,-1
FOXP1,ROR2,-1
FOXP1,RPTOR,-1
FOXP1,RUNX1,-1
FOXP1,SDK2,-1
FOXP1,SHANK2,-1
FOXP1,SLC22A23,-1
FOXP1,SMARCC1,-1
FOXP1,SND1,-1
FOXP1,SNX25,-1
FOXP1,SORL1,-1
FOXP1,SPAG9,-1
FOXP1,SSBP2,-1
FOXP1,STAG1,-1
FOXP1,STAG2,-1
FOXP1,STAT3,-1
FOXP1,STIM2,-1
FOXP1,SVIL,-1
FOXP1,TBC1D2B,-1
FOXP1,TBXAS1,-1
FOXP1,TCF12,-1
FOXP1,THADA,-1
FOXP1,TPD52,-1
FOXP1,TPP2,-1
FOXP1,TRAPPC9,-1
FOXP1,TXNRD1,-1
FOXP1,U2SURP,-1
FOXP1,UBE3C,-1
FOXP1,UST,-1
FOXP1,UTRN,-1
FOXP1,VGLL4,-1
FOXP1,VPS13A,-1
FOXP1,VPS13C,-1
FOXP1,VPS41,-1
FOXP1,WNK1,-1
FOXP1,XXYLT1,-1
FOXP1,YPEL3,-1
FOXP1,ZBTB16,-1
FOXP1,ZFAT,-1
FOXP1,ZFP36L1,-1
FOXP1,ZMYM2,-1
FOXP1,ZNF608,-1
FOXP2,ACOT7,-1
FOXP2,ARHGEF4,-1
FOXP2,CDKN1A,-1
FOXP2,DIP2C,-1
FOXP2,FOXO3,-1
FOXP2,FOXP1,-1
FOXP2,FYN,-1
FOXP2,GNAS,-1
FOXP2,HIVEP3,-1
FOXP2,IGF1R,-1
FOXP2,KLHL23,-1
FOXP2,MEIS2,-1
FOXP2,MGAT1,-1
FOXP2,MXI1,-1
FOXP2,NETO1,-1
FOXP2,NR3C1,-1
FOXP2,PBX1,-1
FOXP2,PLEKHA5,-1
FOXP2,PTCH1,-1
FOXP2,RBFOX2,-1
FOXP2,RORA,-1
FOXP2,RUNX1,-1
FOXP2,SLC1A5,-1
FOXP2,SLC8A2,-1
FOXP2,STAT1,-1
FOXP2,TCF4,-1
FOXP2,TFAP4,-1
FOXP2,TGIF1,-1
FOXP2,TRIO,-1
FOXP2,ZBTB4,-1
FOXP2,ZNF395,-1
GABPA,BRCA1,1
GABPA,CDK13,1
GABPA,AAK1,1
GABPA,ACTB,1
GABPA,ARHGEF4,1
GABPA,ARHGEF7,1
GABPA,ARPC5L,1
GABPA,ASPSCR1,1
GABPA,CAP1,1
GABPA,CBX8,1
GABPA,CCDC171,1
GABPA,DLG1,1
GABPA,DOCK4,1
GABPA,EFR3A,1
GABPA,ELOVL6,1
GABPA,ERBB2,1
GABPA,ERCC1,1
GABPA,EXOC6,1
GABPA,FRYL,1
GABPA,IPO11,1
GABPA,LARP4B,1
GABPA,LIG4,1
GABPA,LSM4,1
GABPA,MAD2L1BP,1
GABPA,MARK2,1
GABPA,MBNL1,1
GABPA,MED15,1
GABPA,NCOA2,1
GABPA,NEK7,1
GABPA,NFIB,1
GABPA,NIPBL,1
GABPA,OXR1,1
GABPA,PNKP,1
GABPA,PTK2B,1
GABPA,PTPN12,1
GABPA,PTTG1IP,1
GABPA,RABGEF1,1
GABPA,RNF38,1
GABPA,SEC31A,1
GABPA,STIM2,1
GABPA,TBC1D5,1
GABPA,TCF12,1
GABPA,TM9SF3,1
GABPA,TRAPPC10,1
GABPA,TSNARE1,1
GABPA,UBR4,1
GABPA,UTRN,1
GABPA,VPS13B,1
GABPA,VPS53,1
GABPA,WDR37,1
GABPA,ZNF280D,1
GATA1,ALAS2,1
GATA1,COPS5,1
GATA1,GFI1B,1
GATA1,HBB,1
GATA1,HBG1,1
GATA1,NFE2,1
GATA2,AMOTL1,1
GATA2,ANGPT2,1
GATA2,APEX1,-1
GATA2,ARRDC4,1
GATA2,CCM2,-1
GATA2,CCRL2,1
GATA2,CTSH,1
GATA2,DPYSL2,1
GATA2,EFCAB2,-1
GATA2,ELMO1,1
GATA2,FDPS,1
GATA2,FOXO3,1
GATA2,GPR146,1
GATA2,GULP1,-1
GATA2,HMGB1,1
GATA2,ICAM4,1
GATA2,IL1RL1,1
GATA2,LYL1,1
GATA2,MYC,1
GATA2,PECAM1,1
GATA2,PLSCR2,1
GATA2,PNPLA8,-1
GATA2,PPP1R15A,1
GATA2,PSD4,1
GATA2,SGK1,-1
GATA2,TGFB2,-1
GATA2,TNFAIP8L1,1
GATA2,VWA5A,1
GATA3,ABCC2,1
GATA3,APBA1,1
GATA3,ARNT2,1
GATA3,ATP2B1,1
GATA3,ATXN10,1
GATA3,BCAS3,1
GATA3,BLCAP,1
GATA3,CD8B,1
GATA3,EDN1,1
GATA3,EGFR,1
GATA3,EPHA7,1
GATA3,EPOR,1
GATA3,ESR1,1
GATA3,FBXO11,1
GATA3,FN1,1
GATA3,FNDC3B,1
GATA3,GALNT10,1
GATA3,GCNT4,1
GATA3,GREB1,1
GATA3,GRM7,1
GATA3,IFNG,1
GATA3,IL2RA,1
GATA3,IL4,1
GATA3,IL4R,1
GATA3,ITPK1,1
GATA3,MAF,1
GATA3,MDM2,1
GATA3,MYC,1
GATA3,MYRIP,1
GATA3,NCOA3,1
GATA3,NETO1,1
GATA3,NFKB1,1
GATA3,NRCAM,1
GATA3,PDE3A,1
GATA3,PDE7B,1
GATA3,PPARG,1
GATA3,RBMS1,1
GATA3,RHOH,1
GATA3,SH3KBP1,1
GATA3,SLC24A3,1
GATA3,SLCO4C1,1
GATA3,SLIT2,1
GATA3,SPEF2,1
GATA3,SST,1
GATA3,ST8SIA6,1
GATA3,SVIL,1
GATA3,TCF7L2,1
GATA3,TET2,1
GATA3,TGFBR3,1
GATA3,TLR5,1
GATA3,UST,1
GATA3,VAPB,1
GATA3,ZNF217,1
GATA3,ZNF507,1
GATA3,ZXDC,1
GATA4,ADA,1
GATA4,CLDN14,1
GATA4,CLDN6,1
GATA4,FLNB,1
GATA4,KIAA1217,1
GATA6,APOA1,1
GATA6,SEMA6A,1
GATA6,SVIL,1
GATA6,ABCC5,1
GATA6,ARHGAP42,1
GATA6,ATE1,1
GATA6,ATP2B1,1
GATA6,BARX2,1
GATA6,BCAR3,1
GATA6,BCAS3,1
GATA6,BHLHE40,1
GATA6,BMPR1B,1
GATA6,CEP128,1
GATA6,CLIC5,1
GATA6,CUX1,1
GATA6,DLC1,1
GATA6,DPYSL2,1
GATA6,FILIP1L,1
GATA6,FLNB,1
GATA6,GALNT2,1
GATA6,KRT18,1
GATA6,KRT8,1
GATA6,LMCD1,1
GATA6,MEF2C,1
GATA6,MICAL2,1
GATA6,MID1,1
GATA6,MYLK,1
GATA6,NR5A2,1
GATA6,PCSK5,1
GATA6,PDE4D,1
GATA6,PHLDB2,1
GATA6,PKDCC,1
GATA6,PKIB,1
GATA6,PLCB4,1
GATA6,PLEKHA7,1
GATA6,PRDM16,1
GATA6,PTK2B,1
GATA6,RBM47,1
GATA6,RGS3,1
GATA6,SH3KBP1,1
GATA6,SH3RF2,1
GATA6,SIPA1L2,1
GATA6,SLC15A2,1
GATA6,SOX6,1
GATA6,SPTB,1
GATA6,STARD13,1
GATA6,SYNE1,1
GATA6,SYNE2,1
GATA6,TBC1D1,1
GATA6,TMSB4X,1
GATA6,ZFP36L1,1
GFI1B,AHCYL2,1
GFI1B,AMBRA1,1
GFI1B,APLP2,1
GFI1B,BRD2,1
GFI1B,CPNE5,1
GFI1B,FOXP1,1
GFI1B,FRYL,1
GFI1B,HK1,1
GFI1B,HNRNPF,1
GFI1B,KCNN3,1
GFI1B,KSR1,1
GFI1B,LTBP4,1
GFI1B,MACF1,1
GFI1B,MGAT1,1
GFI1B,MYH9,1
GFI1B,NAV2,1
GFI1B,NEDD4L,1
GFI1B,PLB1,1
GFI1B,RERE,1
GFI1B,SGMS1,1
GFI1B,SMYD3,1
GFI1B,SND1,1
GFI1B,SSH1,1
GFI1B,STAT6,1
GFI1B,TMCC2,1
GFI1B,TRIM2,1
GFI1B,USP10,1
GFI1B,VPS13D,1
GLI2,CCND1,1
GLI2,COL5A2,1
GLI2,EFEMP1,-1
GLI2,FGF13,1
GLI2,FOXA2,1
GLI2,FOXE1,1
GLI2,GLI1,1
GLI2,IFNGR1,-1
GLI2,LUM,-1
GLI2,PCNA,1
GLI2,PTCH1,1
GLI2,UGCG,-1
GRHL2,KIAA1522,1
GRHL2,LAD1,1
GRHL2,LIPH,1
GRHL2,ABCA4,1
GRHL2,ABLIM1,1
GRHL2,AFAP1,1
GRHL2,ALCAM,1
GRHL2,ALK,1
GRHL2,ARHGAP32,1
GRHL2,ARHGEF4,1
GRHL2,ATP8B1,1
GRHL2,CAST,1
GRHL2,CCDC12,1
GRHL2,CDCP1,1
GRHL2,CDH1,1
GRHL2,CLDN4,1
GRHL2,CTNNBIP1,1
GRHL2,CUEDC1,1
GRHL2,EHF,1
GRHL2,EPB41L1,1
GRHL2,ESYT2,1
GRHL2,ETV6,1
GRHL2,EVL,1
GRHL2,EXPH5,1
GRHL2,FAT2,1
GRHL2,FBLN2,1
GRHL2,GDPD5,1
GRHL2,GSN,1
GRHL2,HSPB1,1
GRHL2,IQSEC1,1
GRHL2,ITGB6,1
GRHL2,KIAA1217,1
GRHL2,LIMCH1,1
GRHL2,LIMK2,1
GRHL2,LPP,1
GRHL2,MACF1,1
GRHL2,MAL2,1
GRHL2,MAP4K4,1
GRHL2,MARK2,1
GRHL2,MECOM,1
GRHL2,MID1,1
GRHL2,MYO5B,1
GRHL2,NCEH1,1
GRHL2,OSBPL3,1
GRHL2,PACSIN2,1
GRHL2,PKP1,1
GRHL2,PLB1,1
GRHL2,PLEKHA7,1
GRHL2,RBM47,1
GRHL2,RP1,1
GRHL2,SCNN1A,1
GRHL2,SGMS1,1
GRHL2,SHANK2,1
GRHL2,SIPA1L3,1
GRHL2,SLC12A8,1
GRHL2,SLC22A23,1
GRHL2,SLC35F2,1
GRHL2,SLC3A2,1
GRHL2,SLC44A3,1
GRHL2,SLCO3A1,1
GRHL2,SPINT2,1
GRHL2,ST14,1
GRHL2,SULT2B1,1
GRHL2,TAF1B,1
GRHL2,TGFA,1
GRHL2,TIAM2,1
GRHL2,TMC1,1
GRHL2,TNS3,1
GRHL2,UMODL1,1
GRHL2,WWC1,1
GRHL2,ZNF608,1
HBP1,RUNX1,1
HBP1,AFF1,-1
HBP1,ARID1B,-1
HBP1,ARID5B,-1
HBP1,ATAD2,-1
HBP1,CDK19,-1
HBP1,CITED2,-1
HBP1,CLN6,-1
HBP1,EHD1,-1
HBP1,ELF2,-1
HBP1,ERCC1,-1
HBP1,FOXO3,-1
HBP1,GABARAPL2,-1
HBP1,GNA13,-1
HBP1,GTF2I,-1
HBP1,HECTD1,-1
HBP1,HERC3,-1
HBP1,JMJD1C,-1
HBP1,KANK1,-1
HBP1,KLHDC2,-1
HBP1,LRCH1,-1
HBP1,MAP1LC3B,-1
HBP1,MXI1,-1
HBP1,NIPBL,-1
HBP1,PHPT1,-1
HBP1,PJA2,-1
HBP1,PPM1A,-1
HBP1,PPM1D,-1
HBP1,RNF13,-1
HBP1,RNF38,-1
HBP1,SIN3A,-1
HBP1,SMARCA2,-1
HBP1,SQSTM1,-1
HBP1,TLK1,-1
HBP1,TOPORS,-1
HBP1,VPS26A,-1
HHEX,TLE1,-1
HHEX,A2M,-1
HHEX,ACSS3,-1
HHEX,ADAP2,-1
HHEX,ELMO1,-1
HHEX,NINJ2,-1
HHEX,NR2F2,-1
HHEX,PLCG2,-1
HHEX,SLC23A2,-1
HHEX,WSCD1,-1
HIF1A,ABCA1,1
HIF1A,ABCG2,1
HIF1A,ADAM17,1
HIF1A,ADIPOQ,1
HIF1A,ADM,1
HIF1A,ADORA2B,1
HIF1A,AGT,1
HIF1A,ANGPT2,1
HIF1A,ANKRD37,1
HIF1A,APH1A,1
HIF1A,APLN,1
HIF1A,AQP1,1
HIF1A,AURKA,1
HIF1A,BCL2L1,1
HIF1A,BHLHE40,1
HIF1A,BHLHE41,1
HIF1A,BIRC5,1
HIF1A,BNIP3L,1
HIF1A,CCL2,1
HIF1A,CD36,1
HIF1A,CDH13,1
HIF1A,CDKN1A,1
HIF1A,CDKN1B,1
HIF1A,CEACAM5,1
HIF1A,CITED2,1
HIF1A,COX4I1,1
HIF1A,COX4I2,1
HIF1A,CP,1
HIF1A,CXCL12,1
HIF1A,CYGB,1
HIF1A,DDIT4,1
HIF1A,EGLN1,1
HIF1A,EGLN3,1
HIF1A,ENG,1
HIF1A,ENO2,1
HIF1A,ERCC6,1
HIF1A,ERRFI1,1
HIF1A,ETS1,1
HIF1A,FAM162A,1
HIF1A,FECH,1
HIF1A,FHL1,1
HIF1A,FLT1,1
HIF1A,FOXM1,1
HIF1A,FURIN,1
HIF1A,GAPDH,1
HIF1A,GBE1,1
HIF1A,GCK,1
HIF1A,GFPT1,1
HIF1A,GPX3,1
HIF1A,GYS1,1
HIF1A,HEY1,1
HIF1A,HK1,1
HIF1A,HK2,1
HIF1A,HMGCR,1
HIF1A,HMOX1,1
HIF1A,HSP90B1,1
HIF1A,HSPA1B,1
HIF1A,ID2,1
HIF1A,IL1B,1
HIF1A,ILK,1
HIF1A,ITGB1,1
HIF1A,KDM3A,1
HIF1A,KDM4B,1
HIF1A,KITLG,1
HIF1A,LGALS1,1
HIF1A,LOX,1
HIF1A,MCL1,1
HIF1A,MMP14,1
HIF1A,MUC1,1
HIF1A,NAMPT,1
HIF1A,NOS2,1
HIF1A,NOS3,1
HIF1A,NPM1,1
HIF1A,NPPB,1
HIF1A,NR3C1,1
HIF1A,NR4A3,1
HIF1A,NTN1,1
HIF1A,NTRK1,1
HIF1A,PDK3,1
HIF1A,PFKFB3,1
HIF1A,PFKFB4,1
HIF1A,PFKL,1
HIF1A,PFKP,1
HIF1A,PGAM1,1
HIF1A,PLA2G4A,1
HIF1A,PLAUR,1
HIF1A,PMAIP1,1
HIF1A,POLI,1
HIF1A,PPIA,1
HIF1A,PPP1R10,1
HIF1A,PPP1R3C,1
HIF1A,PPP5C,1
HIF1A,PTGS2,1
HIF1A,RNF7,1
HIF1A,SERPINE1,1
HIF1A,SLC11A1,1
HIF1A,SLC16A4,1
HIF1A,SPHK1,1
HIF1A,STC2,1
HIF1A,TF,1
HIF1A,TFF3,1
HIF1A,TFRC,1
HIF1A,TIMP1,1
HIF1A,TLR2,1
HIF1A,TLR4,1
HIF1A,TLR6,1
HIF1A,TP53,1
HIF1A,TUBB3,1
HIF1A,VEGFB,1
HIF1A,VHL,1
HINFP,ABT1,1
HINFP,ACBD5,1
HINFP,ATF7IP2,1
HINFP,C2CD2L,1
HINFP,CCDC9,1
HINFP,CYB5R4,1
HINFP,GPN1,1
HINFP,MPZL1,1
HINFP,PPP1R9B,1
HINFP,REEP5,1
HINFP,RUNX1,1
HINFP,SUN2,1
HINFP,TBXAS1,1
HINFP,USP48,1
HMBOX1,NCOA4,-1
HMBOX1,PDE8A,-1
HMBOX1,ADCY10,-1
HMBOX1,AMBRA1,-1
HMBOX1,ASPH,-1
HMBOX1,CDKAL1,-1
HMBOX1,CHD2,-1
HMBOX1,CTBS,-1
HMBOX1,CYTH1,-1
HMBOX1,FOXP1,-1
HMBOX1,KDM4C,-1
HMBOX1,KSR1,-1
HMBOX1,PDE7A,-1
HMBOX1,PEAK1,-1
HMBOX1,PHF21A,-1
HMBOX1,RBM39,-1
HMBOX1,RBPJ,-1
HMBOX1,REV3L,-1
HMBOX1,RICTOR,-1
HMBOX1,SMAD3,-1
HMBOX1,STK17B,-1
HMBOX1,TNRC6B,-1
HMBOX1,TXNRD1,-1
HMBOX1,VPS13D,-1
HMBOX1,ZNRF1,-1
HNF1A,AKR1C4,1
HNF1A,CYP3A4,1
HNF1A,CYP7A1,1
HNF1A,G6PC,1
HNF1A,HNF4A,1
HNF1A,IGF1,1
HNF1A,PDX1,1
HNF1A,PROC,-1
HNF1A,SLC2A2,1
HNF1B,WDR72,1
HNF1B,ACSL5,1
HNF1B,AKR1C3,1
HNF1B,ANXA10,1
HNF1B,ARHGAP24,1
HNF1B,ATP6AP1L,1
HNF1B,B3GALT5,1
HNF1B,BMPR1B,1
HNF1B,CNKSR3,1
HNF1B,EHF,1
HNF1B,EPS8,1
HNF1B,FXYD2,1
HNF1B,GLIS3,1
HNF1B,GPR160,1
HNF1B,GPR39,1
HNF1B,HAVCR1,1
HNF1B,HDAC4,1
HNF1B,KCNIP4,1
HNF1B,LPP,1
HNF1B,LYRM1,1
HNF1B,MAL2,1
HNF1B,MYO16,1
HNF1B,NRXN1,1
HNF1B,PARD3,1
HNF1B,PHEX,1
HNF1B,PLEKHG3,1
HNF1B,PTP4A1,1
HNF1B,SH3KBP1,1
HNF1B,SPINK1,1
HNF1B,TM4SF4,1
HNF1B,TMCO5A,1
HNF1B,VEPH1,1
HNF1B,ZNF438,1
HNF4A,ABCC2,1
HNF4A,ABCC6,1
HNF4A,ACAT2,1
HNF4A,ACOT13,1
HNF4A,ADAMTS1,1
HNF4A,AKR1C4,1
HNF4A,ALDH6A1,1
HNF4A,ANK3,1
HNF4A,APOA1,1
HNF4A,APOA2,1
HNF4A,APOB,1
HNF4A,BPHL,1
HNF4A,C3,1
HNF4A,CDKN1A,1
HNF4A,CEBPA,1
HNF4A,CLDN4,1
HNF4A,CYP26A1,1
HNF4A,CYP27A1,1
HNF4A,CYP2B6,1
HNF4A,CYP3A4,1
HNF4A,CYP8B1,1
HNF4A,DSC2,1
HNF4A,EBP,1
HNF4A,EFHD1,1
HNF4A,EPHX1,1
HNF4A,EPHX2,1
HNF4A,EPO,1
HNF4A,EPS15L1,1
HNF4A,F10,1
HNF4A,F2,1
HNF4A,G6PC,1
HNF4A,G6PC3,1
HNF4A,GHR,1
HNF4A,GPR39,1
HNF4A,GUCY2C,1
HNF4A,HNF1A,1
HNF4A,MME,1
HNF4A,NELL2,1
HNF4A,PCK1,1
HNF4A,PCK2,1
HNF4A,PKLR,1
HNF4A,PPARA,1
HNF4A,PROS1,1
HNF4A,PROZ,1
HNF4A,PRPF3,1
HNF4A,SLC26A3,1
HNF4A,SLC2A2,1
HNF4A,SULT2A1,1
HNF4A,TASP1,1
HNF4A,TBP,1
HNF4A,TCF7L2,1
HNF4A,TGFA,1
HNF4A,UGT1A9,1
HNF4A,UGT2B7,1
HNF4G,AKR1C4,1
HNF4G,SHBG,1
HNF4G,DOK4,1
HNF4G,WWC1,1
HNF4G,ABAT,1
HNF4G,ABLIM1,1
HNF4G,ACOT7,1
HNF4G,ALDH1A1,1
HNF4G,ALDH2,1
HNF4G,ALDH3B1,1
HNF4G,ATP11A,1
HNF4G,ATP2B2,1
HNF4G,ATP8B1,1
HNF4G,BCAS3,1
HNF4G,BCOR,1
HNF4G,CD99,1
HNF4G,CPQ,1
HNF4G,DUSP9,1
HNF4G,EHF,1
HNF4G,ERBB3,1
HNF4G,FLNB,1
HNF4G,GRAMD4,1
HNF4G,HNF1A,1
HNF4G,HNF1B,1
HNF4G,HPCAL1,1
HNF4G,HSD17B2,1
HNF4G,IQGAP2,1
HNF4G,KCNAB2,1
HNF4G,KDM6B,1
HNF4G,MYLK,1
HNF4G,MYO18A,1
HNF4G,NCOA4,1
HNF4G,NEDD4L,1
HNF4G,PLEC,1
HNF4G,RAB11FIP4,1
HNF4G,RBM47,1
HNF4G,RGS3,1
HNF4G,RNF43,1
HNF4G,RREB1,1
HNF4G,SEC14L1,1
HNF4G,SLCO2B1,1
HNF4G,SORBS1,1
HNF4G,SPATS2L,1
HNF4G,SPHK1,1
HNF4G,STK24,1
HNF4G,TACC2,1
HNF4G,TMEM37,1
HNF4G,TMPRSS2,1
HNF4G,VAMP5,1
HNF4G,WNK2,1
HOXA9,AGTPBP1,1
HOXA9,ARHGAP15,1
HOXA9,CRYZL1,1
HOXA9,DYRK1A,1
HOXA9,GHR,1
HOXA9,HECW2,1
HOXA9,IPCEF1,1
HOXA9,MAST2,1
HOXA9,NAV2,1
HOXA9,NF1,1
HOXA9,PPARG,1
HOXA9,RALGAPA2,1
HOXA9,RERE,1
HOXA9,RGS13,1
HOXA9,RNF111,1
HOXA9,SPAG17,1
HOXA9,SPOCK1,1
HOXA9,TLE4,1
HOXA9,VIM,1
HOXA9,ZNF503,1
HOXB13,ADAM7,1
HOXB13,AKAP13,1
HOXB13,ANK3,1
HOXB13,ARHGAP32,1
HOXB13,BNC2,1
HOXB13,CNTN4,1
HOXB13,CNTNAP5,1
HOXB13,COL14A1,1
HOXB13,CTNNAL1,1
HOXB13,DLG2,1
HOXB13,DNAH11,1
HOXB13,DOCK4,1
HOXB13,DOCK9,1
HOXB13,EPB41L2,1
HOXB13,ERG,1
HOXB13,ESR1,1
HOXB13,ESRRG,1
HOXB13,EXOC4,1
HOXB13,FRYL,1
HOXB13,GHR,1
HOXB13,LNX1,1
HOXB13,MAP1B,1
HOXB13,MID1,1
HOXB13,NFIA,1
HOXB13,NRXN1,1
HOXB13,NUMB,1
HOXB13,PDE4D,1
HOXB13,PSD3,1
HOXB13,RALGAPA1,1
HOXB13,RFX3,1
HOXB13,RIT2,1
HOXB13,RYR2,1
HOXB13,SEMA3C,1
HOXB13,SGIP1,1
HOXB13,SND1,1
HOXB13,STARD13,1
HOXB13,SVIL,1
HOXB13,TDRD3,1
HOXB13,THRB,1
HOXB13,THSD7A,1
HOXB13,TRIO,1
HSF1,HSPA1A,1
HSF1,HSPA1B,1
HSF1,DNAH17,1
HSF1,HPCAL1,1
HSF1,MKNK2,1
HSF1,NADK,1
HSF1,STIP1,1
HSF1,UBB,1
IKZF1,ARHGAP18,1
IKZF1,ARID1A,1
IKZF1,ATP8B4,1
IKZF1,CDYL,1
IKZF1,CHST11,1
IKZF1,DOCK11,1
IKZF1,ELF4,1
IKZF1,ERC1,1
IKZF1,GRAP2,1
IKZF1,IL10RA,1
IKZF1,IQGAP2,1
IKZF1,ITPR1,1
IKZF1,KCNAB2,1
IKZF1,KDM2B,1
IKZF1,LYN,1
IKZF1,MAD1L1,1
IKZF1,NEK6,1
IKZF1,OSBPL3,1
IKZF1,PIK3AP1,1
IKZF1,PIP4K2A,1
IKZF1,PLB1,1
IKZF1,PREX1,1
IKZF1,PRKCB,1
IKZF1,PTK2B,1
IKZF1,PTPRJ,1
IKZF1,SAMSN1,1
IKZF1,SMAP2,1
IKZF1,SMOX,1
IKZF1,ST6GAL1,1
IKZF1,STK10,1
IKZF1,SUSD1,1
IKZF1,TET3,1
IKZF1,TNFAIP8,1
IKZF1,TRIB3,1
IKZF1,WNT5B,1
IKZF1,ZEB2,1
IKZF1,ZFYVE28,1
IRF1,CCL5,1
IRF1,HLA-G,1
IRF1,IL12A,1
IRF1,IL12B,1
IRF1,IL15,1
IRF1,IL4,1
IRF1,OGN,1
IRF1,TAP2,1
IRF1,TP53,1
IRF2,ADAR,1
IRF2,APOL3,1
IRF2,CASP7,1
IRF2,CASP8,1
IRF2,NMI,1
IRF2,NR3C1,1
IRF2,AFF1,1
IRF2,APOL2,1
IRF2,ARID1B,1
IRF2,ATF1,1
IRF2,BBC3,1
IRF2,BTN3A1,1
IRF2,BTN3A3,1
IRF2,CEACAM1,1
IRF2,CEP128,1
IRF2,DDX3X,1
IRF2,DPYSL2,1
IRF2,FAM111A,1
IRF2,FAM13A,1
IRF2,FANCA,1
IRF2,FLT3LG,1
IRF2,FMR1,1
IRF2,FOXP1,1
IRF2,GAB1,1
IRF2,GALK2,1
IRF2,GPBP1L1,1
IRF2,HNRNPF,1
IRF2,HOXB3,1
IRF2,IFIT3,1
IRF2,IKZF4,1
IRF2,IL15RA,1
IRF2,IL1R1,1
IRF2,IL4,1
IRF2,ING1,1
IRF2,ISG15,1
IRF2,KLHL8,1
IRF2,MAX,1
IRF2,MDK,1
IRF2,MICB,1
IRF2,NFE2L2,1
IRF2,NFIC,1
IRF2,NFIX,1
IRF2,NOD1,1
IRF2,NUB1,1
IRF2,PARP14,1
IRF2,PATL1,1
IRF2,PER1,1
IRF2,PNRC2,1
IRF2,PRKD2,1
IRF2,PRPSAP1,1
IRF2,PTMA,1
IRF2,PTPN12,1
IRF2,RNF111,1
IRF2,SEMA4B,1
IRF2,SEMA4C,1
IRF2,SLC25A22,1
IRF2,SOCS1,1
IRF2,SP140L,1
IRF2,SRBD1,1
IRF2,ST6GAL1,1
IRF2,TAL1,1
IRF2,TGIF1,1
IRF2,UBE2D3,1
IRF2,UBE2L6,1
IRF2,UBR2,1
IRF2,WDR74,1
IRF2,ZC3HAV1,1
IRF2,ZEB2,1
IRF2,ZFP36,1
IRF2,ZNF250,1
IRF2,ZNF566,1
IRF2,ZNF93,1
IRF3,IRF7,1
IRF3,ABCA7,1
IRF3,APOBEC3D,1
IRF3,APOBEC3F,1
IRF3,ABCB9,1
IRF3,ABHD2,1
IRF3,AKAP8L,1
IRF3,ANKRD23,1
IRF3,APOBEC3C,1
IRF3,APOBEC3G,1
IRF3,ARL16,1
IRF3,BABAM1,1
IRF3,BCAS3,1
IRF3,BST2,1
IRF3,CCDC61,1
IRF3,CCL5,1
IRF3,CDCA3,1
IRF3,CLK3,1
IRF3,CNOT3,1
IRF3,CNPY3,1
IRF3,CREB3L4,1
IRF3,CYTH2,1
IRF3,DCAF15,1
IRF3,DDX39A,1
IRF3,ERCC2,1
IRF3,FBXO24,1
IRF3,FOXK2,1
IRF3,GLCCI1,1
IRF3,GPR108,1
IRF3,GTF3C5,1
IRF3,GTPBP6,1
IRF3,HGS,1
IRF3,KCNAB2,1
IRF3,KIAA0895L,1
IRF3,LMBR1L,1
IRF3,LRRC45,1
IRF3,MED24,1
IRF3,MVD,1
IRF3,NARF,1
IRF3,NUBP2,1
IRF3,PABPN1,1
IRF3,PHPT1,1
IRF3,PRPF31,1
IRF3,RAB11B,1
IRF3,RAB4B,1
IRF3,RFX1,1
IRF3,RHPN1,1
IRF3,RPL18A,1
IRF3,SHARPIN,1
IRF3,SLC25A28,1
IRF3,TCF3,1
IRF3,TMEM160,1
IRF3,TMEM161A,1
IRF3,TPCN1,1
IRF3,TRAF2,1
IRF3,TYK2,1
IRF3,WBP1,1
IRF3,XRCC3,1
IRF3,ZNF574,1
IRF3,ZNF691,1
IRF3,ZNF775,1
IRF4,CFLAR,1
IRF4,CIITA,1
IRF4,ELF4,1
IRF4,FCRL5,1
IRF4,ITGB7,1
IRF4,AFF1,1
IRF4,AHCYL2,1
IRF4,ARHGAP24,1
IRF4,CAST,1
IRF4,CCDC88C,1
IRF4,CDYL,1
IRF4,CTNND2,1
IRF4,CTSC,1
IRF4,CYTH1,1
IRF4,CYTIP,1
IRF4,DGKG,1
IRF4,DIS3L2,1
IRF4,DOCK10,1
IRF4,DTNB,1
IRF4,ELMO1,1
IRF4,ERN1,1
IRF4,GDI2,1
IRF4,IGF1R,1
IRF4,IKZF1,1
IRF4,IKZF3,1
IRF4,IL16,1
IRF4,JAK1,1
IRF4,JARID2,1
IRF4,KALRN,1
IRF4,KBTBD8,1
IRF4,KLHL6,1
IRF4,KSR1,1
IRF4,LPP,1
IRF4,MGLL,1
IRF4,NFKBIZ,1
IRF4,NLRC5,1
IRF4,OSBPL3,1
IRF4,PBX1,1
IRF4,PEAK1,1
IRF4,PIEZO2,1
IRF4,PIK3AP1,1
IRF4,PLXNC1,1
IRF4,POU2AF1,1
IRF4,PPP2R5C,1
IRF4,PTK2B,1
IRF4,RABGAP1L,1
IRF4,RAPGEF6,1
IRF4,RHOH,1
IRF4,RTN4,1
IRF4,SAMD4A,1
IRF4,SLAMF7,1
IRF4,SMARCA2,1
IRF4,SMG6,1
IRF4,SORBS1,1
IRF4,SORL1,1
IRF4,SP100,1
IRF4,SP140,1
IRF4,TCF4,1
IRF4,TXNDC11,1
IRF4,ZEB1,1
IRF4,ZNF365,1
IRF9,IFIT3,1
IRF9,IRF7,1
IRF9,ADAR,1
IRF9,ISG15,1
IRF9,KSR1,1
IRF9,MX1,1
IRF9,OAS2,1
IRF9,OAS3,1
IRF9,RSAD2,1
IRF9,SAMD9L,1
JUN,ACTA1,1
JUN,APP,1
JUN,BATF3,1
JUN,BDKRB1,1
JUN,CCL4,1
JUN,CCL5,1
JUN,CCND2,1
JUN,CD44,1
JUN,CHGA,1
JUN,CSTA,1
JUN,CYP11A1,1
JUN,CYP2J2,1
JUN,EDN1,1
JUN,ELN,1
JUN,ETS2,1
JUN,F3,1
JUN,FASLG,1
JUN,FOS,1
JUN,GCLC,1
JUN,GNRHR,1
JUN,ICAM1,1
JUN,IER5,1
JUN,IGF1,1
JUN,IL12A,1
JUN,IL1A,1
JUN,IL1B,1
JUN,IL5RA,1
JUN,ITGAX,1
JUN,MGP,1
JUN,MMP12,1
JUN,MYB,1
JUN,NAT1,1
JUN,NFKB2,1
JUN,NGF,1
JUN,NPY,1
JUN,NQO1,-1
JUN,NR3C1,1
JUN,NTRK1,1
JUN,NTS,1
JUN,OXTR,1
JUN,PDHA1,1
JUN,PENK,1
JUN,PLA2G4A,1
JUN,POLD2,1
JUN,PPARA,1
JUN,PTX3,1
JUN,RELB,1
JUN,RUNX2,1
JUN,SELE,1
JUN,SERPINE1,1
JUN,SPP1,1
JUN,SPRR3,1
JUN,TFPI2,1
JUN,TGFB1,1
JUN,TIMP2,1
JUN,TNFRSF10A,1
JUN,TXN,1
JUN,VIM,1
JUNB,CDKN2A,1
JUNB,CLU,1
JUNB,PIM1,1
JUNB,ABCC1,1
JUNB,AKAP13,1
JUNB,AMPD3,1
JUNB,AUTS2,1
JUNB,BACH1,1
JUNB,BHLHE40,1
JUNB,CCDC12,1
JUNB,CMIP,1
JUNB,CUEDC1,1
JUNB,DMD,1
JUNB,EGR2,1
JUNB,EHD1,1
JUNB,EHF,1
JUNB,FHAD1,1
JUNB,FOSL1,1
JUNB,FOXK1,1
JUNB,GMDS,1
JUNB,GNA12,1
JUNB,IER5,1
JUNB,KALRN,1
JUNB,KAZN,1
JUNB,KCNMA1,1
JUNB,KLF6,1
JUNB,LIMS1,1
JUNB,LMNA,1
JUNB,MICAL2,1
JUNB,NACA2,1
JUNB,ROCK2,1
JUNB,RTN4,1
JUNB,SEC14L1,1
JUNB,SH3BP5,1
JUNB,SLC12A8,1
JUNB,SMARCA2,1
JUNB,SPRED2,1
JUNB,TBC1D14,1
JUNB,TGIF1,1
JUNB,TIAM2,1
JUNB,TMSB4X,1
JUNB,TNRC6B,1
JUNB,UBC,1
JUNB,VOPP1,1
JUNB,WWTR1,1
JUNB,ZBTB20,1
JUNB,ZFP36L1,1
JUNB,ZFP36L2,1
JUNB,ZNF217,1
JUND,CCL5,1
JUND,CD40LG,1
JUND,CLU,1
JUND,CSTA,1
JUND,NQO2,1
JUND,PLAUR,1
JUND,TGFB1,1
KDM5B,DNAJB12,1
KDM5B,CMIP,1
KDM5B,CTNNA1,1
KDM5B,DAAM1,1
KDM5B,FOXP1,1
KDM5B,JARID2,1
KDM5B,JUP,1
KDM5B,LHFPL2,1
KDM5B,MYH9,1
KDM5B,PPFIBP2,1
KDM5B,PRRC2B,1
KDM5B,RAB11FIP4,1
KDM5B,RREB1,1
KDM5B,SMAD3,1
KDM5B,SYNJ2,1
KDM5B,TGIF1,1
KDM5B,VGLL4,1
KLF1,HBB,1
KLF1,OSBP2,1
KLF1,ACTB,1
KLF1,ADAP1,1
KLF1,AGRN,1
KLF1,AHNAK,1
KLF1,ANK1,1
KLF1,CHID1,1
KLF1,CNPPD1,1
KLF1,CPAMD8,1
KLF1,CTSB,1
KLF1,EGFL7,1
KLF1,EVL,1
KLF1,FBRSL1,1
KLF1,GPR137,1
KLF1,KCTD2,1
KLF1,KLHL21,1
KLF1,LTBP4,1
KLF1,LYL1,1
KLF1,MAST1,1
KLF1,MICALL2,1
KLF1,NADK,1
KLF1,NQO2,1
KLF1,PIM1,1
KLF1,PLEC,1
KLF1,RAB3IL1,1
KLF1,RALGDS,1
KLF1,RERE,1
KLF1,RNF38,1
KLF1,SGMS1,1
KLF1,SH3BP2,1
KLF1,SLC4A1,1
KLF1,SLC6A6,1
KLF1,SNAP47,1
KLF1,SORBS1,1
KLF1,SPTB,1
KLF1,STON2,1
KLF1,TBC1D14,1
KLF1,TCEA2,1
KLF1,UXS1,1
KLF1,XXYLT1,1
KLF1,YWHAZ,1
KLF1,ZFP36,1
KLF1,ZNF276,1
KLF13,AP3D1,-1
KLF13,ARID1A,-1
KLF13,ARRDC2,-1
KLF13,ATP6V0D1,-1
KLF13,BCL9L,-1
KLF13,DNAJB1,-1
KLF13,EML2,-1
KLF13,ERCC1,-1
KLF13,FASN,-1
KLF13,FCHO1,-1
KLF13,FKBP5,-1
KLF13,FSCN1,-1
KLF13,KLHL21,-1
KLF13,LTBP4,-1
KLF13,NDST1,-1
KLF13,NFIC,-1
KLF13,OAZ1,-1
KLF13,PISD,-1
KLF13,PKNOX1,-1
KLF13,PLEC,-1
KLF13,PTOV1,-1
KLF13,RAPGEF3,-1
KLF13,RCSD1,-1
KLF13,REST,-1
KLF13,SAMD11,-1
KLF13,SLC1A5,-1
KLF13,SNX8,-1
KLF13,TBC1D14,-1
KLF13,TYRO3,-1
KLF3,ADD3,1
KLF3,ARHGAP5,1
KLF3,BTBD3,1
KLF3,CACHD1,1
KLF3,CAST,1
KLF3,GNG12,1
KLF3,KCNK1,1
KLF3,MECOM,1
KLF3,MYO5A,1
KLF3,STRBP,1
KLF3,STXBP6,1
KLF3,TRIO,1
KLF3,TSPAN12,1
KLF5,FOXQ1,1
KLF5,JUP,1
KLF5,LAMB3,1
KLF5,PTK6,1
KLF5,ACTN1,1
KLF5,ADAP1,1
KLF5,AGRN,1
KLF5,AHNAK2,1
KLF5,ALDH3A2,1
KLF5,ANXA2,1
KLF5,B3GNT3,1
KLF5,BAIAP2L1,1
KLF5,CANT1,1
KLF5,CD9,1
KLF5,CIRBP,1
KLF5,CLDN4,1
KLF5,COL4A2,1
KLF5,DGKQ,1
KLF5,DIAPH1,1
KLF5,DVL1,1
KLF5,ECE1,1
KLF5,ELF3,1
KLF5,EPHA2,1
KLF5,ERBB2,1
KLF5,ESRP2,1
KLF5,FA2H,1
KLF5,GPR137,1
KLF5,GPRC5A,1
KLF5,GPX4,1
KLF5,KIAA1522,1
KLF5,KRT8,1
KLF5,LGALS3,1
KLF5,LLGL2,1
KLF5,LNX2,1
KLF5,LSR,1
KLF5,LTBP3,1
KLF5,LTBP4,1
KLF5,MIB2,1
KLF5,MIDN,1
KLF5,MKNK2,1
KLF5,MYH14,1
KLF5,MYO1C,1
KLF5,MYO5B,1
KLF5,NFE2L2,1
KLF5,PLEC,1
KLF5,PPL,1
KLF5,PPP1R13L,1
KLF5,PRKCZ,1
KLF5,PTCH1,1
KLF5,RAB11A,1
KLF5,RAB11FIP1,1
KLF5,RALGDS,1
KLF5,RBM47,1
KLF5,RXRA,1
KLF5,S100A16,1
KLF5,SCNN1A,1
KLF5,SDC1,1
KLF5,SH2D3A,1
KLF5,SLC2A1,1
KLF5,SLC48A1,1
KLF5,SPIRE2,1
KLF5,SREBF1,1
KLF5,STX1A,1
KLF5,TCF3,1
KLF5,TECR,1
KLF5,TJP3,1
KLF5,WWC1,1
KLF5,YWHAZ,1
KLF5,ZBTB7C,1
KLF5,ZNF217,1
KLF6,LTC4S,1
KLF6,CDH1,1
KLF6,IGF1R,1
KLF6,ACTN1,1
KLF6,ANXA2,1
KLF6,AREG,1
KLF6,ARID5B,1
KLF6,ASAP1,1
KLF6,CLIP2,1
KLF6,CTNNBIP1,1
KLF6,DUSP10,1
KLF6,EHD1,1
KLF6,EPS8,1
KLF6,ERRFI1,1
KLF6,ETS1,1
KLF6,ETS2,1
KLF6,IER5,1
KLF6,IRF1,1
KLF6,ITGB1,1
KLF6,LDLR,1
KLF6,LHFPL2,1
KLF6,LMNA,1
KLF6,LRRFIP1,1
KLF6,LTBP4,1
KLF6,MACF1,1
KLF6,MSI2,1
KLF6,MYH9,1
KLF6,NEDD9,1
KLF6,PLEC,1
KLF6,PTP4A1,1
KLF6,RBCK1,1
KLF6,RND3,1
KLF6,SH3BP2,1
KLF6,SH3BP4,1
KLF6,SH3RF1,1
KLF6,SREBF1,1
KLF6,TACC1,1
KLF6,TECR,1
KLF6,TSPAN14,1
KLF6,VMP1,1
KLF6,WFS1,1
KLF6,WWTR1,1
KLF6,XXYLT1,1
KLF6,ZFP36L1,1
KLF6,ZFP36L2,1
KLF9,ACTN1,1
KLF9,AFAP1,1
KLF9,AGRN,1
KLF9,AMPD2,1
KLF9,APBB2,1
KLF9,ARHGEF2,1
KLF9,ARID5B,1
KLF9,ASPSCR1,1
KLF9,BCAR1,1
KLF9,CACHD1,1
KLF9,CMIP,1
KLF9,DGKZ,1
KLF9,ECE1,1
KLF9,EGFR,1
KLF9,EPHB3,1
KLF9,EPHB4,1
KLF9,FCHO1,1
KLF9,FGFR3,1
KLF9,FOXO3,1
KLF9,FYN,1
KLF9,GPRC5B,1
KLF9,GSN,1
KLF9,HIVEP3,1
KLF9,HPCAL1,1
KLF9,IFFO2,1
KLF9,IQSEC1,1
KLF9,KIAA1522,1
KLF9,LFNG,1
KLF9,MACF1,1
KLF9,MAFK,1
KLF9,MED15,1
KLF9,MEF2D,1
KLF9,NADK,1
KLF9,NCOR2,1
KLF9,NCS1,1
KLF9,NFATC2,1
KLF9,NFIC,1
KLF9,PCBP3,1
KLF9,PER1,1
KLF9,PHC2,1
KLF9,PHLDB1,1
KLF9,PLEC,1
KLF9,POR,1
KLF9,POU3F2,1
KLF9,RAB11FIP4,1
KLF9,RAP1GAP,1
KLF9,RGS12,1
KLF9,RXRA,1
KLF9,SAMD11,1
KLF9,SASH1,1
KLF9,SEC14L1,1
KLF9,SH3BP2,1
KLF9,SH3KBP1,1
KLF9,SH3TC1,1
KLF9,SHROOM2,1
KLF9,SLC4A2,1
KLF9,SYNJ2,1
KLF9,TACC1,1
KLF9,TBC1D24,1
KLF9,TNK2,1
KLF9,TNS1,1
KLF9,TRIOBP,1
KLF9,TSC22D3,1
KLF9,VAV2,1
LEF1,AR,1
LEF1,BIRC5,1
LEF1,CCL7,1
LEF1,CCND1,1
LEF1,CDX1,1
LEF1,CTNNB1,1
LEF1,DCT,1
LEF1,DSP,-1
LEF1,EDA,1
LEF1,MYC,1
LEF1,NT5E,1
LEF1,RAG2,1
LEF1,SNAI2,1
LEF1,TCF3,1
LHX2,CCND1,1
LHX2,CDK14,1
LHX2,FMN2,1
LHX2,GLIS3,1
LHX2,MID1,1
LHX2,MITF,1
LHX2,SOX6,1
LHX2,ZBTB20,1
LHX2,ZNF608,1
LYL1,CBFA2T3,1
LYL1,EGFL7,1
LYL1,PTK2B,1
LYL1,ARHGAP22,1
LYL1,ARHGAP25,1
LYL1,ARHGEF2,1
LYL1,BIN1,1
LYL1,CACNA1C,1
LYL1,CACNA2D4,1
LYL1,CCDC88C,1
LYL1,CCM2,1
LYL1,CCND3,1
LYL1,CD34,1
LYL1,CD53,1
LYL1,CHST12,1
LYL1,CLIP2,1
LYL1,CMKLR1,1
LYL1,CMTM7,1
LYL1,CSF1R,1
LYL1,CSK,1
LYL1,CUEDC1,1
LYL1,CYBB,1
LYL1,DGKZ,1
LYL1,DYSF,1
LYL1,ELMO1,1
LYL1,FAM78A,1
LYL1,FAR2,1
LYL1,FMNL3,1
LYL1,GNG2,1
LYL1,GYPC,1
LYL1,HDAC4,1
LYL1,HHEX,1
LYL1,HIVEP3,1
LYL1,HLX,1
LYL1,HPCAL1,1
LYL1,IKZF1,1
LYL1,INPP5D,1
LYL1,IQGAP2,1
LYL1,ITGB2,1
LYL1,KCNAB2,1
LYL1,KCTD12,1
LYL1,LAPTM5,1
LYL1,LMO2,1
LYL1,MAD1L1,1
LYL1,NSMCE1,1
LYL1,PIK3CG,1
LYL1,PLCG2,1
LYL1,PLD3,1
LYL1,PLEC,1
LYL1,PLEKHO1,1
LYL1,PLXNA2,1
LYL1,PPP1R9B,1
LYL1,PRAM1,1
LYL1,PREX1,1
LYL1,PRR5,1
LYL1,PRR5L,1
LYL1,RAB37,1
LYL1,RAC2,1
LYL1,RIN3,1
LYL1,SASH3,1
LYL1,SH2B3,1
LYL1,SH3BGRL3,1
LYL1,SH3KBP1,1
LYL1,SIPA1,1
LYL1,ST3GAL2,1
LYL1,ST6GAL1,1
LYL1,STAB1,1
LYL1,STK10,1
LYL1,STXBP5,1
LYL1,TAL1,1
LYL1,TMC6,1
LYL1,TNFAIP8,1
LYL1,TRPM2,1
LYL1,UNC13D,1
LYL1,VAV1,1
LYL1,VPS13D,1
MAF,FRMD4B,1
MAF,IL2RA,1
MAF,IL4R,1
MAF,ARHGAP25,1
MAF,ARHGEF3,1
MAF,ARL4C,1
MAF,BRD4,1
MAF,CYTH1,1
MAF,DOCK10,1
MAF,FAM78A,1
MAF,FGD3,1
MAF,FOXK1,1
MAF,GALM,1
MAF,GRAMD4,1
MAF,LEF1,1
MAF,LTBP3,1
MAF,MAP3K12,1
MAF,MAP3K14,1
MAF,OSBPL3,1
MAF,PDE4D,1
MAF,PSTPIP1,1
MAF,RGS10,1
MAF,SFXN1,1
MAF,SH3BP5,1
MAF,SH3KBP1,1
MAF,SH3TC1,1
MAF,SMAD3,1
MAF,SPON2,1
MAF,STAB1,1
MAF,TBC1D14,1
MAF,TECR,1
MAF,TMSB4X,1
MAFB,DSE,1
MAFB,TBC1D14,1
MAFB,ADAMTS2,1
MAFB,AKAP13,1
MAFB,ANKRD17,1
MAFB,APBB2,1
MAFB,APPL2,1
MAFB,ARHGAP24,1
MAFB,CACNA1D,1
MAFB,CACNA2D3,1
MAFB,CLIP4,1
MAFB,CPEB4,1
MAFB,DAAM1,1
MAFB,DIP2C,1
MAFB,DOCK4,1
MAFB,DST,1
MAFB,DTNA,1
MAFB,ELMO1,1
MAFB,FLNB,1
MAFB,FMN1,1
MAFB,HDAC4,1
MAFB,JMJD1C,1
MAFB,KCNMB2,1
MAFB,KLF9,1
MAFB,MMP9,1
MAFB,MTSS1,1
MAFB,NAV2,1
MAFB,NBAS,1
MAFB,PCSK2,1
MAFB,PHLDB2,1
MAFB,PRDM1,1
MAFB,PREX1,1
MAFB,RTN1,1
MAFB,SEC14L1,1
MAFB,SLC39A11,1
MAFB,SMYD3,1
MAFB,SNX29,1
MAFB,SOX9,1
MAFB,SPAG9,1
MAFB,SRPK2,1
MAFB,ST18,1
MAFB,SYNE1,1
MAFB,TACC2,1
MAFB,TBXAS1,1
MAFB,TJP2,1
MAFB,TNS3,1
MAFB,TRIO,1
MAFB,WDFY3,1
MAFB,ZBTB20,1
MAFB,ZMIZ1,1
MAFB,ZNF407,1
MAFF,OXTR,1
MAFF,RAPGEF5,1
MAFF,ARHGEF3,1
MAFF,ARID5B,1
MAFF,BCAS3,1
MAFF,BHLHE40,1
MAFF,CCDC150,1
MAFF,CD55,1
MAFF,CDK14,1
MAFF,CHN2,1
MAFF,CPEB4,1
MAFF,CTNND2,1
MAFF,CYTH1,1
MAFF,DAAM1,1
MAFF,DLG2,1
MAFF,DST,1
MAFF,FLNB,1
MAFF,FMN1,1
MAFF,JMJD1C,1
MAFF,LRP1B,1
MAFF,PALLD,1
MAFF,PDE4B,1
MAFF,PDE4D,1
MAFF,PDLIM5,1
MAFF,PHLDB2,1
MAFF,PLXNA2,1
MAFF,PRKAG2,1
MAFF,PRKCH,1
MAFF,RABGAP1L,1
MAFF,RAPGEF1,1
MAFF,RGS3,1
MAFF,SEC14L1,1
MAFF,SLC8A1,1
MAFF,SMOX,1
MAFF,TBC1D14,1
MAFF,TEC,1
MAFF,TIAM2,1
MAFF,TJP2,1
MAFF,TLN2,1
MAFF,VGLL4,1
MAFF,WWP2,1
MAFG,NQO1,1
MAFG,EIF4G3,1
MAFG,ABCC1,1
MAFG,ABL1,1
MAFG,ABLIM3,1
MAFG,ARHGEF3,1
MAFG,CEP112,1
MAFG,CTIF,1
MAFG,DCHS2,1
MAFG,EGLN3,1
MAFG,FGF13,1
MAFG,FMN1,1
MAFG,HDAC4,1
MAFG,KAZN,1
MAFG,KSR1,1
MAFG,LYPLAL1,1
MAFG,MED15,1
MAFG,PDE4D,1
MAFG,PLXNA2,1
MAFG,RAPGEF1,1
MAFG,RERE,1
MAFG,RGS3,1
MAFG,SAMD4A,1
MAFG,SCIN,1
MAFG,SLC40A1,1
MAFG,SLC44A1,1
MAFG,SMAD3,1
MAFG,STAU2,1
MAFG,TBC1D14,1
MAFG,TCF4,1
MAFG,TEC,1
MAFG,TIAM2,1
MAFG,TJP2,1
MAFG,TSC22D2,1
MAFG,ZBTB20,1
MAFK,NQO1,1
MAFK,ABLIM3,1
MAFK,ARHGEF3,1
MAFK,BACH2,1
MAFK,CACNA1D,1
MAFK,CCDC150,1
MAFK,CDK14,1
MAFK,CEP112,1
MAFK,CHD2,1
MAFK,CLIP4,1
MAFK,CPNE4,1
MAFK,CREB5,1
MAFK,CTIF,1
MAFK,DAAM1,1
MAFK,DAB2IP,1
MAFK,DCLK2,1
MAFK,DLG2,1
MAFK,DPP10,1
MAFK,DST,1
MAFK,EGLN3,1
MAFK,EIF4G3,1
MAFK,ERGIC1,1
MAFK,FLNB,1
MAFK,FMN1,1
MAFK,FOXK1,1
MAFK,GNA12,1
MAFK,IGF1R,1
MAFK,LRP1B,1
MAFK,MYCBP2,1
MAFK,PDE4D,1
MAFK,PHLDB2,1
MAFK,PPP2R2B,1
MAFK,RABGAP1L,1
MAFK,RAPGEF1,1
MAFK,RGS3,1
MAFK,SAMD4A,1
MAFK,SCN8A,1
MAFK,SEC14L1,1
MAFK,SIK3,1
MAFK,SIPA1L2,1
MAFK,SLC8A1,1
MAFK,SMAD3,1
MAFK,SYNE1,1
MAFK,TBC1D14,1
MAFK,TIAM2,1
MAFK,TJP2,1
MAFK,TNS3,1
MAFK,ZBTB20,1
MAX,NPRL3,-1
MAX,SERF2,1
MAX,CCND1,1
MAX,CDK6,1
MAX,ABLIM2,1
MAX,ACOT7,1
MAX,AGAP3,1
MAX,AGPAT3,1
MAX,ANKRD13B,1
MAX,AP3D1,1
MAX,ARHGEF3,1
MAX,AUTS2,1
MAX,CAST,1
MAX,CCDC88C,1
MAX,CREB5,1
MAX,CTBP2,1
MAX,CUEDC1,1
MAX,CYTH1,1
MAX,DNM2,1
MAX,EVL,1
MAX,FHL2,1
MAX,GRAMD4,1
MAX,GSN,1
MAX,HMGN4,1
MAX,INSR,1
MAX,KDM4B,1
MAX,KIAA0232,1
MAX,KLC1,1
MAX,KSR1,1
MAX,LMNA,1
MAX,NFATC2,1
MAX,NRXN2,1
MAX,PCBP1,1
MAX,PFKFB3,1
MAX,PHC2,1
MAX,PLA2G6,1
MAX,PLEC,1
MAX,PPP2R2C,1
MAX,PRKCZ,1
MAX,RAP1GAP2,1
MAX,RGS3,1
MAX,RPS6KA2,1
MAX,SH3KBP1,1
MAX,SH3TC1,1
MAX,SMAD3,1
MAX,SMG6,1
MAX,STAT3,1
MAX,STXBP1,1
MAX,TBCD,1
MAX,TSPAN18,1
MAX,VGLL4,1
MAZ,MYC,1
MAZ,CTDSP1,1
MAZ,KCTD15,1
MAZ,MARK2,1
MAZ,PPP1R9B,1
MAZ,PRR12,1
MAZ,RNF220,1
MAZ,ACAP3,1
MAZ,ACTN1,1
MAZ,AGPAT3,1
MAZ,AGRN,1
MAZ,AHDC1,1
MAZ,AP3D1,1
MAZ,ARAP1,1
MAZ,ARID1A,1
MAZ,BCAR1,1
MAZ,CABIN1,1
MAZ,CACNA1A,1
MAZ,CCDC97,1
MAZ,CELF5,1
MAZ,CLIP2,1
MAZ,COL1A1,1
MAZ,CRTC1,1
MAZ,CSK,1
MAZ,DGKZ,1
MAZ,DVL1,1
MAZ,EPB41L1,1
MAZ,FBXL19,1
MAZ,FOXP1,1
MAZ,GIT1,1
MAZ,GPR137,1
MAZ,HNRNPF,1
MAZ,IRF2BP1,1
MAZ,KCTD2,1
MAZ,KDM2B,1
MAZ,KLF16,1
MAZ,LASP1,1
MAZ,MAPKAPK3,1
MAZ,MED16,1
MAZ,MFSD12,1
MAZ,MLLT1,1
MAZ,MNT,1
MAZ,MSI2,1
MAZ,MYLK,1
MAZ,NCOR2,1
MAZ,NFIA,1
MAZ,NOSIP,1
MAZ,PALM,1
MAZ,PDXK,1
MAZ,PLXNB2,1
MAZ,PPFIA3,1
MAZ,PRPF31,1
MAZ,SERPINH1,1
MAZ,SLC4A2,1
MAZ,SOX12,1
MAZ,SRCIN1,1
MAZ,SSBP4,1
MAZ,ST3GAL2,1
MAZ,STAT6,1
MAZ,STK10,1
MAZ,STK11,1
MAZ,STK32C,1
MAZ,SYNGAP1,1
MAZ,TACC3,1
MAZ,TCF3,1
MAZ,TRIM47,1
MAZ,UBTF,1
MAZ,ZBTB7A,1
MBD1,ANKRD11,-1
MBD1,BANP,-1
MBD1,CELSR3,-1
MBD1,DAZAP1,-1
MBD1,DIDO1,-1
MBD1,DPP9,-1
MBD1,E4F1,-1
MBD1,EXOC7,-1
MBD1,FOXK2,-1
MBD1,HOOK2,-1
MBD1,IFT140,-1
MBD1,ITGAE,-1
MBD1,KDM4B,-1
MBD1,MAFK,-1
MBD1,MC1R,-1
MBD1,NLRC5,-1
MBD1,PGS1,-1
MBD1,PNPLA6,-1
MBD1,PPP1R37,-1
MBD1,PRPF31,-1
MBD1,PSMG4,-1
MBD1,RBM14,-1
MBD1,RGS12,-1
MBD1,RSAD1,-1
MBD1,SECISBP2,-1
MBD1,SF3A2,-1
MBD1,SRCAP,-1
MBD1,SRSF7,-1
MBD1,TCF25,-1
MBD1,THADA,-1
MBD1,THOP1,-1
MBD1,TRIM41,-1
MBD1,TTLL4,-1
MBD1,USP4,-1
MBD1,WRNIP1,-1
MBD1,ZDHHC7,-1
MBD1,ZNF263,-1
MBD1,ZZEF1,-1
MBD2,ADRB1,1
MBD2,AGAP3,1
MBD2,AJAP1,1
MBD2,CBFA2T3,1
MBD2,CELSR1,1
MBD2,CHD4,1
MBD2,ELAVL3,1
MBD2,ESPN,1
MBD2,FLT4,1
MBD2,HUS1B,1
MBD2,IRX1,1
MBD2,KIAA1614,1
MBD2,OPLAH,1
MBD2,PAQR9,1
MBD2,PKP3,1
MBD2,PLEKHG5,1
MBD2,PPP1R3G,1
MBD2,PRKCZ,1
MBD2,RADIL,1
MBD2,SHISA6,1
MBD2,SLC16A3,1
MBD2,SNCB,1
MBD2,SPPL2B,1
MBD2,TBX1,1
MBD2,TUB,1
MBD2,TYK2,1
MEF2A,KLF2,1
MEF2A,GTDC1,1
MEF2A,MEF2D,1
MEF2A,SCHIP1,1
MEF2A,SYNE1,1
MEF2A,AFAP1,1
MEF2A,AKAP6,1
MEF2A,ARHGAP10,1
MEF2A,ARHGAP24,1
MEF2A,ARHGAP42,1
MEF2A,ARHGEF12,1
MEF2A,ARHGEF3,1
MEF2A,ASAP1,1
MEF2A,ATF3,1
MEF2A,BCAS3,1
MEF2A,CAB39,1
MEF2A,CDC42EP3,1
MEF2A,CDYL,1
MEF2A,CHD9,1
MEF2A,CRIM1,1
MEF2A,DAAM1,1
MEF2A,DMD,1
MEF2A,DST,1
MEF2A,EEA1,1
MEF2A,EFR3A,1
MEF2A,ERC1,1
MEF2A,ERCC1,1
MEF2A,FBXW11,1
MEF2A,FCHSD2,1
MEF2A,GOLIM4,1
MEF2A,HDAC9,1
MEF2A,HIVEP2,1
MEF2A,HMGB1,1
MEF2A,IPCEF1,1
MEF2A,ITGB1,1
MEF2A,ITPR1,1
MEF2A,JMJD1C,1
MEF2A,KDM4C,1
MEF2A,KIAA1217,1
MEF2A,KLF6,1
MEF2A,KLF9,1
MEF2A,LHFPL2,1
MEF2A,LMNA,1
MEF2A,LRCH1,1
MEF2A,LTBP1,1
MEF2A,MACF1,1
MEF2A,MB,1
MEF2A,MBNL1,1
MEF2A,MEF2C,1
MEF2A,METTL8,1
MEF2A,MSN,1
MEF2A,MYH9,1
MEF2A,MYLK,1
MEF2A,NCOA3,1
MEF2A,NCOA7,1
MEF2A,NEDD9,1
MEF2A,NEK6,1
MEF2A,NEK7,1
MEF2A,NFATC2,1
MEF2A,NIN,1
MEF2A,NUMB,1
MEF2A,PALLD,1
MEF2A,PAM,1
MEF2A,PEAK1,1
MEF2A,PHTF2,1
MEF2A,PICALM,1
MEF2A,PIK3AP1,1
MEF2A,PLB1,1
MEF2A,PLCL2,1
MEF2A,PRDM2,1
MEF2A,PRKCE,1
MEF2A,PTK2,1
MEF2A,RAB11FIP1,1
MEF2A,RABGAP1L,1
MEF2A,RBPJ,1
MEF2A,RGS3,1
MEF2A,RIN2,1
MEF2A,SAMD4A,1
MEF2A,SASH1,1
MEF2A,SIPA1L1,1
MEF2A,SLC12A8,1
MEF2A,ST6GAL1,1
MEF2A,STARD13,1
MEF2A,SVIL,1
MEF2A,TBL1XR1,1
MEF2A,TCF4,1
MEF2A,TJP2,1
MEF2A,TNRC6B,1
MEF2A,TRIO,1
MEF2A,UST,1
MEF2A,UTRN,1
MEF2A,UVRAG,1
MEF2A,WWTR1,1
MEF2A,XYLT1,1
MEF2A,ZEB1,1
MEF2A,ZNF385B,1
MEF2B,KLF2,1
MEF2B,ARHGEF7,1
MEF2B,CRMP1,1
MEF2B,DGKD,1
MEF2B,E2F5,1
MEF2B,EVI2B,1
MEF2B,GNAS,1
MEF2B,HDAC5,1
MEF2B,HDAC9,1
MEF2B,KCNH8,1
MEF2B,KLF6,1
MEF2B,LTBP1,1
MEF2B,MACF1,1
MEF2B,MEF2A,1
MEF2B,NELL2,1
MEF2B,NFX1,1
MEF2B,NR4A1,1
MEF2B,NUP210,1
MEF2B,PIK3AP1,1
MEF2B,RAPGEF5,1
MEF2B,RASGRP3,1
MEF2B,RP1,1
MEF2B,ST6GAL1,1
MEF2B,SYNE1,1
MEF2B,TADA3,1
MEF2B,TBL1XR1,1
MEF2B,TCF3,1
MEF2B,TNKS,1
MEF2B,TOX2,1
MEF2B,USP2,1
MEF2B,ZNF395,1
MEF2B,ZNF608,1
MEF2C,KLF2,1
MEF2C,CLIC5,1
MEF2C,HDAC9,1
MEF2C,PLCL2,1
MEF2C,TCF4,1
MEF2C,ANK3,1
MEF2C,ARHGAP10,1
MEF2C,ARHGAP24,1
MEF2C,ARHGAP25,1
MEF2C,ARHGEF3,1
MEF2C,ARHGEF7,1
MEF2C,ARID1A,1
MEF2C,ASB2,1
MEF2C,BCL2,1
MEF2C,CDK14,1
MEF2C,CDKL5,1
MEF2C,DNAJB2,1
MEF2C,DPYSL3,1
MEF2C,EBF1,1
MEF2C,ENTPD1,1
MEF2C,EPS15,1
MEF2C,ERC1,1
MEF2C,ETS1,1
MEF2C,FCHSD2,1
MEF2C,FLI1,1
MEF2C,FMNL3,1
MEF2C,FOXP1,1
MEF2C,GPR55,1
MEF2C,GTDC1,1
MEF2C,HBS1L,1
MEF2C,HDAC5,1
MEF2C,IL15,1
MEF2C,INPP4A,1
MEF2C,KCNN3,1
MEF2C,LCA5,1
MEF2C,LIMS1,1
MEF2C,LMNA,1
MEF2C,MACF1,1
MEF2C,MYH9,1
MEF2C,MYLK3,1
MEF2C,NCALD,1
MEF2C,NDUFV2,1
MEF2C,NEDD9,1
MEF2C,NEK6,1
MEF2C,NFATC1,1
MEF2C,NR3C1,1
MEF2C,NREP,1
MEF2C,NUCB2,1
MEF2C,OXR1,1
MEF2C,PDE4B,1
MEF2C,PIP4K2A,1
MEF2C,PRKCH,1
MEF2C,RASGRP3,1
MEF2C,REEP1,1
MEF2C,RFTN1,1
MEF2C,RGS3,1
MEF2C,RGS6,1
MEF2C,SIPA1L1,1
MEF2C,SP100,1
MEF2C,ST6GAL1,1
MEF2C,TBL1XR1,1
MEF2C,TMSB4X,1
MEF2C,TSPAN12,1
MEF2C,TTC39C,1
MEIS1,ARHGAP10,1
MEIS1,BBS9,1
MEIS1,BCAR3,1
MEIS1,CACHD1,1
MEIS1,CACNA1A,1
MEIS1,CCDC171,1
MEIS1,DAAM1,1
MEIS1,DOCK5,1
MEIS1,DPYSL3,1
MEIS1,DSE,1
MEIS1,DST,1
MEIS1,DTNB,1
MEIS1,DYRK1A,1
MEIS1,ETS1,1
MEIS1,FBN1,1
MEIS1,FOXP2,1
MEIS1,FRYL,1
MEIS1,GAS7,1
MEIS1,GHR,1
MEIS1,GLIS3,1
MEIS1,GNA12,1
MEIS1,HDAC9,1
MEIS1,HECW2,1
MEIS1,KIAA1217,1
MEIS1,KSR1,1
MEIS1,LSAMP,1
MEIS1,MID1,1
MEIS1,NFIA,1
MEIS1,NFIB,1
MEIS1,PALLD,1
MEIS1,PARD3,1
MEIS1,PDE11A,1
MEIS1,PHACTR3,1
MEIS1,PLCL2,1
MEIS1,PLD1,1
MEIS1,PPARG,1
MEIS1,RAPGEF5,1
MEIS1,RERE,1
MEIS1,RYR3,1
MEIS1,SLC8A1,1
MEIS1,SPTBN1,1
MEIS1,TCF4,1
MEIS1,TLE4,1
MEIS1,TNIK,1
MEIS1,UBE2E1,1
MEIS1,UBR3,1
MEIS1,USP6NL,1
MEIS1,VGLL4,1
MEIS1,XXYLT1,1
MEIS1,ZFPM2,1
MEIS2,MCC,1
MEIS2,NCALD,1
MEIS2,TGFBR3,1
MEIS2,ADD3,1
MEIS2,ANKRD11,1
MEIS2,ARHGAP24,1
MEIS2,ATAD2B,1
MEIS2,ATP2B4,1
MEIS2,CCNY,1
MEIS2,CNOT10,1
MEIS2,CORO1C,1
MEIS2,DMD,1
MEIS2,DNM2,1
MEIS2,DOCK9,1
MEIS2,DST,1
MEIS2,ETV1,1
MEIS2,FAM13A,1
MEIS2,FAM184A,1
MEIS2,FOXP1,1
MEIS2,FRYL,1
MEIS2,GFOD1,1
MEIS2,HDAC4,1
MEIS2,HK1,1
MEIS2,ITSN1,1
MEIS2,KCNH2,1
MEIS2,MAN1C1,1
MEIS2,MAPRE2,1
MEIS2,MATN2,1
MEIS2,MBD5,1
MEIS2,MCF2L2,1
MEIS2,MEF2C,1
MEIS2,MITF,1
MEIS2,NAV2,1
MEIS2,NCOA7,1
MEIS2,NFIA,1
MEIS2,NPAS3,1
MEIS2,NR2F2,1
MEIS2,PTK2,1
MEIS2,RABGAP1L,1
MEIS2,ROR2,1
MEIS2,SBF2,1
MEIS2,SDCCAG8,1
MEIS2,SORBS1,1
MEIS2,SPAG6,1
MEIS2,SPRED2,1
MEIS2,SPTBN1,1
MEIS2,SSBP2,1
MEIS2,SSBP3,1
MEIS2,SSH1,1
MEIS2,STXBP5,1
MEIS2,TIAM2,1
MEIS2,TNIK,1
MEIS2,WDR64,1
MEIS2,ZFPM2,1
MEIS2,ZNF521,1
MEIS2,ZNF608,1
MITF,APEX1,1
MITF,BCL2,1
MITF,BIRC7,1
MITF,CDK2,1
MITF,CDKN2A,-1
MITF,CLCN7,1
MITF,DIAPH1,1
MITF,GPR143,1
MITF,HERC2,1
MITF,HOXB4,1
MITF,ITPR1,1
MITF,MAPRE2,1
MITF,MET,1
MITF,MLANA,1
MITF,PMEL,1
MITF,PRKCB,1
MITF,RAB27A,1
MITF,SNAI2,1
MITF,STARD13,1
MITF,TBC1D1,1
MNT,GATAD2A,-1
MNT,PLEC,-1
MNT,SH3BP2,-1
MNT,ACIN1,-1
MNT,AGAP3,-1
MNT,ANKRD11,-1
MNT,AP3D1,-1
MNT,BCL9L,-1
MNT,BCR,-1
MNT,CABLES1,-1
MNT,CAST,-1
MNT,CMIP,-1
MNT,COBL,-1
MNT,CSNK1D,-1
MNT,ECE1,-1
MNT,ELL,-1
MNT,EPN2,-1
MNT,EVL,-1
MNT,FAM131A,-1
MNT,FOXK2,-1
MNT,GREB1,-1
MNT,GSN,-1
MNT,KDM4B,-1
MNT,KDM6B,-1
MNT,LRRFIP1,-1
MNT,MAFK,-1
MNT,MARK2,-1
MNT,MED15,-1
MNT,MGRN1,-1
MNT,MYH9,-1
MNT,NCOR2,-1
MNT,NET1,-1
MNT,NGLY1,-1
MNT,PDXK,-1
MNT,PDZRN3,-1
MNT,PFKFB3,-1
MNT,POR,-1
MNT,PPP2R2C,-1
MNT,PRKAG2,-1
MNT,PRRC2B,-1
MNT,RAB40C,-1
MNT,RAI1,-1
MNT,RAPGEF1,-1
MNT,RARA,-1
MNT,RFX2,-1
MNT,RGS3,-1
MNT,SKI,-1
MNT,SLC16A3,-1
MNT,SYMPK,-1
MNT,TLE3,-1
MNT,TMEM127,-1
MNT,TPRG1,-1
MNT,VGLL4,-1
MNT,ZNF395,-1
MXI1,CAST,-1
MXI1,CTBP2,-1
MXI1,DST,-1
MXI1,FAM13A,-1
MXI1,SSBP3,-1
MXI1,ACAP3,-1
MXI1,ACLY,-1
MXI1,AHNAK,-1
MXI1,AK2,-1
MXI1,AMPD2,-1
MXI1,AP3D1,-1
MXI1,ARAP1,-1
MXI1,ARHGEF3,-1
MXI1,ARID1B,-1
MXI1,ARID3A,-1
MXI1,ATAD2,-1
MXI1,AUTS2,-1
MXI1,BCAR1,-1
MXI1,CDK6,-1
MXI1,CDKN2C,-1
MXI1,CTIF,-1
MXI1,CUX1,-1
MXI1,CYTH1,-1
MXI1,EML2,-1
MXI1,EPB41,-1
MXI1,FAM214B,-1
MXI1,FGGY,-1
MXI1,FOXK1,-1
MXI1,FOXN3,-1
MXI1,FOXO3,-1
MXI1,GLRX5,-1
MXI1,GORASP2,-1
MXI1,HDAC5,-1
MXI1,HMGB1,-1
MXI1,HMOX2,-1
MXI1,IGF1R,-1
MXI1,ING1,-1
MXI1,KDM4B,-1
MXI1,KLF10,-1
MXI1,KLF16,-1
MXI1,KSR1,-1
MXI1,LMNA,-1
MXI1,MACF1,-1
MXI1,MAP1LC3B,-1
MXI1,MSI2,-1
MXI1,NFE2L1,-1
MXI1,NFE2L2,-1
MXI1,PCBP1,-1
MXI1,PDXK,-1
MXI1,PFKFB3,-1
MXI1,RBFOX2,-1
MXI1,RUSC1,-1
MXI1,RUVBL1,-1
MXI1,SGMS1,-1
MXI1,SMAD3,-1
MXI1,STK32C,-1
MXI1,TLE3,-1
MXI1,TLE4,-1
MXI1,TNS1,-1
MXI1,TRAPPC9,-1
MXI1,TSPAN4,-1
MXI1,TTYH3,-1
MXI1,UBE2D3,-1
MXI1,UCKL1,-1
MXI1,VAV2,-1
MXI1,VGLL4,-1
MXI1,WDR81,-1
MXI1,WEE1,-1
MXI1,YY1,-1
MXI1,ZNF395,-1
MYB,ANPEP,1
MYB,CD34,1
MYB,CEBPA,1
MYB,DHRS2,1
MYB,ERBB2,1
MYB,NMU,1
MYB,NR3C1,1
MYB,RAG2,1
MYB,SIM2,1
MYB,SP3,1
MYB,WAS,1
MYBL2,MYB,1
MYBL2,PSG1,1
MYBL2,ANXA2,1
MYBL2,ARID1A,1
MYBL2,BCAR3,1
MYBL2,CALD1,1
MYBL2,CDKN3,1
MYBL2,CENPF,1
MYBL2,CHD2,1
MYBL2,DEPDC1B,1
MYBL2,DST,1
MYBL2,FAM169A,1
MYBL2,FOXP1,1
MYBL2,INSIG2,1
MYBL2,LMNB1,1
MYBL2,MAP4K4,1
MYBL2,MAT2A,1
MYBL2,NAV2,1
MYBL2,SYNE1,1
MYBL2,SYNJ2,1
MYBL2,TNIK,1
MYBL2,TOP2A,1
MYBL2,YAP1,1
MYBL2,ZNF608,1
MYC,ACADM,1
MYC,ACE,1
MYC,ACO2,1
MYC,ACOX1,1
MYC,ACP5,1
MYC,ACTG1,1
MYC,ACYP2,1
MYC,ADCY9,1
MYC,AHSG,1
MYC,AIMP2,1
MYC,AKAP1,1
MYC,AKR1A1,1
MYC,ALDH9A1,-1
MYC,ALG5,1
MYC,AMD1,1
MYC,AMPD2,1
MYC,AMPD3,1
MYC,APC,1
MYC,APEX1,1
MYC,APP,1
MYC,AQR,1
MYC,ARF1,1
MYC,ARF4,1
MYC,ARFGAP2,1
MYC,ARSB,1
MYC,ASCL2,1
MYC,ATAD3B,1
MYC,ATF4,1
MYC,ATF7,1
MYC,ATP1A2,1
MYC,ATP6V1G2,1
MYC,BAX,1
MYC,BBC3,1
MYC,BCL2,1
MYC,BCL2L12,1
MYC,BCL3,1
MYC,BMP4,1
MYC,BRCA1,1
MYC,BRCA2,1
MYC,BSG,1
MYC,C9ORF43,1
MYC,CAD,1
MYC,CASP8,1
MYC,CASP8AP2,1
MYC,CASP9,1
MYC,CBS,1
MYC,CBX3,1
MYC,CBX5,1
MYC,CCKBR,1
MYC,CCNA2,1
MYC,CCNB1,1
MYC,CCT5,1
MYC,CD63,1
MYC,CD79B,1
MYC,CDC25A,1
MYC,CDKN2B,-1
MYC,CEACAM5,1
MYC,CHRNB1,1
MYC,CKS2,1
MYC,CLCN6,1
MYC,CLINT1,1
MYC,CLP1,1
MYC,CLUL1,1
MYC,CMAS,1
MYC,COL4A1,1
MYC,COX7A2L,1
MYC,CRAT,1
MYC,CRIPT,1
MYC,CSDE1,-1
MYC,CST5,1
MYC,CSTB,1
MYC,CTSF,1
MYC,CXCL2,1
MYC,CXXC1,1
MYC,DCK,1
MYC,DDX11,1
MYC,DDX18,1
MYC,DDX5,1
MYC,DFFA,1
MYC,DKC1,1
MYC,DPY30,1
MYC,DUSP1,-1
MYC,E2F1,1
MYC,EGR3,1
MYC,EIF3C,1
MYC,EIF4A1,1
MYC,EIF4B,1
MYC,EIF4E,1
MYC,EIF4EBP2,1
MYC,EIF5A2,1
MYC,ELK1,1
MYC,ENO1,1
MYC,ENTPD7,1
MYC,EPB42,1
MYC,EPHX1,1
MYC,ESD,1
MYC,ETS2,1
MYC,EXOSC8,1
MYC,FAH,1
MYC,FASN,1
MYC,FECH,1
MYC,FGF9,1
MYC,FGFR4,1
MYC,FOSL1,1
MYC,FPGS,1
MYC,FUT1,1
MYC,FXN,1
MYC,FXR1,1
MYC,GADD45A,-1
MYC,GALT,1
MYC,GAPDH,1
MYC,GAS8,1
MYC,GLA,1
MYC,GNL3,1
MYC,GOLPH3,1
MYC,GPR4,1
MYC,GSK3B,1
MYC,GSTP1,1
MYC,GTF2H2,-1
MYC,HBA2,1
MYC,HBP1,1
MYC,HDAC3,1
MYC,HERC5,1
MYC,HERPUD1,1
MYC,HES1,1
MYC,HIF1A,1
MYC,HINT1,1
MYC,HMBS,1
MYC,HMGN2,1
MYC,HMOX1,1
MYC,HOXD13,1
MYC,HOXD3,1
MYC,HSD11B2,1
MYC,HSPA4,1
MYC,HSPA8,1
MYC,HSPA9,1
MYC,HSPD1,1
MYC,HSPE1,1
MYC,ICAM1,1
MYC,ID2,1
MYC,ID3,1
MYC,IER3,1
MYC,IL11RA,1
MYC,IL2,1
MYC,IMPA2,1
MYC,INSM1,1
MYC,INSR,1
MYC,IRF2,1
MYC,IRF3,1
MYC,ISG20,1
MYC,ITGA6,1
MYC,ITGB1,1
MYC,JUN,1
MYC,KIAA1586,1
MYC,KLF1,1
MYC,KLK10,1
MYC,LAIR1,1
MYC,LAMB2,1
MYC,LAMP1,-1
MYC,LBR,1
MYC,LDHB,1
MYC,LMNA,1
MYC,LMX1B,1
MYC,LTA4H,1
MYC,LTB,1
MYC,MAN2A2,1
MYC,MBD1,1
MYC,MCM7,1
MYC,MDM2,1
MYC,MEIS1,1
MYC,MEIS2,1
MYC,MEN1,1
MYC,MET,1
MYC,METTL1,1
MYC,MFAP1,1
MYC,MGST1,1
MYC,MNT,1
MYC,MNX1,1
MYC,MSH2,1
MYC,MSN,-1
MYC,MTHFD1,1
MYC,MTHFR,1
MYC,MUC1,1
MYC,MYBL2,1
MYC,NAP1L1,1
MYC,NAT10,1
MYC,NCL,1
MYC,NEFM,1
MYC,NFIL3,1
MYC,NFKBIL1,1
MYC,NID1,1
MYC,NIT1,1
MYC,NME1,1
MYC,NME2,1
MYC,NOD1,1
MYC,NOP56,1
MYC,NOTCH4,1
MYC,NPM1,1
MYC,NR1D1,1
MYC,NRAS,1
MYC,NTHL1,1
MYC,NUP155,1
MYC,NXT1,1
MYC,OCA2,1
MYC,PAICS,1
MYC,PARP1,1
MYC,PCBD2,1
MYC,PCNA,1
MYC,PDHA1,1
MYC,PER1,1
MYC,PEX14,1
MYC,PEX3,1
MYC,PFDN6,1
MYC,PHB,1
MYC,PIGF,1
MYC,PIK3C3,1
MYC,PKP1,1
MYC,PLA2G4A,1
MYC,POLB,1
MYC,POLD2,1
MYC,POLE3,1
MYC,PPAT,1
MYC,PPID,1
MYC,PPIF,1
MYC,PPP1R7,1
MYC,PQBP1,1
MYC,PRDM8,1
MYC,PRKDC,1
MYC,PSEN2,1
MYC,PSMB1,1
MYC,PSMG1,1
MYC,PTEN,1
MYC,PTGER2,1
MYC,PTMA,1
MYC,QDPR,1
MYC,RAD51,1
MYC,RARA,1
MYC,RARB,-1
MYC,RBBP4,1
MYC,RBM39,1
MYC,RBM8A,1
MYC,RCC1,1
MYC,RFC2,1
MYC,RGS2,1
MYC,RHOG,1
MYC,RPL10,1
MYC,RPL13,1
MYC,RPL19,1
MYC,RPL22,1
MYC,RPL23,1
MYC,RPL26,1
MYC,RPL27,1
MYC,RPL27A,1
MYC,RPL3,1
MYC,RPL32,1
MYC,RPL6,1
MYC,RPS15,1
MYC,RPS15A,1
MYC,RPS16,1
MYC,RPS19,1
MYC,RPS20,1
MYC,RPS6,1
MYC,SCARB1,1
MYC,SEC23B,1
MYC,SFMBT1,1
MYC,SFXN3,1
MYC,SHMT1,1
MYC,SIM2,1
MYC,SIRT1,1
MYC,SLA,1
MYC,SLBP,1
MYC,SLC19A1,1
MYC,SLC25A28,1
MYC,SLC25A3,1
MYC,SLC28A2,1
MYC,SLC2A4,1
MYC,SLC4A2,1
MYC,SLC9A3R2,1
MYC,SLIT1,1
MYC,SMARCAD1,1
MYC,SMN1,1
MYC,SNRPB,1
MYC,SNRPB2,1
MYC,SNRPD3,1
MYC,SPAST,1
MYC,SQSTM1,1
MYC,SRD5A1,1
MYC,SRM,1
MYC,STAT6,1
MYC,STMN1,1
MYC,SURF6,1
MYC,SYNGR2,1
MYC,TCF12,1
MYC,TCIRG1,1
MYC,TGFB1,1
MYC,TGFB2,1
MYC,TGFB3,1
MYC,THBS1,-1
MYC,THBS4,1
MYC,THRAP3,1
MYC,TNFRSF8,1
MYC,TOMM20,1
MYC,TOP1,1
MYC,TPM2,1
MYC,TRAP1,1
MYC,TSC2,1
MYC,TUBG2,1
MYC,TXN,1
MYC,TYMS,1
MYC,UBA52,1
MYC,UCP1,1
MYC,UCP3,1
MYC,UROD,1
MYC,UXT,1
MYC,VAMP2,1
MYC,VHL,1
MYC,WDR36,1
MYC,WNT10B,1
MYC,WT1,1
MYC,ZFP36L1,-1
MYC,ZNF146,1
MYC,ZNF234,1
MYC,ZNF304,1
MYC,ZNF451,1
MYCN,MDM2,1
NANOG,L1TD1,1
NANOG,ATXN7L1,1
NANOG,BCAR3,1
NANOG,CACHD1,1
NANOG,CADPS,1
NANOG,CCND1,1
NANOG,CDH18,1
NANOG,CDKAL1,1
NANOG,CNTNAP2,1
NANOG,CPNE4,1
NANOG,DLG2,1
NANOG,EPB41L3,1
NANOG,FAT1,1
NANOG,GCNT2,1
NANOG,GPC6,1
NANOG,HDAC9,1
NANOG,IGF2BP3,1
NANOG,JMJD1C,1
NANOG,LDB2,1
NANOG,LIMCH1,1
NANOG,MAGI2,1
NANOG,MED12L,1
NANOG,MPPED2,1
NANOG,NBEA,1
NANOG,NRXN3,1
NANOG,PRR16,1
NANOG,RABGAP1L,1
NANOG,RNF38,1
NANOG,RUNX1T1,1
NANOG,SHROOM3,1
NANOG,SNRPN,1
NANOG,SORCS1,1
NANOG,SYNE2,1
NANOG,TACC2,1
NANOG,TCF4,1
NANOG,TIAM2,1
NANOG,VPS13A,1
NCOA1,APPBP2,1
NCOA1,ARFGEF2,1
NCOA1,ASAP1,1
NCOA1,BPTF,1
NCOA1,CHD6,1
NCOA1,ESYT2,1
NCOA1,HIPK1,1
NCOA1,LMBR1,1
NCOA1,MAN1A2,1
NCOA1,MAPKAP1,1
NCOA1,PPP1R12A,1
NCOA1,PTK2,1
NCOA1,STK3,1
NCOA1,TERF2,1
NCOA1,TMCC1,1
NCOA1,TRIM33,1
NCOA1,UBR5,1
NCOA1,VPS13B,1
NCOA1,VPS13D,1
NCOA1,ZMIZ1,1
NCOA2,ANK3,1
NCOA2,ARFGEF2,1
NCOA2,BPTF,1
NCOA2,CHD6,1
NCOA2,DAAM1,1
NCOA2,HIPK1,1
NCOA2,KIAA1217,1
NCOA2,MED13L,1
NCOA2,MSI2,1
NCOA2,NCOA3,1
NCOA2,OXR1,1
NCOA2,PTK2,1
NCOA2,RABGAP1L,1
NCOA2,SRPK2,1
NCOA2,TRIM33,1
NCOA2,UTRN,1
NCOA2,VPS13B,1
NCOA3,ANKRD28,1
NCOA3,ARFGEF2,1
NCOA3,ARHGAP10,1
NCOA3,ASAP1,1
NCOA3,BPTF,1
NCOA3,CDYL2,1
NCOA3,FAM214A,1
NCOA3,HELZ,1
NCOA3,HIPK1,1
NCOA3,LPP,1
NCOA3,MED13,1
NCOA3,MED13L,1
NCOA3,NEDD4,1
NCOA3,OXR1,1
NCOA3,PIP4K2A,1
NCOA3,SLC44A1,1
NCOA3,SYNE2,1
NCOA3,TLK2,1
NCOA3,UBR5,1
NCOA3,USP6NL,1
NCOA3,VPS13B,1
NCOA3,ZMYND8,1
NEUROD1,GRM4,1
NEUROD1,ACAP3,1
NEUROD1,ARHGEF1,1
NEUROD1,ARHGEF19,1
NEUROD1,ARHGEF2,1
NEUROD1,ASIC4,1
NEUROD1,CDH23,1
NEUROD1,CELF5,1
NEUROD1,CTSB,1
NEUROD1,CYTH1,1
NEUROD1,GABBR2,1
NEUROD1,LASP1,1
NEUROD1,LITAF,1
NEUROD1,MED15,1
NEUROD1,MEF2D,1
NEUROD1,MICAL2,1
NEUROD1,MRPL34,1
NEUROD1,NCOR2,1
NEUROD1,PEAR1,1
NEUROD1,PTTG1IP,1
NEUROD1,RGS10,1
NEUROD1,RTN4,1
NEUROD1,SH2D6,1
NEUROD1,SH3BP2,1
NEUROD1,SLC8A2,1
NEUROD1,TAL1,1
NEUROD1,TBX1,1
NEUROD1,TTC7A,1
NEUROD1,UCKL1,1
NEUROD1,VASP,1
NFATC1,EGR3,1
NFATC1,IFNG,1
NFATC1,IL2,1
NFATC1,CREB5,1
NFATC1,FYN,1
NFATC1,MEF2C,1
NFATC1,NEDD9,1
NFATC1,ACTB,1
NFATC1,CARS2,1
NFATC1,CFLAR,1
NFATC1,CHD2,1
NFATC1,CPNE1,1
NFATC1,DST,1
NFATC1,GPR183,1
NFATC1,HIVEP2,1
NFATC1,IKZF2,1
NFATC1,MACF1,1
NFATC1,NAALADL2,1
NFATC1,NCOR2,1
NFATC1,NFKB1,1
NFATC1,PHF19,1
NFATC1,PIAS1,1
NFATC1,PIP4K2A,1
NFATC1,PTK2B,1
NFATC1,RGS3,1
NFATC1,SMARCA2,1
NFATC1,SP100,1
NFATC1,STK38L,1
NFATC1,TCF4,1
NFATC1,TNFAIP3,1
NFATC1,UBR5,1
NFATC2,CD40LG,1
NFATC2,CDK4,1
NFATC2,EGR3,1
NFATC2,IFNG,1
NFATC2,IL2,1
NFATC2,IL4,1
NFATC2,TERT,1
NFE2,TBXA2R,1
NFE2,GCLC,1
NFE2,TBXAS1,1
NFE2,ADCK1,1
NFE2,ARID1A,1
NFE2,CAMK2G,1
NFE2,DAB2IP,1
NFE2,DENND3,1
NFE2,DST,1
NFE2,DYSF,1
NFE2,EFHB,1
NFE2,EGLN3,1
NFE2,ERGIC1,1
NFE2,FHAD1,1
NFE2,FOXK1,1
NFE2,GNA12,1
NFE2,INPP5D,1
NFE2,KCNMA1,1
NFE2,MAP2K3,1
NFE2,MAP4,1
NFE2,MICAL2,1
NFE2,PIK3AP1,1
NFE2,PISD,1
NFE2,PLB1,1
NFE2,PRDM10,1
NFE2,PRKCB,1
NFE2,PRR5,1
NFE2,PTK2,1
NFE2,PTPRE,1
NFE2,RERE,1
NFE2,RGS3,1
NFE2,RREB1,1
NFE2,SCARB1,1
NFE2,SEMA4D,1
NFE2,SH2D6,1
NFE2,SH3BP5,1
NFE2,SH3TC1,1
NFE2,SLC25A37,1
NFE2,SNX29,1
NFE2,STK10,1
NFE2,STK40,1
NFE2,TNS1,1
NFE2,UBC,1
NFE2,ZBTB20,1
NFE2L1,PARVA,1
NFE2L1,ADCY9,1
NFE2L1,AKR1C3,1
NFE2L1,ANO10,1
NFE2L1,ARHGAP6,1
NFE2L1,ARNTL,1
NFE2L1,BCAS3,1
NFE2L1,CALD1,1
NFE2L1,CPQ,1
NFE2L1,DENND1A,1
NFE2L1,DLGAP1,1
NFE2L1,EXOC6B,1
NFE2L1,FOXK1,1
NFE2L1,GNAL,1
NFE2L1,KIF13A,1
NFE2L1,PARN,1
NFE2L1,POPDC3,1
NFE2L1,RTN4,1
NFE2L1,SETD5,1
NFE2L1,SETMAR,1
NFE2L1,SORBS1,1
NFE2L1,SORT1,1
NFE2L1,SQSTM1,1
NFE2L1,TBC1D5,1
NFE2L1,TEAD1,1
NFE2L1,TMEM245,1
NFE2L1,TNS1,1
NFE2L1,TXNRD1,1
NFE2L1,UBE2H,1
NFE2L1,ZFAT,1
NFE2L2,SQSTM1,1
NFE2L2,TXN,1
NFE2L2,TXNRD1,1
NFE2L2,ABCC1,1
NFE2L2,NQO2,1
NFE2L2,TGIF1,1
NFIC,ALAS1,1
NFIC,COL18A1,1
NFIC,COL1A1,1
NFIC,FABP7,1
NFIC,GFAP,1
NFIC,GTF3C1,1
NFIC,GTF3C2,1
NFIC,HSD11B2,1
NFIC,JUN,1
NFIC,MYC,1
NFIC,POLD2,1
NFIC,POLE2,1
NFIC,PROC,1
NFIC,SLC2A4,1
NFIC,TFAP2A,1
NFIC,TFPI2,1
NFIC,TP53,1
NFIC,VWF,1
NFKB1,A2M,1
NFKB1,AGT,1
NFKB1,ALOX5AP,1
NFKB1,ATF3,1
NFKB1,BRCA1,1
NFKB1,BST1,1
NFKB1,CCL4,1
NFKB1,CD69,1
NFKB1,CD74,1
NFKB1,COL1A1,-1
NFKB1,CR2,1
NFKB1,CRMP1,1
NFKB1,CSNK2A1,1
NFKB1,CXCL2,1
NFKB1,CXCL3,1
NFKB1,CXCL5,1
NFKB1,CYP27B1,1
NFKB1,DEFB4A,1
NFKB1,EDN1,1
NFKB1,ELF3,1
NFKB1,F3,1
NFKB1,F8,1
NFKB1,FBP1,1
NFKB1,FCGRT,1
NFKB1,GADD45A,1
NFKB1,GADD45G,1
NFKB1,GDNF,1
NFKB1,HIF1A,1
NFKB1,HLA-F,1
NFKB1,HMOX1,1
NFKB1,IER3,1
NFKB1,IL2RA,1
NFKB1,IL4,1
NFKB1,MADCAM1,1
NFKB1,MICA,1
NFKB1,MMP3,1
NFKB1,MYB,1
NFKB1,NQO1,1
NFKB1,PDE7A,1
NFKB1,PDGFB,1
NFKB1,PIGR,1
NFKB1,PTPN13,1
NFKB1,RRM2B,1
NFKB1,SAA2,1
NFKB1,SOCS3,1
NFKB1,TFPI2,1
NFKB1,TNC,1
NFKB1,TNFRSF10A,1
NFKB1,TP53,1
NFKB1,VEGFC,1
NFKB1,VIM,1
NFKB1,VWF,1
NFKB1,WT1,1
NFKB2,BCL2,-1
NFKB2,BCL2L1,-1
NFKB2,BCL3,-1
NFKB2,CD44,-1
NFKB2,CD58,-1
NFKB2,IL2RA,-1
NFKB2,IL6,-1
NFKB2,RARA,-1
NFKB2,TNFAIP3,-1
NFKB2,TNIP1,-1
NFKB2,TRAF1,-1
NFYA,ABCB1,1
NFYA,ACTB,1
NFYA,DDIT3,1
NFYA,FDPS,1
NFYA,AP3M2,1
NFYA,CD74,1
NFYA,PNRC2,1
NFYA,ZNF608,1
NFYB,ACTB,1
NFYB,CCNB1,1
NFYB,CD74,1
NFYB,CREBRF,1
NFYB,CRYZL1,1
NFYB,PCNA,1
NFYB,AMN1,1
NFYB,AP2A1,1
NFYB,ATRIP,1
NFYB,BAZ1B,1
NFYB,BFSP1,1
NFYB,BRSK2,1
NFYB,CCNB2,1
NFYB,CDK1,1
NFYB,CKS2,1
NFYB,COQ10B,1
NFYB,DLG3,1
NFYB,DNAJB1,1
NFYB,DPF1,1
NFYB,EIF2AK3,1
NFYB,ELMO1,1
NFYB,EPB41,1
NFYB,FADS1,1
NFYB,FAM117A,1
NFYB,FCHO1,1
NFYB,FDFT1,1
NFYB,FZD2,1
NFYB,GCNT2,1
NFYB,GNA12,1
NFYB,IER5,1
NFYB,KCNAB2,1
NFYB,KCNB1,1
NFYB,KLHL25,1
NFYB,LBR,1
NFYB,LIPA,1
NFYB,LYPLA1,1
NFYB,MAT2B,1
NFYB,MBNL1,1
NFYB,MKNK2,1
NFYB,MKRN1,1
NFYB,MLEC,1
NFYB,MPHOSPH9,1
NFYB,NCEH1,1
NFYB,NEK7,1
NFYB,NUCB2,1
NFYB,OSBPL9,1
NFYB,PAK4,1
NFYB,PASK,1
NFYB,PDIA4,1
NFYB,PEX16,1
NFYB,PRDM11,1
NFYB,RGS3,1
NFYB,RHOF,1
NFYB,RHOQ,1
NFYB,SEC22C,1
NFYB,SLC27A1,1
NFYB,SOD2,1
NFYB,SRRM1,1
NFYB,SSBP3,1
NFYB,TMEM14C,1
NFYB,TMEM245,1
NFYB,TXNIP,1
NFYB,TXNRD1,1
NFYB,UBP1,1
NFYB,UHRF1,1
NFYB,UVRAG,1
NFYB,VCP,1
NFYB,VIPR1,1
NFYB,ZNF608,1
NR1H2,BHLHE40,1
NR1H2,SREBF1,1
NR1H2,FASN,1
NR1H2,PPARG,1
NR1H2,CDC42EP4,1
NR1H2,DNAJB12,1
NR1H2,EIF1,1
NR1H2,MNT,1
NR1H2,NCOR2,1
NR1H2,SQSTM1,1
NR1H2,TBC1D1,1
NR1H3,APOE,1
NR1H3,SREBF1,1
NR1H3,FASN,1
NR1H3,ABCD1,1
NR1H3,AKR1C4,1
NR1H3,KIAA1217,1
NR1H3,PPARG,1
NR1H3,RNF145,1
NR1H3,TMEM135,1
NR2C2,ASXL1,1
NR2C2,GCC2,1
NR2C2,NR2C1,1
NR2C2,SNRNP200,1
NR2C2,TAF2,1
NR2C2,ACBD3,1
NR2C2,AGPS,1
NR2C2,ANKIB1,1
NR2C2,ANXA11,1
NR2C2,ASB8,1
NR2C2,ATP11A,1
NR2C2,BAZ1B,1
NR2C2,BRD9,1
NR2C2,CCDC146,1
NR2C2,CCDC51,1
NR2C2,CCDC71,1
NR2C2,CHMP4B,1
NR2C2,CWC15,1
NR2C2,DDX42,1
NR2C2,DICER1,1
NR2C2,DUS1L,1
NR2C2,EBAG9,1
NR2C2,EHMT1,1
NR2C2,EIF3M,1
NR2C2,FAM193B,1
NR2C2,GOLGB1,1
NR2C2,GPATCH8,1
NR2C2,IMPACT,1
NR2C2,KDM4D,1
NR2C2,KDM5A,1
NR2C2,KRIT1,1
NR2C2,LSM7,1
NR2C2,MAP3K11,1
NR2C2,MAPKAP1,1
NR2C2,MRPL20,1
NR2C2,MRPL33,1
NR2C2,MRPS28,1
NR2C2,NAA50,1
NR2C2,NDUFB7,1
NR2C2,NDUFS6,1
NR2C2,NFE2L2,1
NR2C2,NFXL1,1
NR2C2,NOL7,1
NR2C2,NUP107,1
NR2C2,NUP37,1
NR2C2,PAK4,1
NR2C2,PARPBP,1
NR2C2,PCBP1,1
NR2C2,PHF12,1
NR2C2,PPIH,1
NR2C2,PRPF40A,1
NR2C2,PTAR1,1
NR2C2,RAB11FIP2,1
NR2C2,RPRD1B,1
NR2C2,RPS21,1
NR2C2,RPS3A,1
NR2C2,RPS6KC1,1
NR2C2,SAP18,1
NR2C2,SCNM1,1
NR2C2,SMARCD2,1
NR2C2,SNRPF,1
NR2C2,SPPL2B,1
NR2C2,SRCAP,1
NR2C2,TBC1D22A,1
NR2C2,TMCO1,1
NR2C2,TNRC6A,1
NR2C2,TOMM40,1
NR2C2,TRIP13,1
NR2C2,TTC31,1
NR2C2,TTI1,1
NR2C2,TXNL1,1
NR2C2,USP37,1
NR2C2,VPS13D,1
NR2C2,WTAP,1
NR2C2,ZNF3,1
NR2C2,ZNF513,1
NR2F1,AGT,-1
NR2F1,APOA2,-1
NR2F1,CYP19A1,-1
NR2F1,EPO,-1
NR2F1,ABCA2,1
NR2F1,ADAP1,1
NR2F1,AGPAT3,1
NR2F1,AHDC1,1
NR2F1,ARHGEF1,1
NR2F1,ARHGEF2,1
NR2F1,ARHGEF4,1
NR2F1,ATP11A,1
NR2F1,ATP2B3,1
NR2F1,BEGAIN,1
NR2F1,BRSK2,1
NR2F1,COL27A1,1
NR2F1,COL5A1,1
NR2F1,CPNE7,1
NR2F1,CRB2,1
NR2F1,CTBP2,1
NR2F1,CTIF,1
NR2F1,EHMT1,1
NR2F1,FBLN1,1
NR2F1,FGD5,1
NR2F1,FLT4,1
NR2F1,FSCN1,1
NR2F1,GDPD5,1
NR2F1,GPSM1,1
NR2F1,GRAMD4,1
NR2F1,HDAC7,1
NR2F1,IQSEC1,1
NR2F1,KAZN,1
NR2F1,KCNAB2,1
NR2F1,KIF21B,1
NR2F1,LINGO1,1
NR2F1,LRP1,1
NR2F1,MAD1L1,1
NR2F1,MYO18A,1
NR2F1,NEK6,1
NR2F1,NRXN2,1
NR2F1,OSBPL5,1
NR2F1,PAK4,1
NR2F1,PALM,1
NR2F1,PDXK,1
NR2F1,PEPD,1
NR2F1,PHACTR3,1
NR2F1,PLXNA2,1
NR2F1,PLXND1,1
NR2F1,PRKAR1B,1
NR2F1,RHBDF2,1
NR2F1,ROR2,1
NR2F1,SDK2,1
NR2F1,SULF2,1
NR2F1,SULT2B1,1
NR2F1,SYNJ2,1
NR2F1,TACC2,1
NR2F1,TNK2,1
NR2F1,TOP1MT,1
NR2F1,TPCN1,1
NR2F1,UBAC1,1
NR2F1,UNKL,1
NR2F1,ZFYVE28,1
NR2F1,ZNF469,1
NR2F2,ACTA1,1
NR2F2,APOA1,-1
NR2F2,APOA2,-1
NR2F2,APOB,1
NR2F2,BGLAP,1
NR2F2,CETP,1
NR2F2,HNF4A,-1
NR2F2,MYH6,1
NR2F2,MYOG,1
NR2F2,OXT,1
NR2F2,PENK,1
NR2F2,PPARA,1
NR2F2,TF,1
NR2F6,AGPAT3,-1
NR2F6,APOB,-1
NR2F6,RAB11FIP4,-1
NR2F6,AFF1,-1
NR2F6,ARHGEF16,-1
NR2F6,ARID5B,-1
NR2F6,ASPSCR1,-1
NR2F6,ATP2B2,-1
NR2F6,CCDC12,-1
NR2F6,GPT2,-1
NR2F6,GRAMD4,-1
NR2F6,HIVEP2,-1
NR2F6,IMPA2,-1
NR2F6,KSR1,-1
NR2F6,LSM4,-1
NR2F6,MVK,-1
NR2F6,MYO18A,-1
NR2F6,OSBPL10,-1
NR2F6,PHACTR2,-1
NR2F6,PLCB1,-1
NR2F6,PLCD3,-1
NR2F6,PTPRF,-1
NR2F6,RAB31,-1
NR2F6,RBPJ,-1
NR2F6,RXRA,-1
NR2F6,SFXN5,-1
NR2F6,SLC1A7,-1
NR2F6,SPAG9,-1
NR2F6,TRNP1,-1
NR2F6,TTC7A,-1
NR2F6,VPS54,-1
NR3C1,NR1I3,1
NR3C1,RLN1,1
NR3C1,RLN2,1
NR3C1,SCNN1A,1
NR4A1,STAR,1
NR4A1,ADD3,1
NR4A1,AKAP13,1
NR4A1,ALAS1,1
NR4A1,AMPD3,1
NR4A1,ANXA11,1
NR4A1,BCOR,1
NR4A1,BHLHE40,1
NR4A1,CACNA1C,1
NR4A1,CCDC6,1
NR4A1,CDKAL1,1
NR4A1,CHD9,1
NR4A1,CREB3L2,1
NR4A1,CTIF,1
NR4A1,CUEDC1,1
NR4A1,DUSP5,1
NR4A1,FHAD1,1
NR4A1,FHIT,1
NR4A1,FOXP1,1
NR4A1,GAS7,1
NR4A1,LMBR1,1
NR4A1,LPAR1,1
NR4A1,LPP,1
NR4A1,PARVB,1
NR4A1,RERE,1
NR4A1,RNF220,1
NR4A1,SERPINE1,1
NR4A1,SH3KBP1,1
NR4A1,SIK3,1
NR4A1,SMAD7,1
NR4A1,SMAP2,1
NR4A1,STK40,1
NR4A1,TBC1D14,1
NR4A1,TG,1
NR4A1,ZBTB20,1
NR4A1,ZHX3,1
NR4A1,ZMYND8,1
NR5A2,ABCG2,1
NR5A2,BAHCC1,1
NR5A2,BMPER,1
NR5A2,C1QTNF6,1
NR5A2,CD276,1
NR5A2,CYP11A1,1
NR5A2,CYP7A1,1
NR5A2,DNM2,1
NR5A2,F11R,1
NR5A2,FAM160A1,1
NR5A2,FGD5,1
NR5A2,KCNB1,1
NR5A2,KRT18,1
NR5A2,MAP3K14,1
NR5A2,MYO10,1
NR5A2,MYO1B,1
NR5A2,MYO5C,1
NR5A2,PKP4,1
NR5A2,PLEKHF1,1
NR5A2,PPM1D,1
NR5A2,PRKCH,1
NR5A2,RARA,1
NR5A2,RPGR,1
NR5A2,SCNN1B,1
NR5A2,SYTL2,1
NR5A2,TBC1D30,1
NR5A2,TXNRD1,1
NR5A2,VDR,1
NR5A2,XPNPEP1,1
NR5A2,ZMYND8,1
NRF1,CRTC1,1
NRF1,KDM2A,1
NRF1,OTUD5,1
NRF1,ACIN1,1
NRF1,ARMC6,1
NRF1,ARRDC3,1
NRF1,B9D1,1
NRF1,BRF1,1
NRF1,CBX5,1
NRF1,CIC,1
NRF1,CLASP1,1
NRF1,DEDD2,1
NRF1,DGKQ,1
NRF1,DIDO1,1
NRF1,EHMT1,1
NRF1,EIF4ENIF1,1
NRF1,FADS1,1
NRF1,FADS2,1
NRF1,FBXL15,1
NRF1,GRK5,1
NRF1,GTF2I,1
NRF1,HIRA,1
NRF1,ING1,1
NRF1,ITGAE,1
NRF1,KCTD2,1
NRF1,KIAA2026,1
NRF1,LIG4,1
NRF1,LUC7L2,1
NRF1,MAFG,1
NRF1,MEPCE,1
NRF1,MIB1,1
NRF1,MIB2,1
NRF1,MRPL34,1
NRF1,MRPL36,1
NRF1,MYL5,1
NRF1,NADK,1
NRF1,NARF,1
NRF1,PACS2,1
NRF1,PAICS,1
NRF1,PCIF1,1
NRF1,PER1,1
NRF1,PKIB,1
NRF1,PKMYT1,1
NRF1,POLR2B,1
NRF1,PPAT,1
NRF1,PSD,1
NRF1,PTTG1IP,1
NRF1,SERP1,1
NRF1,SF1,1
NRF1,SIN3A,1
NRF1,SIX5,1
NRF1,SOS1,1
NRF1,SSH2,1
NRF1,SUGP2,1
NRF1,TBCB,1
NRF1,TEF,1
NRF1,TMEM104,1
NRF1,TOB2,1
NRF1,TRAPPC3,1
NRF1,U2AF2,1
NRF1,UIMC1,1
NRF1,WDR12,1
NRF1,ZBTB17,1
NRF1,ZBTB4,1
NRF1,ZCWPW1,1
NRF1,ZNF263,1
ONECUT1,MITF,1
ONECUT1,ACSS3,1
ONECUT1,AK4,1
ONECUT1,AKAP7,1
ONECUT1,ALDH1A1,1
ONECUT1,ANK3,1
ONECUT1,ARAP2,1
ONECUT1,ARID5B,1
ONECUT1,ARPP21,1
ONECUT1,BBX,1
ONECUT1,BNC2,1
ONECUT1,CACNA2D1,1
ONECUT1,CADM1,1
ONECUT1,CHST9,1
ONECUT1,CSMD3,1
ONECUT1,DCDC1,1
ONECUT1,DIAPH3,1
ONECUT1,DNAH14,1
ONECUT1,DYRK1A,1
ONECUT1,EIF3E,1
ONECUT1,EIF4G3,1
ONECUT1,ESR1,1
ONECUT1,EXOC4,1
ONECUT1,EYS,1
ONECUT1,GRIP1,1
ONECUT1,HMCN1,1
ONECUT1,HNF4G,1
ONECUT1,IKZF2,1
ONECUT1,IQGAP2,1
ONECUT1,ITSN1,1
ONECUT1,KIAA1109,1
ONECUT1,KIAA1217,1
ONECUT1,MACF1,1
ONECUT1,MYLK,1
ONECUT1,NRXN1,1
ONECUT1,OLFM3,1
ONECUT1,PDE4B,1
ONECUT1,PLEKHA5,1
ONECUT1,RAPGEF4,1
ONECUT1,RAPGEF5,1
ONECUT1,RAPGEF6,1
ONECUT1,ROBO1,1
ONECUT1,SOX2,1
ONECUT1,SOX5,1
ONECUT1,SYNE2,1
ONECUT1,TMCO5A,1
ONECUT1,UBR3,1
ONECUT1,UNC13C,1
ONECUT1,UNC5D,1
ONECUT1,WWC2,1
OTX2,ADAMTS18,1
OTX2,ARHGAP15,1
OTX2,CREB5,1
OTX2,DCLK1,1
OTX2,DDX60L,1
OTX2,DENND1A,1
OTX2,DIAPH3,1
OTX2,ENPP2,1
OTX2,EXPH5,1
OTX2,FRYL,1
OTX2,ITGA1,1
OTX2,MACF1,1
OTX2,MBNL2,1
OTX2,MEF2C,1
OTX2,MYO1E,1
OTX2,NBEA,1
OTX2,PDE1A,1
OTX2,SYNE1,1
OTX2,TBC1D5,1
OTX2,TMCO5A,1
OTX2,TRPC4,1
OTX2,TULP4,1
OTX2,XIRP2,1
PAX5,FCER2,1
PAX5,PRKCE,1
PAX5,ABR,1
PAX5,AKNA,1
PAX5,APBB2,1
PAX5,BCL11A,1
PAX5,CD22,1
PAX5,CD70,1
PAX5,CIRBP,1
PAX5,CORO1A,1
PAX5,DUSP10,1
PAX5,FCHO1,1
PAX5,GRAMD4,1
PAX5,IRF4,1
PAX5,IRF8,1
PAX5,KLF13,1
PAX5,KLHDC4,1
PAX5,LONP1,1
PAX5,MACF1,1
PAX5,MAD1L1,1
PAX5,MED15,1
PAX5,MGAT1,1
PAX5,MICAL3,1
PAX5,MX2,1
PAX5,NCOR2,1
PAX5,NR4A1,1
PAX5,PER1,1
PAX5,PIK3R5,1
PAX5,POU2AF1,1
PAX5,RAC2,1
PAX5,RAD51B,1
PAX5,RGS12,1
PAX5,RHOH,1
PAX5,RUNX3,1
PAX5,RYR1,1
PAX5,SMAD3,1
PAX5,SMAD7,1
PAX5,SMARCA4,1
PAX5,SNX8,1
PAX5,SP140,1
PAX5,TBC1D14,1
PAX5,TCF7,1
PAX5,ZC3H12D,1
PAX5,ZMIZ1,1
PAX6,CTNND2,1
PAX6,GCK,1
PAX6,ITGA5,1
PAX6,ITGB1,1
PAX6,MMP2,1
PAX6,NANOG,1
PAX6,NECAB2,1
PAX6,OLFM3,1
PAX6,POU5F1,1
PAX8,BCL2,1
PAX8,GATA3,1
PAX8,TERT,1
PAX8,TPO,1
PBX2,UGT2B17,1
PBX2,PHF21A,1
PBX2,ANKRD11,1
PBX2,ARHGAP6,1
PBX2,ARHGEF1,1
PBX2,ARHGEF2,1
PBX2,BCOR,1
PBX2,CDYL,1
PBX2,CREBBP,1
PBX2,DLG1,1
PBX2,DNM2,1
PBX2,DYRK1A,1
PBX2,DYSF,1
PBX2,FOXP1,1
PBX2,FYN,1
PBX2,GALNT2,1
PBX2,GARNL3,1
PBX2,GTDC1,1
PBX2,HIP1,1
PBX2,HOXB3,1
PBX2,JARID2,1
PBX2,KDM2B,1
PBX2,KIAA0513,1
PBX2,KSR1,1
PBX2,MAPKAP1,1
PBX2,MBNL2,1
PBX2,MEIS1,1
PBX2,MITF,1
PBX2,MSI2,1
PBX2,NAV2,1
PBX2,NBAS,1
PBX2,NFASC,1
PBX2,PACSIN2,1
PBX2,PIK3C2B,1
PBX2,PIK3R1,1
PBX2,PLCG2,1
PBX2,PRKCB,1
PBX2,RARA,1
PBX2,SLC25A25,1
PBX2,SOX6,1
PBX2,TACC1,1
PBX2,TIAM2,1
PBX2,TLE3,1
PBX2,ZFPM2,1
PBX3,MEIS2,1
PBX3,PBX1,1
PBX3,AKAP6,1
PBX3,APBB2,1
PBX3,ATXN1,1
PBX3,BBX,1
PBX3,CACNA2D1,1
PBX3,CCDC97,1
PBX3,CD226,1
PBX3,CHN1,1
PBX3,COL21A1,1
PBX3,CSNK1D,1
PBX3,DAAM1,1
PBX3,DMD,1
PBX3,ERGIC1,1
PBX3,FAM110B,1
PBX3,FLNA,1
PBX3,FNDC3B,1
PBX3,FRMD4B,1
PBX3,FTO,1
PBX3,FYN,1
PBX3,GALNT2,1
PBX3,HMCN1,1
PBX3,IGF1R,1
PBX3,INPP5A,1
PBX3,JARID2,1
PBX3,KCNMA1,1
PBX3,MACF1,1
PBX3,MACROD2,1
PBX3,MAP4,1
PBX3,MYLK,1
PBX3,NBEA,1
PBX3,PACSIN2,1
PBX3,PARD3,1
PBX3,PDE4D,1
PBX3,PLCB1,1
PBX3,PRICKLE2,1
PBX3,RARB,1
PBX3,RNF150,1
PBX3,RPS6KA2,1
PBX3,RUNX1T1,1
PBX3,SEC14L1,1
PBX3,SLIT2,1
PBX3,SPATS2L,1
PBX3,ST7,1
PBX3,TIAM2,1
PBX3,TLE4,1
PBX3,TNS1,1
PBX3,WWC1,1
PBX3,ZNF385B,1
PBX3,ZNF407,1
PDX1,ADA,1
PDX1,ARHGAP42,1
PDX1,ARHGEF3,1
PDX1,BACH2,1
PDX1,BCR,1
PDX1,CHN2,1
PDX1,CMIP,1
PDX1,DAAM1,1
PDX1,DCDC1,1
PDX1,DMD,1
PDX1,DST,1
PDX1,DYM,1
PDX1,DYNC1I1,1
PDX1,DYRK1A,1
PDX1,FAM107B,1
PDX1,FRYL,1
PDX1,FTO,1
PDX1,GABRB3,1
PDX1,GLIS3,1
PDX1,GTDC1,1
PDX1,HNF4A,1
PDX1,ITPR2,1
PDX1,LHFPL2,1
PDX1,LMO1,1
PDX1,MACROD2,1
PDX1,MBNL2,1
PDX1,MTUS2,1
PDX1,MYT1L,1
PDX1,NAV2,1
PDX1,NBAS,1
PDX1,NEDD4L,1
PDX1,PLD1,1
PDX1,PRKCH,1
PDX1,RALGAPA2,1
PDX1,RBFOX3,1
PDX1,RTN1,1
PDX1,RUNX1,1
PDX1,SLC8A1,1
PDX1,SORBS1,1
PDX1,SYNE1,1
PDX1,SYNE2,1
PDX1,TCF4,1
PDX1,USP6NL,1
PDX1,XXYLT1,1
PDX1,ZNF385D,1
PGR,CCND1,1
PGR,MYC,1
PGR,RLN1,1
PGR,RLN2,1
PGR,VEGFA,1
PKNOX1,AP4S1,1
PKNOX1,ARHGAP6,1
PKNOX1,ASTN2,1
PKNOX1,DNM2,1
PKNOX1,FAM13A,1
PKNOX1,FGD6,1
PKNOX1,GALNT2,1
PKNOX1,GATAD2A,1
PKNOX1,HDAC4,1
PKNOX1,HIP1,1
PKNOX1,JARID2,1
PKNOX1,KIAA0513,1
PKNOX1,LIMS1,1
PKNOX1,MCC,1
PKNOX1,MCF2L2,1
PKNOX1,MEIS1,1
PKNOX1,MICAL3,1
PKNOX1,PRKCB,1
PKNOX1,RNF220,1
PKNOX1,RPS6KC1,1
PKNOX1,SIL1,1
PKNOX1,SLC25A25,1
PKNOX1,SPRED2,1
PKNOX1,SPTB,1
PKNOX1,TBPL1,1
PKNOX1,TCF4,1
PKNOX1,TECR,1
PKNOX1,THADA,1
PKNOX1,TNS1,1
PKNOX1,TUSC3,1
PKNOX1,WNT3,1
PKNOX1,WSCD2,1
POU2F1,BDKRB1,1
POU2F1,CDX2,1
POU2F1,CXCR5,1
POU2F1,GCM1,1
POU2F1,GNRH1,1
POU2F1,HLA-DRA,1
POU2F1,HPGDS,1
POU2F1,MS4A2,1
POU2F1,MYC,1
POU2F1,PLAU,1
POU2F1,POU2AF1,1
POU2F1,RPTOR,1
POU2F1,RRM2B,1
POU2F1,SNAPC1,1
POU2F1,SPP1,1
POU2F1,ST6GAL1,1
POU2F1,TFAP2A,1
POU2F1,TSC22D3,1
POU2F1,TXNRD1,1
POU2F2,HLA-DOB,1
POU2F2,HLA-DRA,1
POU2F2,SPP1,1
POU2F2,LRRK1,1
POU2F2,LYN,1
POU2F2,POU2AF1,1
POU2F2,STK10,1
POU4F2,ARHGAP15,1
POU4F2,BBX,1
POU4F2,CHN2,1
POU4F2,CNTN5,1
POU4F2,CTNND2,1
POU4F2,CUBN,1
POU4F2,DOCK10,1
POU4F2,DST,1
POU4F2,FAM13A,1
POU4F2,FOXP2,1
POU4F2,INPP4B,1
POU4F2,ITSN1,1
POU4F2,KCNIP4,1
POU4F2,MYT1L,1
POU4F2,NCOA1,1
POU4F2,NEB,1
POU4F2,NLGN1,1
POU4F2,PDE4B,1
POU4F2,RABGAP1L,1
POU4F2,ROBO1,1
POU4F2,SORBS2,1
POU4F2,STARD13,1
POU4F2,SYNE1,1
POU4F2,ZBTB20,1
POU4F2,ZMIZ1,1
POU4F2,ZNF385B,1
POU5F1,ANGPT1,1
POU5F1,ANK1,1
POU5F1,ANK2,1
POU5F1,ANK3,1
POU5F1,ANKS1B,1
POU5F1,BCAR3,1
POU5F1,BCR,1
POU5F1,CACNA1C,1
POU5F1,CADPS,1
POU5F1,CLASP2,1
POU5F1,CNTNAP2,1
POU5F1,COBL,1
POU5F1,CPNE4,1
POU5F1,DNMBP,1
POU5F1,DPYSL2,1
POU5F1,EBF1,1
POU5F1,EPB41L2,1
POU5F1,EPHA4,1
POU5F1,FAT1,1
POU5F1,GALNT10,1
POU5F1,GAS7,1
POU5F1,GCNT2,1
POU5F1,GPC6,1
POU5F1,GRIP1,1
POU5F1,IGF2BP3,1
POU5F1,INPP5D,1
POU5F1,JMJD1C,1
POU5F1,KIAA1217,1
POU5F1,KIFC3,1
POU5F1,LDLRAD3,1
POU5F1,LIMCH1,1
POU5F1,LRRK1,1
POU5F1,MACF1,1
POU5F1,MAGI2,1
POU5F1,MAP2K5,1
POU5F1,NAV1,1
POU5F1,NEDD4L,1
POU5F1,NRXN3,1
POU5F1,OSBPL10,1
POU5F1,RABGAP1L,1
POU5F1,RUNX1T1,1
POU5F1,SASH1,1
POU5F1,SBF2,1
POU5F1,SHROOM3,1
POU5F1,SMAD3,1
POU5F1,SNRPN,1
POU5F1,SORBS2,1
POU5F1,SPATS2L,1
POU5F1,SPTBN1,1
POU5F1,STK10,1
POU5F1,SYNE1,1
POU5F1,SYNE2,1
POU5F1,TACC2,1
POU5F1,TCF4,1
POU5F1,TIAM2,1
POU5F1,TJP2,1
POU5F1,TNRC6B,1
POU5F1,TRIM2,1
POU5F1,WNT5B,1
POU5F1,ZEB2,1
POU5F1,ZNF532,1
PPARA,ACOX1,1
PPARA,ACOX2,1
PPARA,APOA1,1
PPARA,CCND1,1
PPARA,CD36,1
PPARA,CYP4A11,1
PPARA,CYP7A1,1
PPARA,FABP3,1
PPARA,FADS2,1
PPARA,HMGCS1,1
PPARA,HMGCS2,1
PPARA,MMP12,1
PPARA,MYC,1
PPARA,PANK1,1
PPARA,PCK1,1
PPARA,TUBA1B,-1
PPARG,ATP2A2,1
PPARG,CYP27A1,1
PPARG,DBI,1
PPARG,GSTA2,1
PPARG,LPL,1
PPARG,MMP1,1
PPARG,NR1D1,1
PPARG,NR1H3,1
PPARG,PCK1,1
PPARG,SCARB1,1
PPARG,SERPINE1,1
PPARG,TNFRSF11B,1
PPARG,UCP1,1
PRDM1,ACSS2,1
PRDM1,ANO10,1
PRDM1,AOAH,1
PRDM1,APOL2,1
PRDM1,ARAP2,1
PRDM1,ARHGAP26,1
PRDM1,CREB1,1
PRDM1,CRISPLD1,1
PRDM1,DLG2,1
PRDM1,DMD,1
PRDM1,ERG,1
PRDM1,EVI5L,1
PRDM1,FSTL5,1
PRDM1,FXR2,1
PRDM1,IFIT2,1
PRDM1,IL18,1
PRDM1,KCNK1,1
PRDM1,LGR4,1
PRDM1,LMO7,1
PRDM1,MBNL3,1
PRDM1,MECOM,1
PRDM1,MID1,1
PRDM1,MYO1E,1
PRDM1,NFIX,1
PRDM1,NR3C1,1
PRDM1,OLR1,1
PRDM1,PAQR5,1
PRDM1,PCNA,1
PRDM1,PLXNA2,1
PRDM1,PRKCH,1
PRDM1,S100A16,1
PRDM1,SLC37A1,1
PRDM1,TEAD1,1
PRDM1,TNFSF8,1
PRDM1,TNIK,1
PRDM1,ZFP36L1,1
PRDM1,ZHX1,1
PRDM14,ABCA4,1
PRDM14,ADAMTS2,1
PRDM14,AGAP1,1
PRDM14,AGAP3,1
PRDM14,AGPAT3,1
PRDM14,AHDC1,1
PRDM14,AHNAK,1
PRDM14,AJAP1,1
PRDM14,ALK,1
PRDM14,AMPD3,1
PRDM14,ANO1,1
PRDM14,ARHGEF10L,1
PRDM14,ARHGEF17,1
PRDM14,ARHGEF2,1
PRDM14,ARID1A,1
PRDM14,ARID1B,1
PRDM14,ARID5A,1
PRDM14,ASS1,1
PRDM14,ATP13A2,1
PRDM14,AUTS2,1
PRDM14,AXIN2,1
PRDM14,BCAR3,1
PRDM14,BCL11A,1
PRDM14,BCOR,1
PRDM14,BMP7,1
PRDM14,CA4,1
PRDM14,CACNA1C,1
PRDM14,CACNA1G,1
PRDM14,CCDC57,1
PRDM14,CCND2,1
PRDM14,CD6,1
PRDM14,CD9,1
PRDM14,CDC42BPG,1
PRDM14,CDC42EP4,1
PRDM14,CDH23,1
PRDM14,CDYL,1
PRDM14,COBL,1
PRDM14,COL2A1,1
PRDM14,CORO2B,1
PRDM14,CPAMD8,1
PRDM14,CPLX2,1
PRDM14,CROCC,1
PRDM14,CSMD2,1
PRDM14,CXCL12,1
PRDM14,CYP26B1,1
PRDM14,DAB2IP,1
PRDM14,DGKG,1
PRDM14,DGKZ,1
PRDM14,DLGAP4,1
PRDM14,DLL4,1
PRDM14,DNMT3A,1
PRDM14,DPYSL5,1
PRDM14,DYSF,1
PRDM14,ECE1,1
PRDM14,EFNB1,1
PRDM14,EPB41L1,1
PRDM14,EPHB3,1
PRDM14,FAM131C,1
PRDM14,FAM174B,1
PRDM14,FHAD1,1
PRDM14,FOSL2,1
PRDM14,GATA2,1
PRDM14,GATAD2A,1
PRDM14,GLI2,1
PRDM14,GMDS,1
PRDM14,GPC1,1
PRDM14,GPRC5C,1
PRDM14,GRAMD1B,1
PRDM14,GRB10,1
PRDM14,GRHL3,1
PRDM14,GRIK4,1
PRDM14,HDAC5,1
PRDM14,HES2,1
PRDM14,IGDCC4,1
PRDM14,IGF1R,1
PRDM14,IGF2R,1
PRDM14,INHBB,1
PRDM14,ISLR2,1
PRDM14,ITGA11,1
PRDM14,ITPKB,1
PRDM14,KAZN,1
PRDM14,KCNAB2,1
PRDM14,KDM4B,1
PRDM14,KDM6B,1
PRDM14,KIRREL3,1
PRDM14,KLHDC7A,1
PRDM14,LHX2,1
PRDM14,LINGO1,1
PRDM14,LRRK1,1
PRDM14,MACF1,1
PRDM14,MAD1L1,1
PRDM14,MAP7D1,1
PRDM14,MATN1,1
PRDM14,MCF2L,1
PRDM14,MEF2D,1
PRDM14,MEGF6,1
PRDM14,MEIS1,1
PRDM14,MGAT5B,1
PRDM14,MNT,1
PRDM14,NADK,1
PRDM14,NFATC2,1
PRDM14,NFIA,1
PRDM14,NFIC,1
PRDM14,NGEF,1
PRDM14,NR4A1,1
PRDM14,NRP2,1
PRDM14,NTF3,1
PRDM14,NTN1,1
PRDM14,NTRK1,1
PRDM14,NXN,1
PRDM14,OTX1,1
PRDM14,PADI2,1
PRDM14,PAX7,1
PRDM14,PDGFRB,1
PRDM14,PEAR1,1
PRDM14,PHC2,1
PRDM14,PHLDB1,1
PRDM14,PKDCC,1
PRDM14,PKNOX2,1
PRDM14,PLEKHG5,1
PRDM14,PLXNA2,1
PRDM14,PREX1,1
PRDM14,PRMT8,1
PRDM14,PTCH1,1
PRDM14,PTH1R,1
PRDM14,PTMA,1
PRDM14,PTPRU,1
PRDM14,RAB25,1
PRDM14,RAI1,1
PRDM14,RASGRF1,1
PRDM14,RCOR2,1
PRDM14,RFX4,1
PRDM14,RGMA,1
PRDM14,RNF220,1
PRDM14,RPS6KA2,1
PRDM14,RPTOR,1
PRDM14,RSPO1,1
PRDM14,RUNX1,1
PRDM14,RUNX3,1
PRDM14,SDK2,1
PRDM14,SEMA4A,1
PRDM14,SFXN5,1
PRDM14,SH3BP4,1
PRDM14,SHANK2,1
PRDM14,SIM2,1
PRDM14,SLC12A5,1
PRDM14,SLC22A23,1
PRDM14,SLIT3,1
PRDM14,SMAD6,1
PRDM14,SOX13,1
PRDM14,SOX9,1
PRDM14,SREBF1,1
PRDM14,SYNDIG1,1
PRDM14,TACC2,1
PRDM14,TAL1,1
PRDM14,TBC1D16,1
PRDM14,TBCD,1
PRDM14,TCF7L1,1
PRDM14,TFAP2A,1
PRDM14,TMCO4,1
PRDM14,TMEM59L,1
PRDM14,TNS1,1
PRDM14,TNS3,1
PRDM14,TP53I11,1
PRDM14,TRIM2,1
PRDM14,TRIO,1
PRDM14,TSPAN18,1
PRDM14,TSPAN9,1
PRDM14,TTC7A,1
PRDM14,UNC5A,1
PRDM14,WNT3A,1
PRDM14,WNT4,1
PRDM14,WNT5B,1
PRDM14,WWC1,1
PRDM14,XXYLT1,1
PRDM14,ZBTB17,1
PRDM14,ZBTB7B,1
PRDM14,ZDHHC14,1
PRDM14,ZMIZ1,1
PRDM14,ZMYND8,1
PRDM14,ZNF423,1
PROX1,ABCB1,1
PROX1,ADD3,1
PROX1,AFAP1L2,1
PROX1,ARHGAP42,1
PROX1,ARHGEF2,1
PROX1,ATP1A1,1
PROX1,DNM2,1
PROX1,FZD10,1
PROX1,GRIN2B,1
PROX1,IGF1R,1
PROX1,MAPKAPK3,1
PROX1,NEDD4L,1
PROX1,NRP2,1
PROX1,OSBPL10,1
PROX1,PCYT1A,1
PROX1,PLCB4,1
PROX1,PLEKHA7,1
PROX1,SAP30BP,1
PROX1,SEMA3A,1
PROX1,SOX13,1
PROX1,SPRED2,1
PROX1,TNS3,1
PROX1,ZNF608,1
RARA,BTG2,1
RARA,CASP9,1
RARA,CEBPE,1
RARA,CRABP2,1
RARA,CYP26A1,1
RARA,ETS1,1
RARA,GPRC5A,1
RARA,HNF4A,1
RARA,HOXA1,1
RARA,HOXA7,1
RARA,HOXB4,1
RARA,HOXD4,1
RARA,IER3,1
RARA,MAOB,1
RARA,MYC,1
RARA,NRIP1,1
RARA,PCK1,1
RARA,PLAT,1
RARA,PLAU,1
RARA,RARG,1
RARA,RPTOR,1
RARA,SFTPB,1
RARA,TNFAIP2,1
RARA,TPO,1
RBPJ,CR2,1
RBPJ,FCER2,1
RBPJ,HES1,1
RBPJ,HEY1,1
RBPJ,HEY2,1
RBPJ,NFKB1,1
RBPJ,FNDC3B,1
RBPJ,WIPF1,1
RBPJ,AMPD3,1
RBPJ,ANKRD44,1
RBPJ,ARHGEF3,1
RBPJ,ASAP1,1
RBPJ,BCAT1,1
RBPJ,CASP8,1
RBPJ,CBLB,1
RBPJ,CDK17,1
RBPJ,CEP85L,1
RBPJ,CXCR4,1
RBPJ,DPYSL2,1
RBPJ,FAM167A,1
RBPJ,FCHSD2,1
RBPJ,FMNL2,1
RBPJ,FOXP1,1
RBPJ,GAS7,1
RBPJ,GNA12,1
RBPJ,GPCPD1,1
RBPJ,GSN,1
RBPJ,HEYL,1
RBPJ,IFNGR1,1
RBPJ,IL16,1
RBPJ,INPP4A,1
RBPJ,IRF8,1
RBPJ,LIMS1,1
RBPJ,LPP,1
RBPJ,LYST,1
RBPJ,MKNK2,1
RBPJ,NIN,1
RBPJ,NSMCE2,1
RBPJ,NUMB,1
RBPJ,PAG1,1
RBPJ,PEX5L,1
RBPJ,PIK3AP1,1
RBPJ,PIP4K2A,1
RBPJ,PLEC,1
RBPJ,PMAIP1,1
RBPJ,RFX3,1
RBPJ,RUNX1,1
RBPJ,SEMA4D,1
RBPJ,SH3KBP1,1
RBPJ,SIPA1L1,1
RBPJ,SLC12A8,1
RBPJ,SNX25,1
RBPJ,TCF4,1
RBPJ,THADA,1
RBPJ,TNIP1,1
RBPJ,WWTR1,1
RBPJ,ZBTB38,1
REL,CCL5,1
REL,CD40LG,1
REL,F3,1
REL,ICAM1,1
REL,IER3,1
REL,IFNG,1
REL,IL12B,1
REL,IL2,1
REL,NFKBIA,1
RELA,AGT,1
RELA,BNIP3,-1
RELA,CCL4,1
RELA,CD40LG,1
RELA,CD69,1
RELA,CD74,1
RELA,COL1A1,-1
RELA,CR2,1
RELA,CXCL2,1
RELA,CXCL3,1
RELA,CXCL5,1
RELA,CYP3A4,1
RELA,DEFB4A,1
RELA,EDN1,1
RELA,ELF3,1
RELA,F3,1
RELA,FCGRT,1
RELA,GADD45G,1
RELA,HDAC1,1
RELA,HIF1A,1
RELA,IER3,1
RELA,IL2RA,1
RELA,IL4,1
RELA,MICA,1
RELA,MMP3,1
RELA,NFKB2,1
RELA,NR4A1,1
RELA,PIGR,1
RELA,PPARA,1
RELA,PTPN13,1
RELA,PTX3,1
RELA,SOCS3,1
RELA,TNFRSF10A,1
RELA,TP53,1
RELA,WT1,1
RELB,ABCB1,1
RELB,CD40,1
RELB,TNFAIP3,1
RELB,BCL2,1
RELB,CD44,1
RELB,IL15,1
RELB,IL6,1
RELB,IRF1,1
RELB,TNIP1,1
RELB,TRAF3,1
REST,CACNA1H,-1
REST,CHGA,-1
REST,PCSK1,-1
REST,VGF,-1
RFX1,FBRS,1
RFX1,MZF1,1
RFX1,STK32C,1
RFX1,VRK3,1
RFX1,ARMC9,1
RFX1,BAIAP3,1
RFX1,BTBD3,1
RFX1,CAMK2A,1
RFX1,CBX8,1
RFX1,CEP112,1
RFX1,CRIP2,1
RFX1,DIS3L2,1
RFX1,DSE,1
RFX1,EHD1,1
RFX1,FGF1,1
RFX1,FHAD1,1
RFX1,GPR137,1
RFX1,IP6K2,1
RFX1,IQCH,1
RFX1,ITFG2,1
RFX1,LY6G5C,1
RFX1,MAPRE2,1
RFX1,PDE4A,1
RFX1,PSMB7,1
RFX1,RFX2,1
RFX1,RIIAD1,1
RFX1,SPATA2,1
RFX1,SREK1,1
RFX1,SWSAP1,1
RFX1,SYNGAP1,1
RFX1,TP53BP1,1
RFX1,TRIT1,1
RFX1,ZDHHC1,1
RFX1,ZNF398,1
RFX2,BAIAP3,1
RFX2,DPCD,1
RFX2,ENDOV,1
RFX2,ENKUR,1
RFX2,KIAA0753,1
RFX2,MAPK10,1
RFX2,MAPRE2,1
RFX2,MAPRE3,1
RFX2,PACRGL,1
RFX2,PDE4A,1
RFX2,PICK1,1
RFX2,POLL,1
RFX2,POLRMT,1
RFX2,PRKCG,1
RFX2,STRN4,1
RFX2,TBCEL,1
RFX2,THAP10,1
RFX2,TTC23L,1
RFX2,TTC30B,1
RFX2,TXNDC17,1
RFX5,CD74,1
RFX5,HLA-DMA,1
RFX5,HLA-DMB,1
RFX5,HLA-DOA,1
RFX5,HLA-DOB,1
RFX5,HLA-DPA1,1
RFX5,HLA-DPB1,1
RFX5,HLA-DQA1,1
RFX5,HLA-DQA2,1
RFX5,HLA-DQB1,1
RFX5,HLA-DRA,1
RFX5,HLA-DRB1,1
RFX5,HLA-DRB5,1
RUNX1,ARHGAP10,1
RUNX1,CSF1R,1
RUNX1,HIVEP3,1
RUNX1,ITGAX,1
RUNX1,ITGB2,1
RUNX1,LCP2,1
RUNX1,NFKB1,1
RUNX1,PIK3CD,1
RUNX1,PRKCB,1
RUNX1,PRKCQ,1
RUNX1,PRR5L,1
RUNX1,RORC,1
RUNX1,SMAD3,1
RUNX2,ESR1,-1
RUNX2,ITGBL1,1
RUNX2,PSD3,1
RUNX2,RUNX1,1
RUNX2,AFF3,1
RUNX2,ALCAM,1
RUNX2,AMPD3,1
RUNX2,ANKRD44,1
RUNX2,APP,1
RUNX2,ATP8B4,1
RUNX2,CACNA1C,1
RUNX2,CBLB,1
RUNX2,CDH11,1
RUNX2,CHN2,1
RUNX2,COL14A1,1
RUNX2,CSGALNACT1,1
RUNX2,CUEDC1,1
RUNX2,DOCK10,1
RUNX2,DOCK2,1
RUNX2,DPYD,1
RUNX2,ETS1,1
RUNX2,FARP1,1
RUNX2,FAT1,1
RUNX2,GLI3,1
RUNX2,GULP1,1
RUNX2,HMCN1,1
RUNX2,ITPR1,1
RUNX2,KIAA1217,1
RUNX2,LRIG1,1
RUNX2,MAPKAP1,1
RUNX2,MET,1
RUNX2,MICAL2,1
RUNX2,MID1,1
RUNX2,MRPS27,1
RUNX2,MYOF,1
RUNX2,NEDD4L,1
RUNX2,NRG1,1
RUNX2,OSBPL3,1
RUNX2,PACSIN2,1
RUNX2,PAPPA,1
RUNX2,PBX1,1
RUNX2,PIP4K2A,1
RUNX2,PLCB1,1
RUNX2,PPARG,1
RUNX2,PTK2,1
RUNX2,PTPRM,1
RUNX2,RBMS3,1
RUNX2,RFTN1,1
RUNX2,SEMA5A,1
RUNX2,SVIL,1
RUNX2,TBXAS1,1
RUNX2,TCF4,1
RUNX2,TIAM2,1
RUNX2,TLE4,1
RUNX2,TNS1,1
RUNX2,TPRG1,1
RUNX2,TSPAN5,1
RUNX2,WIPF1,1
RUNX2,WNT5B,1
RUNX3,CIITA,1
RUNX3,CYTIP,1
RUNX3,DOCK2,1
RUNX3,FYN,1
RUNX3,PAX5,1
RUNX3,TCF7,1
RXRA,ABCB11,1
RXRA,CYP3A4,1
RXRA,CYP7A1,1
RXRA,HNF1A,1
RXRA,NR1H3,1
RXRA,PLD1,1
RXRA,SREBF1,1
SIX2,ZNF423,1
SIX2,CABLES1,1
SIX2,CCDC80,1
SIX2,CLDN14,1
SIX2,CLVS1,1
SIX2,CNTN5,1
SIX2,COL13A1,1
SIX2,CPNE4,1
SIX2,CTNNA2,1
SIX2,DCLK1,1
SIX2,DOCK9,1
SIX2,DPP6,1
SIX2,ETV1,1
SIX2,ETV6,1
SIX2,FBLN1,1
SIX2,FGFR2,1
SIX2,FRMD4B,1
SIX2,GALNT10,1
SIX2,ITPR1,1
SIX2,KANK1,1
SIX2,KAZN,1
SIX2,KIAA1217,1
SIX2,LTBP1,1
SIX2,MTSS1,1
SIX2,MYCBP2,1
SIX2,NEDD4L,1
SIX2,NRG1,1
SIX2,NRXN1,1
SIX2,PRKCH,1
SIX2,RIMS2,1
SIX2,SIX1,1
SIX2,SYNE1,1
SIX2,TBC1D1,1
SIX2,THSD4,1
SIX2,TRAPPC9,1
SIX2,TTC39B,1
SIX2,ZBTB7C,1
SIX2,ZMIZ1,1
SIX5,APBA3,1
SIX5,BAHCC1,1
SIX5,BCAT2,1
SIX5,BOLA1,1
SIX5,FAM168A,1
SIX5,FUZ,1
SIX5,IRF2BP1,1
SIX5,MAF1,1
SIX5,MAMSTR,1
SIX5,MED25,1
SIX5,MGRN1,1
SIX5,NME4,1
SIX5,RFX1,1
SIX5,SCRIB,1
SIX5,SH2B1,1
SIX5,SLC4A2,1
SIX5,SPHK2,1
SIX5,TBC1D17,1
SIX5,TCEA2,1
SIX5,THAP11,1
SIX5,TSPAN4,1
SIX5,ZNF219,1
SIX5,ZNF500,1
SIX5,ZNF524,1
SIX5,ZNF837,1
SMAD1,CDKN1A,1
SMAD1,ID2,1
SMAD1,ID3,1
SMAD1,SPP1,1
SMAD1,TNFRSF11B,1
SMAD1,GDF15,1
SMAD1,ZEB2,1
SMAD1,ARHGEF3,1
SMAD1,ARID1A,1
SMAD1,CTNNB1,1
SMAD1,IGF2R,1
SMAD1,LYN,1
SMAD1,MRPS27,1
SMAD1,STK32B,1
SMAD1,TANC1,1
SMAD1,XPO7,1
SMAD1,ZNF521,1
SMAD3,AHR,1
SMAD3,ANKRD1,1
SMAD3,BGLAP,1
SMAD3,COL1A1,1
SMAD3,COL3A1,1
SMAD3,COL6A1,1
SMAD3,COL6A3,1
SMAD3,COL7A1,1
SMAD3,EDN1,1
SMAD3,EPO,1
SMAD3,FSTL3,1
SMAD3,GLI2,1
SMAD3,ITGA11,1
SMAD3,JUN,1
SMAD3,MET,1
SMAD3,MYC,1
SMAD3,POR,1
SMAD3,TIMP1,1
SMAD3,VEGFA,1
SMAD3,ZFP36,1
SMAD4,AHR,1
SMAD4,BGLAP,1
SMAD4,CDKN2B,1
SMAD4,COL7A1,1
SMAD4,EPO,1
SMAD4,FSTL3,1
SMAD4,IHH,1
SMAD4,JUN,1
SMAD4,MET,1
SMAD4,MYC,1
SMAD4,NKX2-5,1
SMAD4,POR,1
SMAD4,PTHLH,1
SMAD4,SMAD7,1
SMAD4,TGFB1,1
SMAD4,TNFRSF11B,1
SMAD4,ZFP36,1
SMAD5,ID3,1
SMAD5,ARID1B,1
SMAD5,ATXN2,1
SMAD5,DMTF1,1
SMAD5,HMGB1,1
SMAD5,HNRNPA3,1
SMAD5,NR3C1,1
SMAD5,REV1,1
SMAD5,RHOBTB3,1
SMAD5,SMC4,1
SMAD5,SP3,1
SNAI2,ACOT7,-1
SNAI2,ADAM8,-1
SNAI2,ADAP1,-1
SNAI2,AGPAT3,-1
SNAI2,ANK1,-1
SNAI2,ARHGEF16,-1
SNAI2,ARHGEF3,-1
SNAI2,BRI3,-1
SNAI2,C1QTNF1,-1
SNAI2,CCDC57,-1
SNAI2,CCDC88C,-1
SNAI2,CLSTN1,-1
SNAI2,CRISPLD2,-1
SNAI2,CROCC,-1
SNAI2,DAB2IP,-1
SNAI2,DLGAP4,-1
SNAI2,DOCK9,-1
SNAI2,EGFR,-1
SNAI2,EPS8L2,-1
SNAI2,FAM110C,-1
SNAI2,FAM160A1,-1
SNAI2,FARP1,-1
SNAI2,FGD2,-1
SNAI2,FKBP5,-1
SNAI2,HPCAL1,-1
SNAI2,JAG2,-1
SNAI2,KDM4B,-1
SNAI2,KIFC3,-1
SNAI2,LAMA3,-1
SNAI2,LONP1,-1
SNAI2,LRP1,-1
SNAI2,LRRFIP1,-1
SNAI2,MAFK,-1
SNAI2,MBP,-1
SNAI2,MED15,-1
SNAI2,MKNK2,-1
SNAI2,MPRIP,-1
SNAI2,NADSYN1,-1
SNAI2,NEDD4L,-1
SNAI2,NOTCH1,-1
SNAI2,NUDT14,-1
SNAI2,PARVB,-1
SNAI2,PIEZO1,-1
SNAI2,PRKAG2,-1
SNAI2,RBCK1,-1
SNAI2,SEMA4B,-1
SNAI2,SERINC2,-1
SNAI2,SH3PXD2B,-1
SNAI2,SKI,-1
SNAI2,SLC25A10,-1
SNAI2,SULT2B1,-1
SNAI2,SUN1,-1
SNAI2,TACC2,-1
SNAI2,TTYH3,-1
SNAI2,VASP,-1
SNAI2,VGLL4,-1
SNAI2,WSCD1,-1
SNAPC4,ANAPC7,1
SNAPC4,BRF1,1
SNAPC4,DLK2,1
SNAPC4,DNMT1,1
SNAPC4,ELAC2,1
SNAPC4,FBXL19,1
SNAPC4,LRSAM1,1
SNAPC4,MBD3,1
SNAPC4,MYO9B,1
SNAPC4,NUP85,1
SNAPC4,PARP2,1
SNAPC4,PASK,1
SNAPC4,PELP1,1
SNAPC4,PRPF31,1
SNAPC4,PRR19,1
SNAPC4,QTRT1,1
SNAPC4,RAB40C,1
SNAPC4,RINT1,1
SNAPC4,SCAP,1
SNAPC4,SH2D3A,1
SNAPC4,SPG7,1
SNAPC4,TAB1,1
SNAPC4,TBCD,1
SNAPC4,TECPR1,1
SNAPC4,WDR59,1
SNAPC4,WDR74,1
SNAPC4,ZBTB48,1
SNAPC4,ZNF335,1
SOX10,ASCL1,1
SOX10,DCT,-1
SOX10,EDNRB,1
SOX10,EGR2,1
SOX10,GJC2,1
SOX10,MAG,1
SOX10,MBP,1
SOX10,MPZ,1
SOX10,PDGFRA,1
SOX10,PLP1,1
SOX10,SOX6,1
SOX10,TYR,1
SOX11,AFF3,1
SOX11,ANK2,1
SOX11,ATP10B,1
SOX11,CACHD1,1
SOX11,CDH11,1
SOX11,CHODL,1
SOX11,COL28A1,1
SOX11,DMD,1
SOX11,DOCK4,1
SOX11,DST,1
SOX11,EPHA7,1
SOX11,ERC1,1
SOX11,GRIA2,1
SOX11,MAP4K4,1
SOX11,MECOM,1
SOX11,MID1,1
SOX11,NEDD4L,1
SOX11,PCLO,1
SOX11,PTK2,1
SOX11,RAPGEF4,1
SOX11,RAPGEF5,1
SOX11,RIMS1,1
SOX11,RIMS2,1
SOX11,RP1,1
SOX11,RUNX1,1
SOX11,SOX5,1
SOX11,TANC1,1
SOX11,TEAD1,1
SOX11,ZBTB20,1
SOX13,GSN,1
SOX13,LRP5,1
SOX13,AFF1,1
SOX13,AXIN2,1
SOX13,BMF,1
SOX13,CARD10,1
SOX13,CBX2,1
SOX13,CFLAR,1
SOX13,CLMN,1
SOX13,CTDSP1,1
SOX13,DAB2IP,1
SOX13,DUSP6,1
SOX13,EPS8,1
SOX13,FOXP1,1
SOX13,FRY,1
SOX13,GPRC5C,1
SOX13,HLF,1
SOX13,JAG1,1
SOX13,KIAA1217,1
SOX13,LIMD1,1
SOX13,MAP4K4,1
SOX13,MTSS1,1
SOX13,MYOM1,1
SOX13,NID1,1
SOX13,NKD1,1
SOX13,NR2F2,1
SOX13,PIK3R1,1
SOX13,PIM1,1
SOX13,PTP4A1,1
SOX13,RCAN1,1
SOX13,RERE,1
SOX13,RGS12,1
SOX13,SCARB1,1
SOX13,SMOC1,1
SOX13,SORBS3,1
SOX13,SOX5,1
SOX13,SOX6,1
SOX13,SYN3,1
SOX13,TGIF1,1
SOX13,TTLL4,1
SOX2,CCND1,1
SOX2,DLGAP1,1
SOX2,GLI2,1
SOX2,GLI3,1
SOX2,HHAT,1
SOX2,NANOG,1
SOX6,ANK3,1
SOX6,APLF,1
SOX6,ATP2B4,1
SOX6,BCOR,1
SOX6,DNAJC6,1
SOX6,DUSP10,1
SOX6,EPB41L2,1
SOX6,GTDC1,1
SOX6,LDLR,1
SOX6,LYN,1
SOX6,MAGI1,1
SOX6,NEK5,1
SOX6,NFASC,1
SOX6,PARD3B,1
SOX6,PDE11A,1
SOX6,PIP5K1B,1
SOX6,PLLP,1
SOX6,PPFIBP2,1
SOX6,SCARB1,1
SOX6,SMAD3,1
SOX6,SOX5,1
SOX6,STXBP5,1
SOX6,TBC1D14,1
SOX6,TGIF1,1
SOX6,UTRN,1
SOX6,ZEB2,1
SOX6,ZFPM2,1
SOX9,CEACAM1,1
SOX9,CLDN7,1
SOX9,COL9A1,1
SOX9,COMP,1
SOX9,HAPLN1,1
SOX9,MATN1,1
SOX9,NKX3-2,1
SOX9,RGR,1
SP1,ACAN,1
SP1,ACTA1,1
SP1,ACTC1,1
SP1,ADA,1
SP1,ADH6,1
SP1,ADRA1A,1
SP1,ADRB3,1
SP1,AGT,1
SP1,ALDOA,1
SP1,ALOX15B,1
SP1,APOA1,1
SP1,APOE,1
SP1,AREG,1
SP1,ATF2,1
SP1,ATM,1
SP1,ATP1A3,1
SP1,BAX,1
SP1,BCL2,1
SP1,BIRC5,1
SP1,BRCA1,1
SP1,BTK,1
SP1,C1QBP,1
SP1,CAT,1
SP1,CAV1,1
SP1,CCK,1
SP1,CCNA1,1
SP1,CD163,1
SP1,CD19,1
SP1,CD28,1
SP1,CD83,1
SP1,CD9,1
SP1,CDC25C,1
SP1,CDH3,1
SP1,CDK1,1
SP1,CDKN2B,1
SP1,CDKN2C,1
SP1,CDKN2D,1
SP1,CENPW,1
SP1,CES1,1
SP1,CHRNB4,1
SP1,COL18A1,1
SP1,COL1A1,-1
SP1,COL1A2,1
SP1,COL7A1,1
SP1,CRMP1,-1
SP1,CSNK2A1,1
SP1,CTSD,1
SP1,CXCL1,1
SP1,CYP11A1,1
SP1,CYP19A1,1
SP1,CYP2F1,1
SP1,CYP3A4,1
SP1,CYP3A5,1
SP1,CYP3A7,1
SP1,CYP7A1,1
SP1,CYP7B1,1
SP1,DBH,1
SP1,DCK,1
SP1,DRG2,1
SP1,E2F1,1
SP1,ESR1,1
SP1,ETS2,1
SP1,F10,1
SP1,F2R,1
SP1,F3,1
SP1,F7,1
SP1,FES,1
SP1,FGL2,1
SP1,FN1,1
SP1,FOS,1
SP1,FOSL1,1
SP1,FURIN,1
SP1,GH2,1
SP1,HLA-G,1
SP1,HMGA2,1
SP1,HNF4A,1
SP1,HOXB7,1
SP1,HSPA1A,1
SP1,HSPB1,1
SP1,IER3,1
SP1,IFNGR1,1
SP1,IGF1R,1
SP1,IGFBP4,1
SP1,IL12B,1
SP1,IL1A,1
SP1,IL2,1
SP1,IL2RB,1
SP1,IMPDH2,1
SP1,ITGA2,1
SP1,ITGAX,1
SP1,JUN,1
SP1,KIT,1
SP1,KLF8,1
SP1,KRT18,1
SP1,LCAT,1
SP1,LHCGR,1
SP1,LTC4S,1
SP1,LTF,1
SP1,MAOB,1
SP1,MCL1,1
SP1,MCTS1,1
SP1,MIP,1
SP1,MME,1
SP1,MMP28,1
SP1,MPG,1
SP1,MUC4,1
SP1,MYBL1,1
SP1,MYBL2,1
SP1,MYC,1
SP1,NFKB2,1
SP1,NKX2-1,1
SP1,NOL7,1
SP1,NPY,1
SP1,NQO2,1
SP1,NR3C1,1
SP1,ODC1,1
SP1,OXTR,1
SP1,PADI3,1
SP1,PAX6,1
SP1,PCNA,1
SP1,PDE6A,1
SP1,PDGFB,1
SP1,PDGFC,1
SP1,PDHA1,1
SP1,PIM1,1
SP1,PLAT,1
SP1,PLAU,1
SP1,PNOC,1
SP1,POLB,-1
SP1,PROC,1
SP1,PSEN1,1
SP1,PTH,1
SP1,PTK6,1
SP1,PTN,1
SP1,RB1,1
SP1,REL,1
SP1,RNLS,1
SP1,RPS3A,1
SP1,SCNN1G,1
SP1,SCT,1
SP1,SCTR,1
SP1,SLC25A5,1
SP1,SLC9A2,1
SP1,SMAD4,1
SP1,SPP1,1
SP1,SPRY2,1
SP1,SRC,1
SP1,STAR,1
SP1,STK11,1
SP1,TAL1,1
SP1,TBXA2R,1
SP1,TCN2,1
SP1,TFPI2,1
SP1,TGFA,1
SP1,TGFBR2,1
SP1,TGM4,1
SP1,TIMP2,1
SP1,TINF2,1
SP1,TNFRSF8,1
SP1,TNNC1,1
SP1,TP53,1
SP1,TPI1,1
SP1,TPMT,1
SP1,TYMS,1
SP1,UBC,1
SP1,UNG,1
SP1,VDR,1
SP2,RFX1,1
SP2,ZNF213,1
SP2,ARHGEF1,1
SP2,BCAS3,1
SP2,CHD8,1
SP2,HNRNPUL1,1
SP2,JUP,1
SP2,MIA3,1
SP2,MON1B,1
SP2,NFYC,1
SP2,NRL,1
SP2,NUP214,1
SP2,RERE,1
SP2,RFWD3,1
SP2,SAP130,1
SP2,SCAF8,1
SP2,SOD2,1
SP2,USP16,1
SP2,ZNF768,1
SP3,BTK,1
SP3,CA9,1
SP3,CCND1,1
SP3,CD14,1
SP3,CD83,1
SP3,CDKN2A,1
SP3,CDKN2B,1
SP3,CDKN2D,1
SP3,CHRNB4,1
SP3,COL1A1,1
SP3,CTSB,1
SP3,CYP2F1,1
SP3,CYP3A5,1
SP3,CYP3A7,1
SP3,F2,1
SP3,F2R,1
SP3,HMGA2,1
SP3,HOXB7,1
SP3,HSD17B1,1
SP3,ITGA2,1
SP3,ITGAV,1
SP3,LCAT,1
SP3,LTC4S,1
SP3,MAOB,1
SP3,MMP2,1
SP3,MYC,1
SP3,NKX2-1,1
SP3,PADI3,1
SP3,PLAT,1
SP3,PLAUR,1
SP3,SCT,1
SP3,SCTR,1
SP3,SLC1A3,1
SP3,SLC9A2,1
SP3,SLC9A3,1
SP3,TCN2,1
SP3,TGM4,1
SP3,TIMP1,1
SP3,TIMP2,1
SP3,TNF,1
SP3,TPMT,1
SP3,UBC,1
SP3,VEGFA,1
SP4,CCND1,1
SP4,PDE6B,1
SP4,RNF38,1
SP4,ZNF131,1
SP4,APOE,1
SP4,ASAH1,1
SP4,ATP8B3,1
SP4,BAZ2B,1
SP4,CCDC114,1
SP4,CDC42EP4,1
SP4,CFL1,1
SP4,DDX54,1
SP4,DLC1,1
SP4,FCHO1,1
SP4,GPR137,1
SP4,GTF2A1,1
SP4,HNRNPA3,1
SP4,HYOU1,1
SP4,ILF3,1
SP4,KANSL1,1
SP4,KCNC3,1
SP4,KCNIP2,1
SP4,LTBP4,1
SP4,MAD2L2,1
SP4,MAN2A1,1
SP4,MAT2B,1
SP4,MGA,1
SP4,MUS81,1
SP4,MXI1,1
SP4,MYADM,1
SP4,NFYC,1
SP4,NMT2,1
SP4,NR1H2,1
SP4,NUDT8,1
SP4,PCM1,1
SP4,PPFIA3,1
SP4,PSIP1,1
SP4,PTPN4,1
SP4,RABEP2,1
SP4,RERE,1
SP4,RTBDN,1
SP4,SAP130,1
SP4,SLC12A5,1
SP4,SLC1A5,1
SP4,SNX8,1
SP4,SP3,1
SP4,SPTBN4,1
SP4,STAG2,1
SP4,SYDE2,1
SP4,THRA,1
SP4,TMEM18,1
SP4,TRPM7,1
SP4,TSPAN9,1
SPIB,PRDM1,1
SPIB,XBP1,1
SPIB,KLHL6,1
SPIB,ARHGAP24,1
SPIB,BANK1,1
SPIB,BBS9,1
SPIB,BCL11A,1
SPIB,BHLHE40,1
SPIB,CAMK4,1
SPIB,CCDC88C,1
SPIB,CD86,1
SPIB,CDYL,1
SPIB,CHL1,1
SPIB,CIITA,1
SPIB,CNTN4,1
SPIB,DLGAP1,1
SPIB,DOCK10,1
SPIB,DTNB,1
SPIB,ECE1,1
SPIB,ELMO1,1
SPIB,GMDS,1
SPIB,GRM7,1
SPIB,IKZF1,1
SPIB,IL16,1
SPIB,IL21R,1
SPIB,ITGAX,1
SPIB,ITPR1,1
SPIB,KDM4C,1
SPIB,NDRG1,1
SPIB,NUP210,1
SPIB,PARP15,1
SPIB,PAX5,1
SPIB,PDCD1LG2,1
SPIB,PIK3AP1,1
SPIB,PPFIBP2,1
SPIB,RAPGEF1,1
SPIB,RASSF2,1
SPIB,RASSF5,1
SPIB,RFX3,1
SPIB,SLC12A3,1
SPIB,SP110,1
SPIB,SP140,1
SPIB,ST14,1
SPIB,SYNE2,1
SPIB,TBC1D4,1
SPIB,TNFAIP8,1
SPIB,UCP2,1
SPIB,VOPP1,1
SPIB,WNK1,1
SPIB,WNT5B,1
SPIB,WSCD2,1
SPIB,ZC3H12D,1
SPIB,ZNF608,1
SREBF1,ACACA,1
SREBF1,ACACB,1
SREBF1,CETP,1
SREBF1,FASN,1
SREBF1,FDFT1,1
SREBF1,FDPS,1
SREBF1,HK2,1
SREBF1,HMGCR,1
SREBF1,HMGCS1,1
SREBF1,HMOX1,1
SREBF1,INSIG1,1
SREBF1,NPC1,1
SREBF1,PCYT2,1
SREBF1,PIK3R3,1
SREBF1,SCD,1
SREBF1,SLC2A4,1
SREBF1,SQLE,1
SREBF2,ACLY,1
SREBF2,EBP,1
SREBF2,FDFT1,1
SREBF2,INSIG1,1
SREBF2,PCYT2,1
SREBF2,SQLE,1
SREBF2,STARD4,1
SRF,ACTA1,1
SRF,ACTB,1
SRF,ACTC1,1
SRF,DMD,1
SRF,EGR1,1
STAT1,A2M,1
STAT1,ADAR,1
STAT1,AGFG2,-1
STAT1,AIM2,1
STAT1,AOX1,1
STAT1,APOE,1
STAT1,APOL4,1
STAT1,APP,1
STAT1,ATG4C,1
STAT1,B3GAT3,1
STAT1,BAX,1
STAT1,BCL2,1
STAT1,BCL6,1
STAT1,BRD8,1
STAT1,BST2,1
STAT1,CASP4,1
STAT1,CCL2,1
STAT1,CCND1,1
STAT1,CCND2,1
STAT1,CCND3,1
STAT1,CD274,1
STAT1,CD86,1
STAT1,CDC7,-1
STAT1,CISH,1
STAT1,CLC,1
STAT1,CLIC2,1
STAT1,COL1A1,1
STAT1,COL1A2,1
STAT1,CREM,1
STAT1,CSF1,1
STAT1,CTSB,1
STAT1,CX3CL1,1
STAT1,CYP19A1,1
STAT1,DCLRE1C,1
STAT1,DDX50,1
STAT1,DIMT1,1
STAT1,DUOX2,1
STAT1,EARS2,1
STAT1,EDEM2,1
STAT1,EGFR,1
STAT1,EGLN3,1
STAT1,EIF2AK1,1
STAT1,EIF2AK2,1
STAT1,EIF2AK3,1
STAT1,ELF5,1
STAT1,ELP3,1
STAT1,ESR1,1
STAT1,ESR2,1
STAT1,ETV7,1
STAT1,FAS,1
STAT1,FBXO5,1
STAT1,FOS,1
STAT1,FOXP3,1
STAT1,GATA3,1
STAT1,GBP1,1
STAT1,GCK,1
STAT1,GLS,1
STAT1,GREB1,1
STAT1,GSTK1,1
STAT1,HCFC1,-1
STAT1,HDAC7,1
STAT1,HLA-DMA,1
STAT1,HLA-DMB,1
STAT1,HLA-DQA2,1
STAT1,HLA-DRB1,1
STAT1,HLA-E,1
STAT1,HSPB1,1
STAT1,IDO1,1
STAT1,IFI35,1
STAT1,IFI6,1
STAT1,IFIT1,1
STAT1,IFIT3,1
STAT1,IFITM1,1
STAT1,IFITM3,1
STAT1,IGF1,1
STAT1,IGFBP3,1
STAT1,IGFLR1,1
STAT1,IL10,1
STAT1,IL12A,1
STAT1,IL12B,1
STAT1,IL12RB1,1
STAT1,IL12RB2,1
STAT1,IL17D,1
STAT1,IL18BP,1
STAT1,IL1R1,1
STAT1,IL2RA,1
STAT1,IL6ST,1
STAT1,INO80,1
STAT1,IRF2,1
STAT1,IRF9,1
STAT1,ISG15,1
STAT1,ISG20,1
STAT1,JUN,1
STAT1,JUNB,1
STAT1,KIF2A,1
STAT1,LAP3,1
STAT1,MAN1A1,1
STAT1,MAT2A,1
STAT1,MCL1,1
STAT1,MED16,1
STAT1,MET,1
STAT1,MTMR9,1
STAT1,MX1,1
STAT1,MYC,1
STAT1,MYD88,1
STAT1,NAA35,-1
STAT1,NMI,1
STAT1,OAS1,1
STAT1,OAS2,1
STAT1,OAS3,1
STAT1,OASL,1
STAT1,PARP14,1
STAT1,PIM1,1
STAT1,PLAU,1
STAT1,PLSCR1,1
STAT1,PPIP5K2,1
STAT1,PRF1,1
STAT1,PROS1,1
STAT1,PSMB9,1
STAT1,PTGFR,1
STAT1,PTTG1IP,1
STAT1,PWP2,1
STAT1,RBAK,1
STAT1,REV3L,1
STAT1,RIPK1,1
STAT1,RNF213,1
STAT1,RPS24,-1
STAT1,SBNO2,1
STAT1,SCARB1,1
STAT1,SEMA4B,1
STAT1,SLC2A2,1
STAT1,SMARCA4,1
STAT1,SNRNP27,1
STAT1,SOCS1,1
STAT1,SOCS2,1
STAT1,SOCS3,1
STAT1,SOCS4,1
STAT1,SOCS5,1
STAT1,SOCS6,1
STAT1,SOCS7,1
STAT1,STAT3,1
STAT1,TAP1,1
STAT1,TBX21,1
STAT1,TH,1
STAT1,TIMP1,1
STAT1,TNFRSF8,1
STAT1,TNFSF11,1
STAT1,TNFSF13B,1
STAT1,TRIM25,1
STAT1,UBR1,1
STAT1,VEGFA,1
STAT1,VEGFC,1
STAT1,VIP,1
STAT1,VPS33B,1
STAT1,ZC3HAV1,1
STAT1,ZFP1,1
STAT1,ZFP30,1
STAT1,ZNF107,1
STAT1,ZNF114,1
STAT1,ZNF12,1
STAT1,ZNF124,1
STAT1,ZNF140,1
STAT1,ZNF155,1
STAT1,ZNF157,1
STAT1,ZNF169,1
STAT1,ZNF175,1
STAT1,ZNF181,1
STAT1,ZNF184,1
STAT1,ZNF19,1
STAT1,ZNF200,1
STAT1,ZNF205,1
STAT1,ZNF222,1
STAT1,ZNF226,1
STAT1,ZNF227,1
STAT1,ZNF23,1
STAT1,ZNF230,1
STAT1,ZNF235,1
STAT1,ZNF25,1
STAT1,ZNF251,1
STAT1,ZNF254,1
STAT1,ZNF267,1
STAT1,ZNF268,1
STAT1,ZNF273,1
STAT1,ZNF282,1
STAT1,ZNF302,1
STAT1,ZNF311,1
STAT1,ZNF331,1
STAT1,ZNF333,1
STAT1,ZNF337,1
STAT1,ZNF33B,1
STAT1,ZNF343,1
STAT1,ZNF354A,1
STAT1,ZNF367,-1
STAT1,ZNF398,1
STAT1,ZNF41,1
STAT1,ZNF417,1
STAT1,ZNF418,1
STAT1,ZNF419,1
STAT1,ZNF425,1
STAT1,ZNF460,1
STAT1,ZNF490,1
STAT1,ZNF510,1
STAT1,ZNF519,1
STAT1,ZNF529,1
STAT1,ZNF546,1
STAT1,ZNF550,1
STAT1,ZNF567,1
STAT1,ZNF585A,1
STAT1,ZNF589,1
STAT1,ZNF596,1
STAT1,ZNF599,1
STAT1,ZNF613,1
STAT1,ZNF619,1
STAT1,ZNF630,1
STAT1,ZNF655,1
STAT1,ZNF669,1
STAT1,ZNF670,1
STAT1,ZNF680,1
STAT1,ZNF689,1
STAT1,ZNF713,1
STAT1,ZNF721,1
STAT1,ZNF746,1
STAT1,ZNF764,1
STAT1,ZNF777,1
STAT1,ZNF778,1
STAT1,ZNF782,1
STAT1,ZNF786,1
STAT1,ZNF79,1
STAT1,ZNF8,1
STAT1,ZNF81,1
STAT1,ZNF84,1
STAT1,ZNF860,1
STAT1,ZNF878,1
STAT1,ZNF879,1
STAT2,BST2,1
STAT2,CFB,1
STAT2,IFIT3,1
STAT2,IRF7,1
STAT2,MX1,1
STAT2,OAS1,1
STAT2,OAS2,1
STAT2,PML,1
STAT2,ADAR,1
STAT2,ATP13A1,1
STAT2,DDX60L,1
STAT2,DHX58,1
STAT2,DTX3L,1
STAT2,EIF2AK2,1
STAT2,EPSTI1,1
STAT2,FAM111A,1
STAT2,IFI35,1
STAT2,ISG15,1
STAT2,MOV10,1
STAT2,MYD88,1
STAT2,OAS3,1
STAT2,OASL,1
STAT2,PARP10,1
STAT2,PARP14,1
STAT2,PARP9,1
STAT2,PIM1,1
STAT2,PSMB8,1
STAT2,SAMD9,1
STAT2,SOCS1,1
STAT2,SP110,1
STAT2,SP140L,1
STAT2,STAT1,1
STAT2,TAP2,1
STAT2,TRIM21,1
STAT2,TRIM56,1
STAT2,USF1,1
STAT2,XAF1,1
STAT3,A2M,1
STAT3,BIRC3,1
STAT3,CCND2,1
STAT3,CD274,1
STAT3,COPS5,1
STAT3,CYP19A1,1
STAT3,ESR1,1
STAT3,IGF1,1
STAT3,IL2RA,1
STAT3,IL6ST,1
STAT3,LBP,1
STAT3,MMP3,1
STAT3,MYD88,1
STAT3,NNMT,1
STAT3,PRF1,1
STAT3,REG1A,1
STAT3,RNLS,1
STAT3,ROR1,1
STAT3,RORA,1
STAT3,TP53,1
STAT3,TRH,1
STAT3,VEGFB,1
STAT3,VIP,1
STAT4,IFNG,1
STAT4,IL2RA,1
STAT4,IRF1,1
STAT4,PIM1,1
STAT4,TBX21,1
STAT4,CCND2,1
STAT5A,BCL2,1
STAT5A,BCL2L1,1
STAT5A,CCND1,1
STAT5A,CCND3,1
STAT5A,CEL,1
STAT5A,ESR1,1
STAT5A,ESR2,1
STAT5A,IGF1,1
STAT5A,IL2RA,1
STAT5A,IL6ST,1
STAT5A,IRF1,1
STAT5A,LONP1,1
STAT5A,MUC1,1
STAT5A,MYD88,1
STAT5A,PIM1,1
STAT5A,PRF1,1
STAT5B,CCND1,1
STAT5B,CCND3,1
STAT5B,CEL,1
STAT5B,ESR1,1
STAT5B,ESR2,1
STAT5B,IFNG,1
STAT5B,IL2RA,1
STAT5B,IL6ST,1
STAT5B,MUC1,1
STAT5B,PIM1,1
STAT5B,PRF1,1
STAT6,BCL2L1,1
STAT6,CISH,1
STAT6,IRF1,1
STAT6,SOCS1,1
TAL1,BRF1,1
TAL1,C3AR1,1
TAL1,CDH13,1
TAL1,CDH23,1
TAL1,CHST11,1
TAL1,DOCK9,1
TAL1,ELMO1,1
TAL1,NBAS,1
TAL1,PLEKHO1,1
TAL1,PPP3CA,1
TAL1,SSH2,1
TAL1,UBE2H,1
TAL1,USP34,1
TBP,APP,1
TBP,CDKN1A,1
TBP,FN1,1
TBP,MYC,1
TBP,PMF1,1
TBP,ACTB,1
TBP,ABT1,1
TBP,ANXA2,1
TBP,BSG,1
TBP,CFLAR,1
TBP,DES,1
TBP,DIO2,1
TBP,DNAJB12,1
TBP,FBXL5,1
TBP,HBP1,1
TBP,HIVEP1,1
TBP,IER5,1
TBP,IL10,1
TBP,ITPR1,1
TBP,KDM2A,1
TBP,KIAA1522,1
TBP,KLF6,1
TBP,LIMA1,1
TBP,LUC7L2,1
TBP,MB,1
TBP,NCOR2,1
TBP,PICALM,1
TBP,PNKP,1
TBP,PRPF31,1
TBP,PRRC2B,1
TBP,RABGAP1L,1
TBP,RUNX1,1
TBP,SAMD4A,1
TBP,SEC22C,1
TBP,SERPINE1,1
TBP,SMTN,1
TBP,ST6GAL1,1
TBP,TGIF1,1
TBP,THUMPD3,1
TBP,USP3,1
TBP,USP45,1
TBP,ZMYND8,1
TBX21,GATA3,1
TBX21,AKNA,1
TBX21,IL12RB2,1
TBX21,IL21R,1
TBX21,SEMA4D,1
TBX21,SLAMF7,1
TBX21,ADD3,1
TBX21,ANK3,1
TBX21,ARHGAP25,1
TBX21,AUTS2,1
TBX21,CCDC88C,1
TBX21,CD226,1
TBX21,CHN2,1
TBX21,CIITA,1
TBX21,CLMN,1
TBX21,CRTAM,1
TBX21,CXCR4,1
TBX21,CYTH1,1
TBX21,CYTIP,1
TBX21,DENND3,1
TBX21,DOCK10,1
TBX21,DOCK2,1
TBX21,EBF1,1
TBX21,EGR2,1
TBX21,ERN1,1
TBX21,EVL,1
TBX21,FYN,1
TBX21,GALNT10,1
TBX21,GAS7,1
TBX21,GFI1,1
TBX21,GRAMD1B,1
TBX21,GRAP2,1
TBX21,HIVEP1,1
TBX21,IKZF1,1
TBX21,IKZF3,1
TBX21,IL10RA,1
TBX21,IL1R1,1
TBX21,INPP5D,1
TBX21,IRF4,1
TBX21,KDM2B,1
TBX21,KIAA2026,1
TBX21,KLHL6,1
TBX21,KSR1,1
TBX21,LRIG1,1
TBX21,MTSS1,1
TBX21,NLRC5,1
TBX21,PAH,1
TBX21,PARP15,1
TBX21,PDE4D,1
TBX21,PLAC8,1
TBX21,PLEC,1
TBX21,PRKCQ,1
TBX21,PRLR,1
TBX21,PSTPIP1,1
TBX21,RAB27A,1
TBX21,RAC2,1
TBX21,RASGRP1,1
TBX21,RASSF5,1
TBX21,RGS3,1
TBX21,RHOH,1
TBX21,RREB1,1
TBX21,SH3BP5,1
TBX21,SMYD3,1
TBX21,STK17B,1
TBX21,SYNE2,1
TBX21,TBC1D14,1
TBX21,TCF7,1
TBX21,TIAM1,1
TBX21,TMC6,1
TBX21,TMEM131,1
TBX21,TNFRSF8,1
TBX21,TOX2,1
TCF12,ERC1,1
TCF12,PPP3CA,1
TCF12,WWTR1,1
TCF12,ABLIM1,1
TCF12,ABR,1
TCF12,ANTXR2,1
TCF12,ARHGAP23,1
TCF12,ARHGEF3,1
TCF12,ARID1B,1
TCF12,BNC2,1
TCF12,CAST,1
TCF12,CCDC12,1
TCF12,CHD9,1
TCF12,CLIP2,1
TCF12,CNIH3,1
TCF12,CRIM1,1
TCF12,CTNNA1,1
TCF12,CUEDC1,1
TCF12,DAAM1,1
TCF12,DIP2C,1
TCF12,DPYSL2,1
TCF12,FNDC3B,1
TCF12,FOXP1,1
TCF12,FTO,1
TCF12,GAS7,1
TCF12,HIVEP3,1
TCF12,IQGAP2,1
TCF12,ITPR2,1
TCF12,JARID2,1
TCF12,JAZF1,1
TCF12,KDM2B,1
TCF12,KLF13,1
TCF12,LIMCH1,1
TCF12,LIMS1,1
TCF12,LPP,1
TCF12,LRCH1,1
TCF12,LTBP1,1
TCF12,MACF1,1
TCF12,MBNL1,1
TCF12,MED15,1
TCF12,NFIB,1
TCF12,NRP2,1
TCF12,PALLD,1
TCF12,PARD3B,1
TCF12,PC,1
TCF12,PDE4D,1
TCF12,PLCB1,1
TCF12,PLXNA2,1
TCF12,PRICKLE2,1
TCF12,PRKCE,1
TCF12,PRRC2B,1
TCF12,PTK2,1
TCF12,PTPRK,1
TCF12,RAPGEF4,1
TCF12,RBMS3,1
TCF12,RBPJ,1
TCF12,SBNO2,1
TCF12,SERTAD2,1
TCF12,SH3RF1,1
TCF12,SLC37A1,1
TCF12,SPATS2L,1
TCF12,SVIL,1
TCF12,TBC1D1,1
TCF12,TCF4,1
TCF12,TEAD1,1
TCF12,THADA,1
TCF12,TIAM2,1
TCF12,TNRC6B,1
TCF12,VGLL4,1
TCF12,WIPF1,1
TCF12,WWC1,1
TCF12,ZBTB38,1
TCF12,ZDHHC14,1
TCF12,ZFHX3,1
TCF12,ZNF608,1
TCF3,ANP32A,1
TCF3,AXIN1,1
TCF3,CIITA,1
TCF3,KDM2B,1
TCF3,MAD1L1,1
TCF3,MED15,1
TCF3,NUP210,1
TCF3,PIEZO1,1
TCF3,PSTPIP1,1
TCF3,RALGDS,1
TCF3,SLC37A1,1
TCF3,VAV2,1
TCF4,CD44,1
TCF4,HDAC7,1
TCF4,SPTBN1,1
TCF4,ADD3,1
TCF4,AREG,1
TCF4,ARID5B,1
TCF4,ASAP2,1
TCF4,ATP8B1,1
TCF4,CD9,1
TCF4,CDK6,1
TCF4,CEP112,1
TCF4,CHN2,1
TCF4,DAAM1,1
TCF4,EHBP1,1
TCF4,EPB41L1,1
TCF4,EPB41L2,1
TCF4,EPHA6,1
TCF4,ERI3,1
TCF4,FGD5,1
TCF4,FOXP1,1
TCF4,FRMD3,1
TCF4,GLS,1
TCF4,GOLIM4,1
TCF4,IL33,1
TCF4,KIAA1522,1
TCF4,LIMA1,1
TCF4,LIMCH1,1
TCF4,LNX1,1
TCF4,MAML2,1
TCF4,MEF2C,1
TCF4,NAALADL2,1
TCF4,NR3C2,1
TCF4,OXR1,1
TCF4,PCDH1,1
TCF4,PHACTR2,1
TCF4,PLCB1,1
TCF4,PLEKHG1,1
TCF4,PPARG,1
TCF4,PRKCH,1
TCF4,PRR5L,1
TCF4,SLC25A28,1
TCF4,SPRED2,1
TCF4,ST14,1
TCF4,SULT1C4,1
TCF4,TBL1XR1,1
TCF4,TEAD1,1
TCF4,TGIF1,1
TCF4,TMEM131,1
TCF4,TRIO,1
TCF4,TRPC6,1
TCF4,TRPS1,1
TCF4,USP3,1
TCF4,UTRN,1
TCF4,WNT4,1
TCF4,YAP1,1
TCF4,ZBTB7B,1
TCF4,ZNF608,1
TCF7,AXIN2,1
TCF7,BCL2,1
TCF7,BIRC5,1
TCF7,LEF1,1
TCF7,SNAI2,1
TCF7,CCND2,1
TCF7,KIAA1217,1
TCF7,TCF3,1
TCF7,ANKRD28,1
TCF7,ANTXR2,1
TCF7,ARHGAP15,1
TCF7,BIRC3,1
TCF7,CAMK4,1
TCF7,CCND1,1
TCF7,CD86,1
TCF7,CDK17,1
TCF7,CDYL,1
TCF7,CORO1C,1
TCF7,CPPED1,1
TCF7,CREM,1
TCF7,DMD,1
TCF7,DOCK10,1
TCF7,DST,1
TCF7,DTNB,1
TCF7,ERAP2,1
TCF7,GPR15,1
TCF7,GRM7,1
TCF7,GTF2F2,1
TCF7,HBS1L,1
TCF7,IKZF1,1
TCF7,IKZF3,1
TCF7,KCNK1,1
TCF7,MAP3K1,1
TCF7,MMP20,1
TCF7,NKD1,1
TCF7,NUMB,1
TCF7,PDE7A,1
TCF7,PHACTR1,1
TCF7,PLEC,1
TCF7,PRR5L,1
TCF7,PTPRC,1
TCF7,QPCT,1
TCF7,RBPJ,1
TCF7,RGS6,1
TCF7,RHOH,1
TCF7,RIN3,1
TCF7,RTN4,1
TCF7,SKAP1,1
TCF7,SOX6,1
TCF7,SP100,1
TCF7,SP140,1
TCF7,TGFBR3,1
TCF7,TNFRSF11B,1
TCF7,TNFRSF19,1
TCF7,TRIO,1
TCF7,USP48,1
TCF7,WNK1,1
TCF7,ZBTB20,1
TCF7,ZFPM2,1
TCF7L2,ABCB1,1
TCF7L2,AXIN2,1
TCF7L2,CCND1,1
TCF7L2,CD44,1
TCF7L2,CTNNB1,1
TCF7L2,DKK1,1
TCF7L2,FGF18,1
TCF7L2,GLCE,1
TCF7L2,GLI2,1
TCF7L2,LEF1,1
TCF7L2,MYC,1
TCF7L2,SNAI2,1
TCF7L2,SP5,1
TCF7L2,STAT3,1
TCF7L2,TCF7,1
TCF7L2,TNFRSF11B,1
TCF7L2,VIM,-1
TEAD1,AMOTL2,1
TEAD1,GTDC1,1
TEAD1,ITGA1,1
TEAD1,OSBPL9,1
TEAD1,SORBS2,1
TEAD1,TACC1,1
TEAD1,AFAP1,1
TEAD1,AHNAK,1
TEAD1,ANK3,1
TEAD1,ANO6,1
TEAD1,APBB2,1
TEAD1,ARHGAP24,1
TEAD1,ARHGAP29,1
TEAD1,ARHGAP35,1
TEAD1,ARNT2,1
TEAD1,ASAP1,1
TEAD1,ASAP2,1
TEAD1,BCAR3,1
TEAD1,CACNA2D1,1
TEAD1,CALD1,1
TEAD1,CAMK2D,1
TEAD1,CAPN2,1
TEAD1,CAST,1
TEAD1,CLIC5,1
TEAD1,CLIP4,1
TEAD1,CNOT1,1
TEAD1,CRIM1,1
TEAD1,CTNNA1,1
TEAD1,DAAM1,1
TEAD1,DGKB,1
TEAD1,DLC1,1
TEAD1,DLGAP1,1
TEAD1,DNMBP,1
TEAD1,DST,1
TEAD1,EGFR,1
TEAD1,EML1,1
TEAD1,EPS8,1
TEAD1,EXT1,1
TEAD1,FAM160A1,1
TEAD1,FAT1,1
TEAD1,FEZ2,1
TEAD1,FHL2,1
TEAD1,FLNB,1
TEAD1,FMN2,1
TEAD1,FRMD6,1
TEAD1,FTO,1
TEAD1,GMDS,1
TEAD1,GULP1,1
TEAD1,HDAC9,1
TEAD1,INPP4B,1
TEAD1,ITGB1,1
TEAD1,ITSN1,1
TEAD1,KCNMA1,1
TEAD1,KDM4C,1
TEAD1,KIF13A,1
TEAD1,KTN1,1
TEAD1,LAMC1,1
TEAD1,LAMC2,1
TEAD1,LIMCH1,1
TEAD1,LPP,1
TEAD1,MACF1,1
TEAD1,MAML2,1
TEAD1,MBNL1,1
TEAD1,MBNL2,1
TEAD1,MICAL2,1
TEAD1,MYLK,1
TEAD1,NAIP,1
TEAD1,NAV2,1
TEAD1,NDST1,1
TEAD1,NEK7,1
TEAD1,NRP2,1
TEAD1,NRXN3,1
TEAD1,PALLD,1
TEAD1,PAM,1
TEAD1,PARD3B,1
TEAD1,PBX1,1
TEAD1,PCYT1A,1
TEAD1,PDE4B,1
TEAD1,PDE4D,1
TEAD1,PDGFC,1
TEAD1,PDLIM5,1
TEAD1,PRICKLE2,1
TEAD1,PRKAG2,1
TEAD1,PRKCH,1
TEAD1,PRUNE2,1
TEAD1,PTPN14,1
TEAD1,PTPRM,1
TEAD1,RAPGEF2,1
TEAD1,RARB,1
TEAD1,RASAL2,1
TEAD1,RB1CC1,1
TEAD1,RBMS1,1
TEAD1,RBMS3,1
TEAD1,RERE,1
TEAD1,RTN4,1
TEAD1,SAMD4A,1
TEAD1,SASH1,1
TEAD1,SCHIP1,1
TEAD1,SEMA3C,1
TEAD1,SEMA3D,1
TEAD1,SH3BP4,1
TEAD1,SHROOM3,1
TEAD1,SMYD3,1
TEAD1,SORBS1,1
TEAD1,SORCS2,1
TEAD1,SPTBN1,1
TEAD1,STARD13,1
TEAD1,SVIL,1
TEAD1,TANC1,1
TEAD1,TCF4,1
TEAD1,TGFB2,1
TEAD1,TGFBR3,1
TEAD1,TIAM2,1
TEAD1,TLN2,1
TEAD1,TMEM245,1
TEAD1,TRIO,1
TEAD1,UACA,1
TEAD1,UBE2H,1
TEAD1,VPS13D,1
TEAD1,WWC2,1
TEAD1,WWTR1,1
TEAD1,YAP1,1
TEAD2,CCND2,1
TEAD2,RIN3,1
TEAD2,AJUBA,1
TEAD2,ASAP3,1
TEAD2,ATP6V1A,1
TEAD2,ATP8B2,1
TEAD2,CTDSP2,1
TEAD2,CYBRD1,1
TEAD2,DHRSX,1
TEAD2,DLGAP4,1
TEAD2,DNAJB5,1
TEAD2,DTNBP1,1
TEAD2,FAM89A,1
TEAD2,GALNT2,1
TEAD2,JMJD1C,1
TEAD2,LAMB2,1
TEAD2,LSM10,1
TEAD2,MAP1S,1
TEAD2,MPZ,1
TEAD2,MYL12A,1
TEAD2,PLEKHA4,1
TEAD2,RHBDF1,1
TEAD2,SNRPC,1
TEAD2,SPEG,1
TEAD2,ST3GAL2,1
TEAD2,TBC1D25,1
TEAD2,TRAF4,1
TEAD2,TRIP6,1
TEAD2,VPS37B,1
TEAD4,ABLIM2,1
TEAD4,ADAMTSL1,1
TEAD4,ALK,1
TEAD4,ANXA2,1
TEAD4,BCAR3,1
TEAD4,BCR,1
TEAD4,CMIP,1
TEAD4,DAB2IP,1
TEAD4,DENND1A,1
TEAD4,DGKB,1
TEAD4,DLGAP1,1
TEAD4,ETV6,1
TEAD4,EXT1,1
TEAD4,FGFR2,1
TEAD4,FNDC3B,1
TEAD4,FOXO3,1
TEAD4,GALNT2,1
TEAD4,GLIS3,1
TEAD4,GMDS,1
TEAD4,GTDC1,1
TEAD4,HDAC9,1
TEAD4,HIVEP3,1
TEAD4,HSPG2,1
TEAD4,IL1R1,1
TEAD4,IQSEC1,1
TEAD4,ITPR1,1
TEAD4,KAZN,1
TEAD4,KDM4C,1
TEAD4,KRT18,1
TEAD4,LITAF,1
TEAD4,MACF1,1
TEAD4,MAML2,1
TEAD4,MAP4K4,1
TEAD4,MID1,1
TEAD4,MPZL1,1
TEAD4,MYH9,1
TEAD4,NEK6,1
TEAD4,PDE4B,1
TEAD4,PDGFC,1
TEAD4,PDLIM1,1
TEAD4,PHLDB2,1
TEAD4,PHLPP1,1
TEAD4,PICALM,1
TEAD4,PLCL1,1
TEAD4,PLXNA2,1
TEAD4,PRKCH,1
TEAD4,PTPRJ,1
TEAD4,RABGAP1L,1
TEAD4,RAI14,1
TEAD4,RBPMS,1
TEAD4,RIN3,1
TEAD4,RND3,1
TEAD4,SIK3,1
TEAD4,SORBS2,1
TEAD4,SPTB,1
TEAD4,STK10,1
TEAD4,TACC2,1
TEAD4,TCF4,1
TEAD4,TGFBI,1
TEAD4,TGM2,1
TEAD4,TIAM2,1
TEAD4,TJP2,1
TEAD4,TLE4,1
TEAD4,TRIM2,1
TEAD4,VMP1,1
TEAD4,ZMYND8,1
TFAP2A,ADM,1
TFAP2A,ADRA1A,1
TFAP2A,ADRA2B,1
TFAP2A,APP,1
TFAP2A,BACE1,1
TFAP2A,CCNB1,1
TFAP2A,CGA,1
TFAP2A,CRX,1
TFAP2A,CYP11A1,1
TFAP2A,DBH,1
TFAP2A,EGFR,1
TFAP2A,ERBB2,1
TFAP2A,F2R,1
TFAP2A,FAS,1
TFAP2A,FMR1,1
TFAP2A,FOXA1,1
TFAP2A,GALNT3,1
TFAP2A,GPX4,1
TFAP2A,GUSB,1
TFAP2A,HIP1,1
TFAP2A,HMOX1,1
TFAP2A,HTT,1
TFAP2A,KIT,1
TFAP2A,L1CAM,1
TFAP2A,MIP,1
TFAP2A,MMP2,1
TFAP2A,MPG,1
TFAP2A,MYC,1
TFAP2A,OAT,1
TFAP2A,PENK,1
TFAP2A,PLAUR,1
TFAP2A,POLD2,1
TFAP2A,PTGS2,1
TFAP2A,PVR,1
TFAP2A,S100B,1
TFAP2A,SERPINE1,1
TFAP2A,SMPD1,1
TFAP2A,SNAP91,1
TFAP2A,SP1,1
TFAP2A,SPRY2,1
TFAP2A,TH,1
TFAP2A,TIMP2,1
TFAP2C,CSTA,1
TFAP2C,ERBB2,1
TFAP2C,FOXA1,1
TFAP2C,FOXC1,1
TFAP2C,FREM2,1
TFAP2C,GREB1,1
TFAP2C,MMP2,1
TFAP2C,MYC,1
TFAP2C,RET,1
TFAP4,PENK,1
TFAP4,ZNF395,1
TFAP4,ABTB2,1
TFAP4,AGPAT3,1
TFAP4,ARHGEF10L,1
TFAP4,ATP2B2,1
TFAP4,BCAR1,1
TFAP4,CRTC1,1
TFAP4,CSNK1D,1
TFAP4,CYTH1,1
TFAP4,DENND1A,1
TFAP4,DENND3,1
TFAP4,EGFR,1
TFAP4,ELL,1
TFAP4,FGFR3,1
TFAP4,GNA12,1
TFAP4,GREB1,1
TFAP4,HDAC5,1
TFAP4,JUP,1
TFAP4,KIAA1217,1
TFAP4,KRT8,1
TFAP4,MED15,1
TFAP4,MICAL2,1
TFAP4,MYOM1,1
TFAP4,PEMT,1
TFAP4,PLEKHA7,1
TFAP4,PLEKHG5,1
TFAP4,PLXNA2,1
TFAP4,PRKCZ,1
TFAP4,RGS3,1
TFAP4,SRGAP3,1
TFAP4,SVIL,1
TFAP4,SYNJ2,1
TFAP4,TBC1D2B,1
TFAP4,TIAM2,1
TFAP4,TPM4,1
TFAP4,TRIO,1
TFDP1,CAV1,1
TFDP1,CCNE2,1
TFDP1,CKAP2L,1
TFDP1,HNRNPUL1,1
TFDP1,PTMA,1
TGIF2,AHCY,-1
TGIF2,AKAP1,-1
TGIF2,ASXL1,-1
TGIF2,DPAGT1,-1
TGIF2,FAM102A,-1
TGIF2,HMGXB3,-1
TGIF2,IST1,-1
TGIF2,MSH6,-1
TGIF2,NFKB2,-1
TGIF2,OGFR,-1
TGIF2,PRR3,-1
TGIF2,RPL3,-1
TGIF2,SMOX,-1
TGIF2,TCIRG1,-1
TGIF2,ZBTB2,-1
TGIF2,ZSCAN2,-1
THAP1,FAM20B,1
THAP1,ACAP3,1
THAP1,ARHGDIA,1
THAP1,BCOR,1
THAP1,CELF5,1
THAP1,COL18A1,1
THAP1,CORO2A,1
THAP1,CSNK1D,1
THAP1,CYFIP1,1
THAP1,DOCK6,1
THAP1,EPS8L2,1
THAP1,FAM78A,1
THAP1,FGFR3,1
THAP1,FGFRL1,1
THAP1,GAK,1
THAP1,GALE,1
THAP1,GNB1,1
THAP1,GPT2,1
THAP1,GRAMD1A,1
THAP1,HDAC11,1
THAP1,HOOK2,1
THAP1,HSP90AA1,1
THAP1,IER2,1
THAP1,IQSEC1,1
THAP1,LTBP3,1
THAP1,LYSMD2,1
THAP1,MAST3,1
THAP1,METRNL,1
THAP1,MYO1C,1
THAP1,NCOR2,1
THAP1,NKD2,1
THAP1,PIEZO1,1
THAP1,PLEC,1
THAP1,PPM1F,1
THAP1,PPP6R1,1
THAP1,RASGEF1A,1
THAP1,RREB1,1
THAP1,RXRA,1
THAP1,SGMS1,1
THAP1,SKI,1
THAP1,SRCIN1,1
THAP1,STIP1,1
THAP1,SYMPK,1
THAP1,TCF25,1
THAP1,TRABD,1
THAP1,UBTF,1
THAP1,UNKL,1
THAP1,USF2,1
THAP1,YWHAZ,1
THAP1,ZNF276,1
THAP11,CNIH4,-1
THAP11,LSM10,-1
THAP11,PRPF31,-1
THAP11,SLC4A2,-1
THAP11,SNX17,-1
THAP11,TMEM115,-1
THAP11,AP2S1,-1
THAP11,ARPP19,-1
THAP11,ATL3,-1
THAP11,BABAM1,-1
THAP11,BANP,-1
THAP11,BOLA1,-1
THAP11,BUB1B,-1
THAP11,BUB3,-1
THAP11,CALCOCO1,-1
THAP11,CCDC90B,-1
THAP11,CEP128,-1
THAP11,CHCHD3,-1
THAP11,CHCHD4,-1
THAP11,CHRNB1,-1
THAP11,CLDN12,-1
THAP11,CLP1,-1
THAP11,CNPY2,-1
THAP11,COPS7B,-1
THAP11,DCAKD,-1
THAP11,DFFA,-1
THAP11,DNAJC17,-1
THAP11,DNAJC18,-1
THAP11,DNM1L,-1
THAP11,DPM3,-1
THAP11,EIF1B,-1
THAP11,EIF2B4,-1
THAP11,EIF2S2,-1
THAP11,ENY2,-1
THAP11,ERP44,-1
THAP11,FAM168A,-1
THAP11,FBXL19,-1
THAP11,FTO,-1
THAP11,FYCO1,-1
THAP11,GPKOW,-1
THAP11,HCFC1R1,-1
THAP11,HEXIM2,-1
THAP11,HSD11B1L,-1
THAP11,HSP90B1,-1
THAP11,HSPH1,-1
THAP11,INVS,-1
THAP11,ITCH,-1
THAP11,ITPR1,-1
THAP11,IZUMO1,-1
THAP11,LMBRD2,-1
THAP11,LMNA,-1
THAP11,LRRC29,-1
THAP11,LYSMD1,-1
THAP11,MAD2L1BP,-1
THAP11,MED11,-1
THAP11,MITF,-1
THAP11,MRPL24,-1
THAP11,MRPL42,-1
THAP11,MRPL50,-1
THAP11,MTR,-1
THAP11,NMT1,-1
THAP11,NOP14,-1
THAP11,NUDCD1,-1
THAP11,NUP153,-1
THAP11,NUTF2,-1
THAP11,PCM1,-1
THAP11,PDCD10,-1
THAP11,PEMT,-1
THAP11,PHB,-1
THAP11,PHF23,-1
THAP11,PNKD,-1
THAP11,PNPLA6,-1
THAP11,POP1,-1
THAP11,PPCDC,-1
THAP11,PPP1R12B,-1
THAP11,PPP2R5B,-1
THAP11,PRCC,-1
THAP11,RANGAP1,-1
THAP11,RPGRIP1L,-1
THAP11,SEL1L,-1
THAP11,SH2D6,-1
THAP11,SIRT2,-1
THAP11,SKP2,-1
THAP11,SLC25A19,-1
THAP11,SLC35B4,-1
THAP11,SMARCAL1,-1
THAP11,SNAP47,-1
THAP11,SNX16,-1
THAP11,SNX27,-1
THAP11,SOX6,-1
THAP11,SWT1,-1
THAP11,SYMPK,-1
THAP11,THRAP3,-1
THAP11,TMEM109,-1
THAP11,TMEM208,-1
THAP11,TRAPPC3,-1
THAP11,TRMT1L,-1
THAP11,TTC30B,-1
THAP11,UBA1,-1
THAP11,UBR2,-1
THAP11,USP48,-1
THAP11,VPS41,-1
THAP11,WBP2,-1
THAP11,WNK1,-1
THAP11,ZCCHC8,-1
THAP11,ZNF444,-1
THAP11,ZNF605,-1
THAP11,ZSCAN22,-1
TP53,ABCC1,1
TP53,ACTA2,1
TP53,ADA,1
TP53,AIFM2,1
TP53,ALDH1A3,1
TP53,ALOX5,1
TP53,ANTXR1,1
TP53,APAF1,1
TP53,ARID3A,1
TP53,ASCC3,1
TP53,BAK1,1
TP53,BCL2L14,1
TP53,BCL6,1
TP53,BID,1
TP53,BIRC8,1
TP53,BNIP3L,1
TP53,BTG1,1
TP53,BTG2,1
TP53,BTG3,1
TP53,C12ORF5,1
TP53,CABLES1,1
TP53,CASP1,1
TP53,CASP10,1
TP53,CASP3,1
TP53,CASP6,1
TP53,CCNA1,1
TP53,CCNA2,1
TP53,CCNG1,1
TP53,CCNG2,1
TP53,CCNK,1
TP53,CDC25C,1
TP53,CDH13,1
TP53,CDKN1B,1
TP53,CHMP4C,1
TP53,COL18A1,1
TP53,CX3CL1,1
TP53,CYP24A1,1
TP53,DCC,1
TP53,DDIT4,1
TP53,DDR1,1
TP53,DKK1,1
TP53,DUSP11,1
TP53,DUSP5,1
TP53,EDN2,1
TP53,EEF1A1,1
TP53,EGR1,1
TP53,EI24,1
TP53,ELF4,-1
TP53,EPCAM,1
TP53,ESR1,1
TP53,FANCC,1
TP53,FBLN1,1
TP53,FBLN2,1
TP53,FDXR,1
TP53,FOS,1
TP53,FRMD5,1
TP53,GADD45G,1
TP53,GHR,1
TP53,GPNMB,1
TP53,GPX1,1
TP53,HGF,1
TP53,HIC1,1
TP53,HNRNPUL1,1
TP53,HRAS,-1
TP53,HTT,1
TP53,IER3,1
TP53,IL1B,1
TP53,ING1,1
TP53,INTS7,-1
TP53,IRF5,1
TP53,JAK2,1
TP53,KAT2B,1
TP53,KRT8,1
TP53,LIF,1
TP53,LIG1,1
TP53,LITAF,1
TP53,MAPK8,1
TP53,MDM4,1
TP53,MKI67,1
TP53,MLH1,1
TP53,MRPL27,1
TP53,MSH2,1
TP53,NDRG1,1
TP53,NFATC4,-1
TP53,NHLH2,1
TP53,NINJ1,1
TP53,NME1,1
TP53,NOS2,-1
TP53,P2RX6,1
TP53,PCBP4,1
TP53,PCNA,1
TP53,PLAGL1,1
TP53,PLK1,-1
TP53,PLK2,1
TP53,PLK3,1
TP53,PMS2,1
TP53,POLD1,1
TP53,PPM1D,1
TP53,PPM1J,1
TP53,PRDM1,1
TP53,PRKAB1,1
TP53,PRODH,1
TP53,PTPN13,1
TP53,PYCARD,1
TP53,RABGGTA,1
TP53,RAD51,1
TP53,RAD51B,1
TP53,RB1,-1
TP53,RCHY1,1
TP53,RELA,1
TP53,RHOA,1
TP53,RNF144B,1
TP53,RPS27L,1
TP53,RRM1,1
TP53,RRM2B,1
TP53,S100A2,1
TP53,SCN3B,1
TP53,SERPINB5,1
TP53,SERPINE1,1
TP53,SERTAD1,1
TP53,SESN1,1
TP53,SESN2,1
TP53,SH2D1A,1
TP53,SIAH1,1
TP53,SMPD3,1
TP53,STAT1,1
TP53,STEAP3,1
TP53,SYK,1
TP53,TAP1,1
TP53,TCEAL1,1
TP53,TGFA,1
TP53,TGFB1,1
TP53,TNFRSF10C,1
TP53,TNFRSF10D,1
TP53,TP53AIP1,1
TP53,TP53INP1,1
TP53,TP53TG5,1
TP53,TP63,-1
TP53,TP73,1
TP53,TRIAP1,1
TP53,TSC2,1
TP53,TYRP1,1
TP53,UBE2L3,1
TP53,VDR,1
TP53,XPC,1
TP53,ZMAT3,1
TP63,PPARA,1
TP63,SFN,1
TP63,ARNTL,1
TP63,BHLHE40,1
TP63,FOXN1,1
TP63,GRB10,1
TP63,KCTD1,1
TP63,KIAA1671,1
TP63,RGS20,1
TP63,SERPINB5,1
TP63,SYN3,1
TP63,THSD4,1
TP63,TP73,1
TP63,VAV3,1
TP63,ZNF750,1
TP73,CABLES1,1
TP73,CDK1,1
TP73,MDM2,1
TP73,HIPK2,1
TP73,ABCA13,1
TP73,CCDC88C,1
TP73,CEP68,1
TP73,CLIP1,1
TP73,DGKZ,1
TP73,FHOD3,1
TP73,FOXK2,1
TP73,FRMD6,1
TP73,KCNJ15,1
TP73,LGR6,1
TP73,MDM4,1
TP73,MEGF6,1
TP73,MYO5A,1
TP73,NDST1,1
TP73,OSBPL9,1
TP73,PLAC8,1
TP73,POU2AF1,1
TP73,RAPGEF4,1
TP73,RBM47,1
TP73,RIN3,1
TP73,SASH1,1
TP73,SBF2,1
TP73,SYNE1,1
TP73,TCF4,1
TP73,TLE4,1
TP73,TP53,1
TP73,UBASH3B,1
TP73,VAC14,1
TP73,VAV3,1
TWIST1,CD24,1
TWIST1,CDKN1A,1
TWIST1,CDKN2A,1
TWIST1,CLDN7,1
TWIST1,GLI1,1
TWIST1,MDM2,1
TWIST1,VEGFA,1
USF1,APEX1,1
USF1,APOA2,1
USF1,BRCA2,1
USF1,CCNB1,1
USF1,CDK4,1
USF1,CEBPA,1
USF1,CTSB,1
USF1,CYP1A2,1
USF1,CYP3A4,1
USF1,FASN,1
USF1,FBP1,1
USF1,HOXB7,1
USF1,ID4,1
USF1,IFNG,1
USF1,ISG20,1
USF1,MYH9,1
USF1,NUP188,1
USF1,OGN,1
USF1,PKLR,1
USF1,PTPN6,1
USF1,SF1,1
USF1,SLC1A3,1
USF1,TCN2,1
USF1,TRIM25,1
USF1,TYMS,1
USF2,APOA2,1
USF2,BRCA1,1
USF2,BRCA2,1
USF2,CTSB,1
USF2,CYP1A2,1
USF2,FBP1,1
USF2,MYH9,1
USF2,PKLR,1
USF2,PTGS2,1
USF2,PTPN6,1
USF2,SF1,1
USF2,TCN2,1
VDR,AMH,1
VDR,ASAP2,1
VDR,BGLAP,1
VDR,BHLHE40,1
VDR,CDKN1A,1
VDR,DDIT4,1
VDR,ELL,1
VDR,PLD1,1
VDR,PODXL,1
VDR,PTK2B,1
VDR,TRPV6,1
WT1,ABCB1,1
WT1,BCL2,1
WT1,CDKN1A,1
WT1,IL2RB,1
WT1,NPHS1,1
WT1,WTAP,1
XBP1,AMOTL1,1
XBP1,CACNB2,1
XBP1,CTNNA1,1
XBP1,DOCK1,1
XBP1,DTNA,1
XBP1,FANCC,1
XBP1,FRMD4B,1
XBP1,MYT1L,1
XBP1,PRNP,1
XBP1,PRPF31,1
XBP1,RAPGEF4,1
XBP1,RUNX1,1
XBP1,SND1,1
XBP1,SPEF2,1
XBP1,ZZEF1,1
YY1,ACTR5,1
YY1,ADA,1
YY1,ATP13A1,-1
YY1,ATXN10,1
YY1,CCDC43,1
YY1,CDK5RAP2,1
YY1,CETP,1
YY1,COQ5,1
YY1,COQ9,1
YY1,CPSF2,1
YY1,DEK,1
YY1,DLG1,1
YY1,DNAJA3,-1
YY1,EP300,1
YY1,FDPS,-1
YY1,HCFC1,1
YY1,HNRNPL,-1
YY1,HSF1,1
YY1,IRAK1,-1
YY1,KAT6A,-1
YY1,LDLR,-1
YY1,LSS,1
YY1,MANF,1
YY1,MKLN1,-1
YY1,MRPL46,1
YY1,MRPS10,-1
YY1,MRPS18B,-1
YY1,MRPS24,1
YY1,NOS2,1
YY1,NR3C1,1
YY1,OPRM1,1
YY1,PAK4,1
YY1,PPP2R1A,-1
YY1,PSMD8,-1
YY1,RAB3GAP1,1
YY1,RANBP10,-1
YY1,RAVER1,-1
YY1,RNF26,1
YY1,RNF40,1
YY1,RPRD2,-1
YY1,SNX27,-1
YY1,SPNS1,-1
YY1,SRP68,-1
YY1,TTC17,-1
YY1,WDR82,1
YY1,ZNF615,1
ZBED1,CIRBP,1
ZBED1,ECE1,1
ZBED1,ETV6,1
ZBED1,GATAD2B,1
ZBED1,MAD1L1,1
ZBED1,MSH6,1
ZBED1,NAA25,1
ZBED1,PARN,1
ZBED1,PTMA,1
ZBED1,RBM15,1
ZBED1,RFFL,1
ZBED1,RPL6,1
ZBED1,SLC1A4,1
ZBED1,SQSTM1,1
ZBED1,SRSF7,1
ZBED1,TCF3,1
ZBED1,TGIF1,1
ZBED1,USP48,1
ZBED1,ZC3H4,1
ZBED1,ZNF276,1
ZBTB11,ADAM17,1
ZBTB11,AP1AR,1
ZBTB11,AZIN1,1
ZBTB11,CEPT1,1
ZBTB11,CGGBP1,1
ZBTB11,ELK4,1
ZBTB11,FBXO28,1
ZBTB11,GABPA,1
ZBTB11,GNA13,1
ZBTB11,GTF3C3,1
ZBTB11,KDM5A,1
ZBTB11,PPP1R15B,1
ZBTB11,PPP4R2,1
ZBTB11,SEC22B,1
ZBTB11,UBE2D3,1
ZBTB11,UCHL5,1
ZBTB11,USPL1,1
ZBTB11,VCPIP1,1
ZBTB11,YY1,1
ZBTB11,ZNF131,1
ZBTB33,CUL3,1
ZBTB33,GTF2A1,1
ZBTB33,IREB2,1
ZBTB33,LSM14A,1
ZBTB33,NANP,1
ZBTB33,PURA,1
ZBTB33,RBM15,1
ZBTB33,RMI1,1
ZBTB33,SLC39A9,1
ZBTB33,UBE2D3,1
ZBTB33,YOD1,1
ZBTB33,ZZZ3,1
ZBTB7A,PNPLA6,-1
ZBTB7A,ABR,-1
ZBTB7A,ACAP3,-1
ZBTB7A,ACTB,-1
ZBTB7A,ADAM8,-1
ZBTB7A,AGRN,-1
ZBTB7A,AHDC1,-1
ZBTB7A,AHRR,-1
ZBTB7A,AKT1,-1
ZBTB7A,AP3D1,-1
ZBTB7A,ARHGAP23,-1
ZBTB7A,ASPSCR1,-1
ZBTB7A,ATP2B2,-1
ZBTB7A,BAIAP3,-1
ZBTB7A,BCAR1,-1
ZBTB7A,BCL9L,-1
ZBTB7A,BCR,-1
ZBTB7A,BHLHE40,-1
ZBTB7A,CDC42BPG,-1
ZBTB7A,CDC42EP4,-1
ZBTB7A,CIC,-1
ZBTB7A,COMT,-1
ZBTB7A,CUX1,-1
ZBTB7A,DAB2IP,-1
ZBTB7A,DNMT3A,-1
ZBTB7A,ECE1,-1
ZBTB7A,EFNA2,-1
ZBTB7A,EHD1,-1
ZBTB7A,EML2,-1
ZBTB7A,EPS8L2,-1
ZBTB7A,FBXL16,-1
ZBTB7A,FMNL1,-1
ZBTB7A,GATAD2A,-1
ZBTB7A,HS6ST1,-1
ZBTB7A,IGF2BP1,-1
ZBTB7A,KAZN,-1
ZBTB7A,KHSRP,-1
ZBTB7A,KIAA1522,-1
ZBTB7A,KRT8,-1
ZBTB7A,LAMA5,-1
ZBTB7A,LMNA,-1
ZBTB7A,LTBP3,-1
ZBTB7A,MARK4,-1
ZBTB7A,METRNL,-1
ZBTB7A,MGRN1,-1
ZBTB7A,MKNK2,-1
ZBTB7A,MNT,-1
ZBTB7A,MSLN,-1
ZBTB7A,MXRA8,-1
ZBTB7A,NACC2,-1
ZBTB7A,NCOR2,-1
ZBTB7A,NDRG2,-1
ZBTB7A,NFIC,-1
ZBTB7A,NOTCH1,-1
ZBTB7A,NPAS1,-1
ZBTB7A,NR2F6,-1
ZBTB7A,OBSL1,-1
ZBTB7A,PALM,-1
ZBTB7A,PCBP1,-1
ZBTB7A,PCDH1,-1
ZBTB7A,PDGFB,-1
ZBTB7A,PIAS4,-1
ZBTB7A,PIEZO1,-1
ZBTB7A,PLEC,-1
ZBTB7A,PLXNB2,-1
ZBTB7A,PPP1R9B,-1
ZBTB7A,PTBP1,-1
ZBTB7A,PTCH1,-1
ZBTB7A,PWWP2B,-1
ZBTB7A,RAI1,-1
ZBTB7A,RNF220,-1
ZBTB7A,RXRA,-1
ZBTB7A,SIGIRR,-1
ZBTB7A,SKI,-1
ZBTB7A,SLC19A1,-1
ZBTB7A,SLC22A23,-1
ZBTB7A,SRC,-1
ZBTB7A,SRCIN1,-1
ZBTB7A,STAT6,-1
ZBTB7A,SYNPO,-1
ZBTB7A,THRA,-1
ZBTB7A,TRIM8,-1
ZBTB7A,ZBTB7B,-1
ZBTB7A,ZFPM1,-1
ZBTB7A,ZNF710,-1
ZEB1,AR,-1
ZEB1,ITGB4,-1
ZEB1,LAMC2,-1
ZEB1,CSRP1,-1
ZEB1,FLNA,-1
ZEB1,ITGB1,-1
ZEB1,LAD1,-1
ZEB1,PHLDB1,-1
ZEB1,PXN,-1
ZEB1,SLC25A10,-1
ZEB1,TECR,-1
ZEB2,ACVR1,-1
ZEB2,ANXA4,-1
ZEB2,ARHGEF2,-1
ZEB2,ASAP1,-1
ZEB2,ATP2B4,-1
ZEB2,CREB3L2,-1
ZEB2,CREG1,-1
ZEB2,DENND1A,-1
ZEB2,DMXL2,-1
ZEB2,DOCK11,-1
ZEB2,EPB41L2,-1
ZEB2,FNDC3B,-1
ZEB2,FYN,-1
ZEB2,GAB2,-1
ZEB2,GTDC1,-1
ZEB2,HIP1,-1
ZEB2,IKZF1,-1
ZEB2,ITPR1,-1
ZEB2,LHFPL2,-1
ZEB2,LIMS1,-1
ZEB2,LTBP1,-1
ZEB2,LTBP4,-1
ZEB2,MAP4,-1
ZEB2,MBNL1,-1
ZEB2,MEF2C,-1
ZEB2,NFIA,-1
ZEB2,NSMAF,-1
ZEB2,PICALM,-1
ZEB2,PIK3CG,-1
ZEB2,PIP4K2A,-1
ZEB2,PRKAR2B,-1
ZEB2,PRKCB,-1
ZEB2,QKI,-1
ZEB2,RAB31,-1
ZEB2,RAB8B,-1
ZEB2,RELN,-1
ZEB2,SCN9A,-1
ZEB2,SERTAD2,-1
ZEB2,SGMS1,-1
ZEB2,SOX6,-1
ZEB2,SPTBN1,-1
ZEB2,ST3GAL2,-1
ZEB2,SUSD1,-1
ZEB2,TBC1D5,-1
ZEB2,TBL1XR1,-1
ZEB2,TCF4,-1
ZEB2,UTRN,-1
ZEB2,ZFPM2,-1
ZFX,ADD1,1
ZFX,ANP32B,1
ZFX,ARID1B,1
ZFX,ASH2L,1
ZFX,ATG16L2,1
ZFX,CARS2,1
ZFX,CDK13,1
ZFX,CELF1,1
ZFX,CGGBP1,1
ZFX,CREB1,1
ZFX,DDX6,1
ZFX,DERL2,1
ZFX,DGCR8,1
ZFX,FBXL5,1
ZFX,FCHSD2,1
ZFX,GABPA,1
ZFX,HHEX,1
ZFX,HNRNPF,1
ZFX,IFRD1,1
ZFX,KLHL21,1
ZFX,MAN2A2,1
ZFX,MCM7,1
ZFX,MRPL36,1
ZFX,MSH6,1
ZFX,MYADM,1
ZFX,MYO1C,1
ZFX,NAA38,1
ZFX,NIPBL,1
ZFX,NUP210,1
ZFX,PCGF5,1
ZFX,PHF12,1
ZFX,POGK,1
ZFX,PUM2,1
ZFX,QRICH1,1
ZFX,RBM33,1
ZFX,RNF4,1
ZFX,RPL22,1
ZFX,SEC22C,1
ZFX,SETD5,1
ZFX,SMAD2,1
ZFX,SMCHD1,1
ZFX,TEAD3,1
ZFX,UBE2D3,1
ZFX,UBXN2A,1
ZFX,USF2,1
ZFX,USP37,1
ZFX,ZBTB7A,1
ZFX,ZMYND8,1
ZFX,ZNF143,1
ZFX,ZNF398,1
ZKSCAN1,ABLIM2,1
ZKSCAN1,ACTB,1
ZKSCAN1,ALDH3B1,1
ZKSCAN1,ARHGAP22,1
ZKSCAN1,ARHGEF19,1
ZKSCAN1,BAZ2A,1
ZKSCAN1,CAPZB,1
ZKSCAN1,CHD9,1
ZKSCAN1,CRB2,1
ZKSCAN1,CYTH1,1
ZKSCAN1,DAB2IP,1
ZKSCAN1,EGLN3,1
ZKSCAN1,ELAVL1,1
ZKSCAN1,EPHB4,1
ZKSCAN1,FHAD1,1
ZKSCAN1,GABBR2,1
ZKSCAN1,GAS2L1,1
ZKSCAN1,HOOK2,1
ZKSCAN1,IQCG,1
ZKSCAN1,LTBP3,1
ZKSCAN1,MED15,1
ZKSCAN1,MSI2,1
ZKSCAN1,MYEOV,1
ZKSCAN1,NFASC,1
ZKSCAN1,PIP5KL1,1
ZKSCAN1,PRR5,1
ZKSCAN1,PTPRF,1
ZKSCAN1,RAB11FIP5,1
ZKSCAN1,RAI1,1
ZKSCAN1,RALGDS,1
ZKSCAN1,RAPGEF3,1
ZKSCAN1,RHOD,1
ZKSCAN1,SMOX,1
ZKSCAN1,SPAG9,1
ZKSCAN1,SULT2B1,1
ZKSCAN1,TICAM1,1
ZKSCAN1,TTC7B,1
ZKSCAN1,UBE2L3,1
ZKSCAN1,UBE2V1,1
ZNF143,ESCO2,1
ZNF143,CDYL,1
ZNF143,CTIF,1
ZNF143,DENND1A,1
ZNF143,DGKI,1
ZNF143,DIP2C,1
ZNF143,DLG4,1
ZNF143,DNAJB6,1
ZNF143,DOCK4,1
ZNF143,DPYSL5,1
ZNF143,FBXL19,1
ZNF143,FNDC3B,1
ZNF143,FRMD4A,1
ZNF143,FTO,1
ZNF143,GATAD2A,1
ZNF143,ITPR1,1
ZNF143,KCNN3,1
ZNF143,LMNA,1
ZNF143,MAP4K4,1
ZNF143,MED13L,1
ZNF143,MGRN1,1
ZNF143,MRPS22,1
ZNF143,MSI2,1
ZNF143,NCOA1,1
ZNF143,NUCB1,1
ZNF143,OSBP2,1
ZNF143,PACRG,1
ZNF143,PARD3,1
ZNF143,PCBP1,1
ZNF143,PDE4A,1
ZNF143,PLEC,1
ZNF143,PNPLA6,1
ZNF143,PRDM11,1
ZNF143,PRKCE,1
ZNF143,PRPF31,1
ZNF143,RABGAP1L,1
ZNF143,RPTOR,1
ZNF143,SLC38A1,1
ZNF143,SPTBN1,1
ZNF143,SYN3,1
ZNF143,TALDO1,1
ZNF143,TARBP1,1
ZNF143,TPD52L1,1
ZNF143,USP7,1
ZNF143,VAMP7,1
ZNF143,VASP,1
ZNF143,WWC1,1
ZNF143,ZMIZ1,1
ZNF217,ARID5B,1
ZNF217,FMN1,1
ZNF217,FNDC3B,1
ZNF217,IL1R1,1
ZNF217,IQGAP1,1
ZNF217,OSBPL8,1
ZNF217,SERINC5,1
ZNF217,TET3,1
ZNF217,USP32,1
ZNF217,VAV3,1
ZNF24,ADCK1,-1
ZNF24,AKAP9,-1
ZNF24,CLEC16A,-1
ZNF24,CRTC1,-1
ZNF24,CSMD2,-1
ZNF24,DNAJC6,-1
ZNF24,FCHO1,-1
ZNF24,KCNB1,-1
ZNF24,MUC4,-1
ZNF24,MYEOV,-1
ZNF24,NCS1,-1
ZNF24,OTUD3,-1
ZNF24,RB1CC1,-1
ZNF24,SGK1,-1
ZNF24,SNX8,-1
ZNF24,SULT2B1,-1
ZNF24,TBXAS1,-1
ZNF24,TRPV4,-1
ZNF24,USP31,-1
ZNF24,ZNF131,-1
ZNF263,AATK,-1
ZNF263,ABCA7,-1
ZNF263,ABR,-1
ZNF263,ACOT7,-1
ZNF263,ACSF3,-1
ZNF263,ADCY3,-1
ZNF263,AGAP1,-1
ZNF263,AGAP3,-1
ZNF263,AGPAT2,-1
ZNF263,AGPAT3,-1
ZNF263,AGRN,-1
ZNF263,AHDC1,-1
ZNF263,AHRR,-1
ZNF263,AKT2,-1
ZNF263,ANK1,-1
ZNF263,ANKRD11,-1
ZNF263,ANO7,-1
ZNF263,AP2A2,-1
ZNF263,APBA2,-1
ZNF263,ARAP1,-1
ZNF263,ARHGAP22,-1
ZNF263,ARHGAP23,-1
ZNF263,ARHGEF1,-1
ZNF263,ARHGEF16,-1
ZNF263,ARHGEF17,-1
ZNF263,ARID1B,-1
ZNF263,ASAP1,-1
ZNF263,ASAP2,-1
ZNF263,ASS1,-1
ZNF263,ATP11A,-1
ZNF263,ATP2B2,-1
ZNF263,BAHCC1,-1
ZNF263,BAIAP2,-1
ZNF263,BCOR,-1
ZNF263,BCR,-1
ZNF263,BIN1,-1
ZNF263,C2CD2,-1
ZNF263,CACNA1A,-1
ZNF263,CACNA1I,-1
ZNF263,CAMK2B,-1
ZNF263,CASZ1,-1
ZNF263,CBFA2T3,-1
ZNF263,CBX8,-1
ZNF263,CCNY,-1
ZNF263,CDC42EP4,-1
ZNF263,CDH22,-1
ZNF263,CDH23,-1
ZNF263,CHD5,-1
ZNF263,CHST8,-1
ZNF263,CLIP2,-1
ZNF263,CLTCL1,-1
ZNF263,COL13A1,-1
ZNF263,COL16A1,-1
ZNF263,COL18A1,-1
ZNF263,COL27A1,-1
ZNF263,CPNE5,-1
ZNF263,CRTC1,-1
ZNF263,CSNK1D,-1
ZNF263,CTNNA1,-1
ZNF263,CUX1,-1
ZNF263,CUX2,-1
ZNF263,CXXC5,-1
ZNF263,DCAKD,-1
ZNF263,DENND1A,-1
ZNF263,DGCR8,-1
ZNF263,DGKZ,-1
ZNF263,DIP2C,-1
ZNF263,DLG5,-1
ZNF263,DLGAP4,-1
ZNF263,DNAH17,-1
ZNF263,DNAJB12,-1
ZNF263,DNAJB6,-1
ZNF263,DNM1,-1
ZNF263,DPP6,-1
ZNF263,DYSF,-1
ZNF263,EHD1,-1
ZNF263,ELL,-1
ZNF263,EPB41L1,-1
ZNF263,EPHA2,-1
ZNF263,EPHB2,-1
ZNF263,EPHB4,-1
ZNF263,ERGIC1,-1
ZNF263,FADS2,-1
ZNF263,FAM102A,-1
ZNF263,FAM178B,-1
ZNF263,FAM78A,-1
ZNF263,FBLN2,-1
ZNF263,FBRS,-1
ZNF263,FBRSL1,-1
ZNF263,FGFR3,-1
ZNF263,FIBCD1,-1
ZNF263,FLNC,-1
ZNF263,FRMD1,-1
ZNF263,FTCD,-1
ZNF263,GABBR2,-1
ZNF263,GAK,-1
ZNF263,GLI2,-1
ZNF263,GNAO1,-1
ZNF263,GNAZ,-1
ZNF263,GRIP2,-1
ZNF263,GRM4,-1
ZNF263,GSN,-1
ZNF263,HDAC4,-1
ZNF263,HDAC5,-1
ZNF263,HK1,-1
ZNF263,HPCAL1,-1
ZNF263,HSPG2,-1
ZNF263,IGF1R,-1
ZNF263,IGSF21,-1
ZNF263,IQSEC1,-1
ZNF263,IQSEC2,-1
ZNF263,ITGB2,-1
ZNF263,ITPK1,-1
ZNF263,ITPKB,-1
ZNF263,ITPR1,-1
ZNF263,KCNAB2,-1
ZNF263,KCNH2,-1
ZNF263,KCNN3,-1
ZNF263,KCNQ1,-1
ZNF263,KCNQ2,-1
ZNF263,KCP,-1
ZNF263,KDM2B,-1
ZNF263,KIAA0513,-1
ZNF263,KIAA1522,-1
ZNF263,KIF1A,-1
ZNF263,KLHL29,-1
ZNF263,KSR1,-1
ZNF263,LAMA5,-1
ZNF263,LAMC3,-1
ZNF263,LDLRAP1,-1
ZNF263,LGR6,-1
ZNF263,LHFPL2,-1
ZNF263,LINGO1,-1
ZNF263,LMNA,-1
ZNF263,LPCAT1,-1
ZNF263,LTBP3,-1
ZNF263,LTBP4,-1
ZNF263,MACF1,-1
ZNF263,MAD1L1,-1
ZNF263,MAP2K2,-1
ZNF263,MCF2L,-1
ZNF263,MDGA1,-1
ZNF263,MED15,-1
ZNF263,MEGF11,-1
ZNF263,MEGF6,-1
ZNF263,MGAT3,-1
ZNF263,MICAL3,-1
ZNF263,MICALL2,-1
ZNF263,MKNK2,-1
ZNF263,MLXIPL,-1
ZNF263,MSI2,-1
ZNF263,MYO18A,-1
ZNF263,MYO7A,-1
ZNF263,MYOM3,-1
ZNF263,MYT1L,-1
ZNF263,NACC2,-1
ZNF263,NADK,-1
ZNF263,NCOR2,-1
ZNF263,NCS1,-1
ZNF263,NDST1,-1
ZNF263,NEDD4L,-1
ZNF263,NFASC,-1
ZNF263,NFIC,-1
ZNF263,NFIX,-1
ZNF263,NOTCH1,-1
ZNF263,NRXN2,-1
ZNF263,NTNG2,-1
ZNF263,NTRK1,-1
ZNF263,NUP210,-1
ZNF263,OBSCN,-1
ZNF263,OSBPL5,-1
ZNF263,PACSIN1,-1
ZNF263,PCBP3,-1
ZNF263,PCSK6,-1
ZNF263,PDE2A,-1
ZNF263,PDGFRB,-1
ZNF263,PDXK,-1
ZNF263,PFKL,-1
ZNF263,PFKP,-1
ZNF263,PGBD5,-1
ZNF263,PI4KA,-1
ZNF263,PIEZO1,-1
ZNF263,PIP5K1C,-1
ZNF263,PITPNM2,-1
ZNF263,PITPNM3,-1
ZNF263,PLA2G6,-1
ZNF263,PLCG2,-1
ZNF263,PLCH2,-1
ZNF263,PLEC,-1
ZNF263,PLEKHG5,-1
ZNF263,PLXNA2,-1
ZNF263,PLXND1,-1
ZNF263,PNPLA7,-1
ZNF263,POLE,-1
ZNF263,POR,-1
ZNF263,PPARGC1B,-1
ZNF263,PPIL2,-1
ZNF263,PPM1F,-1
ZNF263,PRDM16,-1
ZNF263,PRKAG2,-1
ZNF263,PRKAR1B,-1
ZNF263,PRKCE,-1
ZNF263,PRKCZ,-1
ZNF263,PRR5,-1
ZNF263,PSD4,-1
ZNF263,PTK7,-1
ZNF263,PTPRF,-1
ZNF263,PTPRU,-1
ZNF263,PXN,-1
ZNF263,RAB11FIP3,-1
ZNF263,RADIL,-1
ZNF263,RALGDS,-1
ZNF263,RALGPS1,-1
ZNF263,RAP1GAP,-1
ZNF263,RASGEF1A,-1
ZNF263,RBFOX3,-1
ZNF263,RBM19,-1
ZNF263,RET,-1
ZNF263,RGS12,-1
ZNF263,RGS3,-1
ZNF263,RNF220,-1
ZNF263,ROR2,-1
ZNF263,RPH3AL,-1
ZNF263,RPS6KA1,-1
ZNF263,RPS6KA2,-1
ZNF263,RPTOR,-1
ZNF263,RTN4R,-1
ZNF263,RUNX1,-1
ZNF263,RXRA,-1
ZNF263,RYR1,-1
ZNF263,SARDH,-1
ZNF263,SBNO2,-1
ZNF263,SCARB1,-1
ZNF263,SDC3,-1
ZNF263,SDK2,-1
ZNF263,SEC14L1,-1
ZNF263,SH3TC1,-1
ZNF263,SKI,-1
ZNF263,SLC12A7,-1
ZNF263,SLC22A23,-1
ZNF263,SLC25A10,-1
ZNF263,SLC38A10,-1
ZNF263,SLC6A6,-1
ZNF263,SLC9A1,-1
ZNF263,SMAD3,-1
ZNF263,SMAD7,-1
ZNF263,SMARCD3,-1
ZNF263,SMOC2,-1
ZNF263,SND1,-1
ZNF263,SOGA1,-1
ZNF263,SORCS2,-1
ZNF263,SPEG,-1
ZNF263,SPSB1,-1
ZNF263,SRC,-1
ZNF263,SSBP3,-1
ZNF263,STK32C,-1
ZNF263,STX1A,-1
ZNF263,SYNJ2,-1
ZNF263,SYNPO,-1
ZNF263,TACC2,-1
ZNF263,TACC3,-1
ZNF263,TBCD,-1
ZNF263,TBX1,-1
ZNF263,TCERG1L,-1
ZNF263,TCF3,-1
ZNF263,TESC,-1
ZNF263,TFEB,-1
ZNF263,TLE3,-1
ZNF263,TMEM132B,-1
ZNF263,TMEM201,-1
ZNF263,TNS1,-1
ZNF263,TNS3,-1
ZNF263,TOP3B,-1
ZNF263,TP73,-1
ZNF263,TRAPPC9,-1
ZNF263,TRIO,-1
ZNF263,TSNARE1,-1
ZNF263,TTC7A,-1
ZNF263,TTYH3,-1
ZNF263,TXNRD2,-1
ZNF263,UBAC1,-1
ZNF263,UNC5A,-1
ZNF263,VAV2,-1
ZNF263,WDR86,-1
ZNF263,WNK2,-1
ZNF263,WNT4,-1
ZNF263,WNT7A,-1
ZNF263,XXYLT1,-1
ZNF263,YEATS2,-1
ZNF263,ZBTB16,-1
ZNF263,ZBTB7C,-1
ZNF263,ZC3H18,-1
ZNF263,ZFYVE28,-1
ZNF263,ZMIZ1,-1
ZNF263,ZNF469,-1
ZNF263,ZNF608,-1
ZNF274,TNFRSF10B,-1
ZNF274,ZNF577,-1
ZNF274,CACNA1D,-1
ZNF274,NAT1,-1
ZNF274,SLC25A37,-1
ZNF274,TJP2,-1
ZNF274,TNFAIP8,-1
ZNF274,ZNF12,-1
ZNF274,ZNF121,-1
ZNF274,ZNF26,-1
ZNF274,ZNF263,-1
ZNF274,ZNF317,-1
ZNF274,ZNF397,-1
ZNF274,ZNF529,-1
ZNF274,ZNF567,-1
ZNF274,ZNF84,-1
ZNF274,ZNF841,-1
ZNF274,ZSCAN18,-1
ZNF384,PANK2,1
ZNF384,ANKRD11,1
ZNF384,AP3D1,1
ZNF384,ARID1A,1
ZNF384,ATXN2,1
ZNF384,BRD4,1
ZNF384,CACNA1A,1
ZNF384,CDKAL1,1
ZNF384,CNOT1,1
ZNF384,CREBBP,1
ZNF384,CTSB,1
ZNF384,DENND5A,1
ZNF384,DYRK1A,1
ZNF384,EGLN3,1
ZNF384,EHBP1,1
ZNF384,EIF4G3,1
ZNF384,ELF1,1
ZNF384,FDFT1,1
ZNF384,FLNB,1
ZNF384,FOXP1,1
ZNF384,GON4L,1
ZNF384,GTF2I,1
ZNF384,HERPUD1,1
ZNF384,HM13,1
ZNF384,IGF2BP3,1
ZNF384,IGF2R,1
ZNF384,JMJD1C,1
ZNF384,KANSL1,1
ZNF384,KDM4C,1
ZNF384,KEAP1,1
ZNF384,KPNA6,1
ZNF384,MAP4K4,1
ZNF384,MED15,1
ZNF384,MEIS2,1
ZNF384,NDE1,1
ZNF384,NFAT5,1
ZNF384,NFIX,1
ZNF384,PHACTR4,1
ZNF384,PHF21A,1
ZNF384,PI4KA,1
ZNF384,PRPF31,1
ZNF384,PRRC2B,1
ZNF384,PTK2,1
ZNF384,RACGAP1,1
ZNF384,SAMD4A,1
ZNF384,SMAD7,1
ZNF384,SORBS1,1
ZNF384,SOX6,1
ZNF384,SPEN,1
ZNF384,SRPK2,1
ZNF384,TAOK3,1
ZNF384,TBC1D14,1
ZNF384,TCF4,1
ZNF384,TGIF1,1
ZNF384,THRAP3,1
ZNF384,TLE2,1
ZNF384,TNRC18,1
ZNF384,TRAPPC9,1
ZNF384,UBE2V1,1
ZNF384,USP34,1
ZNF384,USP7,1
ZNF384,VEGFA,1
ZNF384,ZMYND8,1
ZNF592,AHDC1,1
ZNF592,BCL9L,1
ZNF592,FBXL18,1
ZNF592,FTSJ3,1
ZNF592,LRRC41,1
ZNF592,PCIF1,1
ZNF592,PHF8,1
ZNF592,PREX1,1
ZNF592,PRPF8,1
ZNF592,SART3,1
ZNF592,WIPF2,1
ZNF592,ZNF646,1
ZNF639,AHCTF1,-1
ZNF639,CSDE1,-1
ZNF639,CTBS,-1
ZNF639,DNM1L,-1
ZNF639,EPM2A,-1
ZNF639,HIPK3,-1
ZNF639,HMGB1,-1
ZNF639,MAPK9,-1
ZNF639,MEF2A,-1
ZNF639,MTDH,-1
ZNF639,PDS5B,-1
ZNF639,PHF10,-1
ZNF639,PPP2R5C,-1
ZNF639,PTP4A2,-1
ZNF639,PTPN11,-1
ZNF639,RHEB,-1
ZNF639,RNF38,-1
ZNF639,SAMD8,-1
ZNF639,SEC22C,-1
ZNF639,SIN3A,-1
ZNF639,SLC30A5,-1
ZNF639,UBE3A,-1
ZNF639,URI1,-1
ZNF639,ZC3H7A,-1
ZNF639,ZNF143,-1
ZNF639,ZZZ3,-1
ZNF740,MBD6,1
ZNF740,SETD1B,1
ZNF740,ADNP,1
ZNF740,ANKRD11,1
ZNF740,BRD2,1
ZNF740,CASZ1,1
ZNF740,CIRBP,1
ZNF740,CREBBP,1
ZNF740,CUX1,1
ZNF740,DNMT1,1
ZNF740,FBXL19,1
ZNF740,FOXP1,1
ZNF740,HMGA1,1
ZNF740,HNRNPL,1
ZNF740,JUP,1
ZNF740,KDM2B,1
ZNF740,LARP1,1
ZNF740,MAP1A,1
ZNF740,MECP2,1
ZNF740,MEPCE,1
ZNF740,NFIA,1
ZNF740,PCBP4,1
ZNF740,PDGFA,1
ZNF740,PPFIA3,1
ZNF740,PPP2R1A,1
ZNF740,PRR12,1
ZNF740,RHOF,1
ZNF740,TAOK1,1
ZNF740,VAPB,1
ZNF740,WNK1,1
ZNF740,ZBTB7A,1
ZNF740,ZFP91,1
ZNF740,ZNF385A,1
ZNF740,ZNF512B,1
ZNF740,ZNF687,1
